age,juv_fel_count,decile_score,juv_misd_count,juv_other_count,v_decile_score,priors_count,sex_Male,label,c_jail_in,c_jail_out,c_offense_date,screening_date,in_custody,out_custody
29,0,10,0,0,7,7,1,1,0.4479258270749697,0.4483165575290863,0.9791225416036309,0.7174211248285323,0.9284401562141052,0.7405541561712846
49,0,5,0,0,4,10,1,1,0.3254316815178316,0.3615635291769404,0.9342410489157842,0.1056241426611797,0.9735814380886745,0.7987538114808431
30,0,7,0,0,6,4,0,1,0.19667262238767316,0.19673149272136134,0.8734241048915784,0.02194787379972565,0.8889271766597748,0.6916346281320429
40,0,1,0,0,1,0,1,0,0.3759951043252288,0.3762571222917617,0.9707513867876955,0.6021947873799726,0.9129336090052838,0.7193424366962747
43,0,2,0,0,1,2,0,0,0.3049892479307949,0.31879689928801946,0.9623802319717599,0.5102880658436214,0.903399954054675,0.7104600291661143
56,0,7,0,0,4,28,1,0,0.0687143434016472,0.11966588691169552,0.9346444780635401,0.20438957475994513,0.9164943716976798,0.7261036722789341
27,0,8,1,0,7,10,1,1,0.19999115883262467,0.19939986873507037,0.9500756429652042,0.3196159122085048,0.8901906730990122,0.6932255070926687
37,0,4,0,0,4,4,1,1,0.35443844727529317,0.35473361199934283,0.9682299546142209,0.5679012345679012,0.9318860555938433,0.7477131114941005
49,0,1,0,0,1,2,1,0,0.32287118926642155,0.323688203360478,0.9644982349974786,0.5171467764060357,0.9058120836204916,0.7112554686464272
27,0,6,0,0,5,2,1,1,0.4601873999738658,0.4594978307249885,0.8959152798789712,0.00823045267489712,0.9241902136457616,0.7322020416279995
60,0,1,0,0,1,1,1,0,0.35798174721032716,0.3581947675458007,0.9686333837619768,0.5733882030178327,0.910521479439467,0.7165583985151797
37,0,10,0,0,4,6,0,0,0.0012506845275330112,0.09126848788585128,0.9265758951084215,0.1522633744855967,0.923271307144498,0.7560652260373857
38,0,5,0,0,3,12,1,0,0.10410304753013369,0.10409150160866251,0.9387796268280383,0.1673525377229081,0.8765219388927177,0.6773167174864112
48,0,1,0,0,1,0,1,0,0.3099090467140886,0.3110272664478282,0.9629853756933938,0.49519890260631,0.9040891339306225,0.7092668699456449
37,0,1,0,0,1,1,1,1,0.5020582529640729,0.502425583680429,0.9855774079677256,0.803840877914952,0.9298185159660005,0.7388307039639401
22,0,7,0,0,6,1,1,0,0.2887265353138541,0.32539703379170354,0.9590519415027736,0.4430727023319616,0.9012175511141741,0.7115206151398648
33,0,2,0,0,1,0,1,0,0.2951970641285862,0.29908310762145585,0.9612708018154311,0.4732510288065844,0.9021364576154376,0.7074108444915816
22,0,8,0,1,8,0,1,1,0.4343736344272237,0.4345897624223594,0.9776096822995461,0.6954732510288066,0.9596829772570641,0.7747580538247382
30,0,2,0,0,2,0,1,1,0.29722057116583067,0.2972599074318278,0.9614725163893091,0.47599451303155005,0.9023661842407535,0.707145697998144
44,0,3,0,0,6,11,1,0,0.21374078303086996,0.3677125330031314,0.9516893595562279,0.34156378600823045,0.8912244429129336,0.7180167042290866
23,8,10,2,0,9,11,1,1,0.3573220463546319,0.3599452149782379,0.9685325264750378,0.5720164609053497,0.9575005743165633,0.770648283176455
27,0,7,0,0,6,6,1,1,0.24647874587633584,0.24736255359455597,0.9555219364599092,0.3936899862825789,0.8990351481736734,0.7033010738432984
37,0,1,0,0,1,0,1,1,0.5340158551667809,0.5341875419044904,0.989309127584468,0.8545953360768176,0.9340684585343442,0.7437359140925361
23,0,2,0,0,4,0,1,0,0.05411638625159342,0.05341656852793613,0.9329299041855774,0.08641975308641975,0.8698598667585573,0.6694948959300013
51,0,4,0,0,1,0,1,1,0.31245837577505836,0.3376570804601682,0.9632879475542108,0.5006858710562414,0.9129336090052838,0.7193424366962747
35,0,4,0,0,3,5,1,1,0.03260006168953834,0.22502538075756037,0.9304084720121029,0.053497942386831275,0.9223524006432345,0.7621635953864511
26,0,6,0,1,4,3,1,0,0.020006195173427763,0.02073424768934988,0.9288956127080181,0.03292181069958848,0.9681828623937514,0.7963674930399045
55,0,3,0,0,1,3,1,0,0.0815501551867207,0.08173544266058949,0.9360564800806859,0.13031550068587106,0.8735354927636113,0.6738698130717221
22,0,4,0,0,5,0,1,1,0.1099273428256802,0.11089261771523776,0.9394856278366112,0.17695473251028807,0.8773259820813232,0.6783773034601618
57,0,4,0,0,1,0,0,1,0.43368682012855525,0.43459804807024927,0.9774079677256682,0.6941015089163237,0.9206294509533655,0.728357417473154
22,0,5,0,0,6,0,1,1,0.02658788910434972,0.02668451518414023,0.929601613716591,0.04252400548696845,0.8822651045256146,0.6842105263157895
32,0,2,0,0,2,2,1,0,0.09212319621489186,0.09206574802675159,0.9373676248108926,0.14814814814814814,0.9019067309901218,0.7066154050112687
47,0,4,0,0,2,9,1,0,0.18551951258650218,0.2405067959251581,0.9483610690872416,0.29766803840877915,0.9864461291063634,0.8041893145963145
31,0,7,0,0,9,11,1,1,0.6019322588802262,0.6114494500123038,0.9971759959657085,0.9615912208504801,0.9486560992419021,0.7673339520084846
23,0,7,0,1,4,1,1,0,0.31607786150534767,0.31612623826350145,0.9005547150781644,0.5061728395061729,0.9048931771192281,0.7100623094259578
22,0,6,0,0,6,2,1,1,0.316121809118958,0.38313260059792376,0.9278870398386283,0.16186556927297668,0.9048931771192281,0.7204030226700252
61,0,2,0,0,1,3,1,1,0.5399384938001736,0.5399944994822414,0.9900151285930409,0.8628257887517147,0.9380886744773719,0.7482434044809757
37,0,4,0,0,3,4,1,1,0.024095220187028928,0.023466604005709386,0.929399899142713,0.038408779149519894,0.9487709625545601,0.7682619647355163
48,0,1,0,0,1,0,0,0,0.028641538742115613,0.042454050345086806,0.929904185577408,0.04663923182441701,0.8664139673788191,0.6677714437226567
26,0,6,0,0,4,0,1,1,0.5785224625588926,0.5788083090424265,0.994553706505295,0.9259259259259259,0.9400413507925569,0.7506297229219143
43,0,6,0,0,3,12,1,0,0.2524917725846364,0.29651358316230775,0.9562279374684821,0.4046639231824417,0.8963932919825408,0.7070131247514252
30,0,1,0,0,1,1,1,1,0.3597290546691529,0.35998950444861305,0.9688350983358548,0.5761316872427984,0.9107512060647829,0.7168235450086172
36,0,2,0,0,1,1,1,0,0.3269709206139147,0.32648518574341223,0.9650025214321735,0.522633744855967,0.9063864001837812,0.7116531883865835
31,0,5,0,0,5,5,1,0,0.08953779534993726,0.08950854275631256,0.9370650529500757,0.1440329218106996,0.8874339535952217,0.690176322418136
50,0,2,0,0,2,1,1,0,0.07832678394710571,0.07836535969711247,0.9357539082198689,0.1262002743484225,0.8730760395129795,0.6733395200848469
25,0,3,0,0,4,0,1,0,0.3674045724249273,0.36763774360587165,0.9697428139183056,0.5871056241426612,0.9117849758787043,0.7180167042290866
26,0,5,0,0,3,3,1,1,0.05695665348049557,0.05689975952645595,0.9332324760463944,0.09190672153635117,0.8760624856420859,0.6816916346281321
22,0,9,0,0,8,2,1,1,0.35049271631122186,0.396724977460107,0.967725668179526,0.5610425240054869,0.9240753503331036,0.7320694683812806
50,0,6,0,0,3,12,0,1,0.488630533862401,0.8612374332974299,0.9229450327786183,0.34705075445816186,0.9279807029634735,0.7942463210924036
29,0,1,0,0,1,2,1,0,0.37699392185137026,0.3768641105760841,0.9708522440746344,0.6035665294924554,0.9130484723179416,0.7194750099429935
31,0,2,0,0,2,3,0,1,0.01839807005519751,0.01802433415306606,0.9286938981341402,0.03017832647462277,0.9841488628532047,0.8014052764152194
24,0,8,0,0,4,4,1,0,0.05775235854427666,0.05772500608235105,0.9333333333333333,0.09327846364883402,0.888697450034459,0.6918997746254806
23,0,4,0,0,5,0,0,0,0.18561585965986574,0.18542209002805488,0.9483610690872416,0.299039780521262,0.8874339535952217,0.6899111759246984
47,0,1,0,0,1,0,1,0,0.3528566509985727,0.35278444810516424,0.9680282400403429,0.5651577503429356,0.9098322995635194,0.7157629590348668
25,0,9,0,1,8,4,1,1,0.36140785350906696,0.5065365664964622,0.9690368129097328,0.578875171467764,0.9522168619342982,0.7660082195412966
28,0,4,0,0,5,1,1,0,0.1256687324627296,0.13851953096596478,0.9412002017145739,0.20027434842249658,0.9680679990810935,0.7829775951213045
30,0,9,0,2,4,11,1,1,0.4986178649323677,0.49897986685917584,0.9851739788199697,0.7983539094650206,0.9431426602343211,0.7548720668169163
27,0,4,0,0,3,7,1,1,0.015561417952025116,0.016541014419024228,0.9283913262733232,0.02606310013717421,0.8904203997243281,0.6933580803393875
34,0,5,0,0,5,1,1,0,0.1247016863300208,0.1246406634224878,0.9412002017145739,0.20027434842249658,0.8792786583965082,0.6804984754076627
34,0,1,0,0,1,1,0,0,0.04054545255370445,0.04058773299497688,0.9313161875945537,0.06584362139917696,0.8680220537560304,0.6675062972292192
32,0,9,0,0,6,0,1,0,0.38355771892359714,0.3828761131020344,0.9715582450832073,0.6131687242798354,0.9147714220078107,0.7214636086437757
22,0,7,0,0,6,0,0,0,0.0124129115963411,0.011194446779957304,0.9278870398386283,0.019204389574759947,0.8642315644383184,0.6629988068407795
23,0,7,0,0,8,0,1,0,0.04803844618678276,0.04808791338664542,0.9322239031770045,0.07818930041152264,0.8690558235699517,0.6686994564496884
38,0,6,0,0,7,6,1,1,0.07585979831312871,0.2489568453752757,0.935451336359052,0.401920438957476,0.9331495520330806,0.7429404746122232
34,0,10,0,0,9,0,1,0,0.3229447630340205,0.32360676756221307,0.9644982349974786,0.5171467764060357,0.9058120836204916,0.7112554686464272
74,0,1,0,0,1,0,0,0,0.26552324808400074,0.265284251022982,0.9577407967725668,0.4252400548696845,0.8981162416724099,0.702240487869548
27,0,2,0,0,3,0,1,1,0.32540485609311715,0.32556716774867395,0.9648008068582955,0.5212620027434842,0.9779462439696761,0.795306907066154
32,0,5,1,2,4,11,1,1,0.7328049648309346,0.7331969917057783,0.9133635905194151,0.06721536351165981,0.9741557546519641,0.8003446904414689
36,0,5,0,0,2,0,1,0,0.3487915910904273,0.3487708166844217,0.967523953605648,0.5582990397805213,0.9092579830002298,0.7151000928012727
46,0,1,0,0,1,0,1,0,0.2739069530795712,0.27407204494032095,0.9587493696419567,0.438957475994513,0.8992648747989892,0.703566220336736
30,0,3,0,0,3,1,1,1,0.5733736197382925,0.5736668558953661,0.9939485627836612,0.9176954732510288,0.9527911784975879,0.7670688055150471
22,0,7,0,0,5,3,1,1,0.3252630219982089,0.32649537887858604,0.9646999495713565,0.5198902606310014,0.9122444291293361,0.7197401564364311
26,0,5,0,0,4,2,0,0,0.09621186368858568,0.09550943814276547,0.9378719112455874,0.15363511659807957,0.8754881690787962,0.6759909850192232
65,0,2,0,0,2,3,1,0,0.1847523312619954,0.20383437927716147,0.9482602118003026,0.2962962962962963,0.8934068458534344,0.6983958637147024
23,0,9,0,1,9,5,1,1,0.055076589467742354,0.0585264289168555,0.9330307614725164,0.08916323731138547,0.874109809326901,0.6763887047593795
35,0,8,0,0,6,0,1,1,0.3777230946973942,0.42613399051038986,0.9709531013615734,0.6049382716049383,0.9967838272455778,0.8161209068010076
26,0,6,0,0,3,1,1,1,0.24647407799421225,0.25692460852226173,0.9555219364599092,0.3950617283950617,0.8955892487939352,0.7009147554023598
24,0,6,0,0,4,0,1,1,0.5503228034155907,0.5511954436407598,0.9912254160363086,0.8806584362139918,0.9522168619342982,0.7646824870741085
26,0,4,0,0,2,3,1,1,0.5286761356939826,0.5281686942809428,0.9887039838628341,0.8449931412894376,0.9333792786583965,0.7428079013655045
22,0,7,0,0,7,0,1,0,0.006025798828323847,0.006420492914782539,0.9272818961169944,0.010973936899862825,0.9002986446129106,0.7066154050112687
33,0,4,0,0,3,1,1,1,0.2010334373208359,0.20100440332511196,0.9501765002521432,0.3223593964334705,0.947162876177349,0.7587166909717619
23,0,4,1,0,6,2,0,0,0.22653084957113237,0.22691205457352912,0.9532022188603126,0.3635116598079561,0.8929473926028026,0.6962746917672014
42,0,8,0,0,8,6,1,1,0.025259717733565255,0.02491551942483218,0.929500756429652,0.0411522633744856,0.9062715368711234,0.7124486278668964
33,0,1,0,0,1,0,1,0,0.34153568614257057,0.3416305254951621,0.9666162380231972,0.5473251028806584,0.9143119687571789,0.7215961818904945
27,0,2,0,0,3,1,1,0,0.049301008984570675,0.048121811025254646,0.9322239031770045,0.07818930041152264,0.8787043418332184,0.6798356091740687
27,0,8,0,0,6,0,0,1,0.29011990805940735,0.28951706882707884,0.9606656580937972,0.46364883401920437,0.9933379278658396,0.812939148879756
52,0,4,0,0,3,0,1,0,0.3416047509346714,0.35283052584486807,0.9667170953101362,0.5473251028806584,0.9083390764989663,0.7157629590348668
54,0,1,0,0,1,2,1,0,0.251713706156284,0.25174872125579345,0.9561270801815431,0.40329218106995884,0.8962784286698828,0.7001193159220469
30,0,5,0,0,5,4,0,1,0.3629775530189225,0.362523849676133,0.9691376701966717,0.6282578875171467,0.9578451642545371,0.8029961553758451
56,0,1,0,0,1,7,1,1,0.06641238229823494,0.06610662442615554,0.9343419062027232,0.10699588477366255,0.8714679531357684,0.6714834946307835
68,0,1,0,0,1,4,1,0,0.3467446850525804,0.3556371450125183,0.9637922339889057,0.5555555555555556,0.9090282563749138,0.7161606787750232
56,0,1,0,0,1,1,1,0,0.014049371752227903,0.013994856679104974,0.9281896116994452,0.023319615912208505,0.9540546749368252,0.7668036590216094
30,0,9,1,0,7,14,1,1,0.10216497266741485,0.10312762444047163,0.9385779122541603,0.1646090534979424,0.8762922122674018,0.6771841442396924
23,0,7,0,0,5,3,1,0,0.10653532199810661,0.10669008544440266,0.9390821986888552,0.17146776406035666,0.892373076039513,0.6956118255336073
38,0,1,0,0,1,0,0,0,0.001747962948655849,0.0010576122855056628,0.9267776096822995,0.0027434842249657062,0.8628532046864231,0.6614079278801538
40,0,3,0,0,1,1,1,0,0.19342731210207734,0.2286821133596048,0.9492687846696923,0.3100137174211248,0.9220078107052607,0.7306111626673737
36,0,1,0,0,1,9,0,1,0.33304000163435465,0.333078326127055,0.9657085224407463,0.53360768175583,0.9153457385711004,0.7221264748773697
36,1,10,2,0,9,14,1,1,0.10310964276092277,0.1040900511235403,0.9386787695410993,0.16598079561042525,0.8764070755800597,0.6773167174864112
23,0,8,0,0,6,2,0,1,0.11619609995270443,0.11612435859374037,0.9274836106908724,0.012345679012345678,0.9666896393291983,0.7815192894073976
47,0,9,0,0,2,7,0,1,0.49447433494622567,0.4944546215183104,0.9846696923852748,0.7914951989026063,0.976223294279807,1.0
23,0,6,0,0,6,0,0,0,0.06023811502338892,0.060340191018359676,0.9336359051941503,0.09739368998628258,0.8706639099471629,0.6705554819037518
22,0,6,0,0,8,0,1,1,0.18547043030255594,0.18546799887565546,0.9483610690872416,0.2962962962962963,0.8874339535952217,0.6899111759246984
31,0,1,0,0,2,0,1,0,0.0467271983716123,0.046375506416762385,0.9319213313161876,0.07544581618655692,0.8688260969446359,0.6684343099562509
34,0,4,0,0,3,3,1,1,0.056022649994223246,0.056055140052832825,0.9331316187594554,0.09053497942386832,0.8806570181484034,0.7038313668301737
22,0,3,0,0,5,0,1,1,0.2499409736373809,0.2498363559704685,0.9559253656076652,0.40054869684499317,0.9649666896393292,0.7793981174598966
25,0,2,1,1,3,2,1,1,0.44641346306192153,0.4464028411069351,0.9790216843166919,0.7146776406035665,0.9223524006432345,0.7302134429272172
25,0,7,0,0,3,4,1,1,0.47910541250764577,0.4792139372068499,0.9828542612203732,0.766803840877915,0.9618653801975648,0.777674665252552
37,0,9,0,0,4,23,1,1,0.06368198906919063,0.0776752268238333,0.9340393343419062,0.102880658436214,0.8738800827015851,0.6834150868354766
39,0,1,1,0,2,3,1,1,0.5959070062934274,0.5948726702067048,0.9314170448814927,0.5171467764060357,0.9423386170457156,0.7531486146095718
31,0,2,0,0,2,0,1,0,0.03273576794770137,0.03200933548120376,0.9304084720121029,0.05212620027434842,0.9303928325292902,0.7400238631844094
44,0,4,0,0,4,4,1,0,0.004409480087217093,0.004631468538992602,0.9270801815431164,0.006858710562414266,0.8631977946243969,0.661938220867029
59,0,1,0,0,1,0,1,0,0.1991753222857276,0.1994076775111392,0.9499747856782652,0.3196159122085048,0.8892717665977486,0.6920323478721994
30,0,3,0,0,2,2,0,0,0.20536200414068953,0.2053727479020397,0.9506807866868381,0.3292181069958848,0.8900758097863543,0.692960360599231
41,0,4,0,0,2,1,1,1,0.4789611550866989,0.528047429750795,0.9828542612203732,0.766803840877915,0.9267172065242362,0.7428079013655045
53,0,3,0,0,1,1,0,0,0.09038617796006619,0.09041439058478583,0.9371659102370147,0.14540466392318244,0.8746841258901906,0.6751955455389103
33,0,6,0,0,7,7,1,1,0.0507575967720741,0.051617976911237436,0.9325264750378215,0.0823045267489712,0.9022513209280956,0.724115073578152
55,0,1,0,0,1,0,1,0,0.23613856264448274,0.2363074030604779,0.9543116490166415,0.3786008230452675,0.9061566735584654,0.716293252021742
31,0,3,0,0,2,7,1,0,0.3708131195415512,0.37111957353273567,0.9701462430660616,0.5939643347050755,0.9122444291293361,0.7185469972159618
43,0,1,0,0,1,1,1,0,0.3572797076706046,0.35732565871720345,0.9685325264750378,0.5747599451303155,0.9104066161268091,0.7164258252684608
37,0,2,0,0,1,2,0,0,0.3109589129936666,0.31169414188500416,0.9407967725668179,0.49794238683127573,0.9042039972432805,0.7093994431923638
26,0,6,0,0,4,0,1,0,0.20250663085070236,0.2018874407848142,0.9503782148260211,0.32510288065843623,0.8897312198483804,0.6924300676123558
55,0,1,0,0,1,1,1,0,0.17108253777972743,0.1708226989675397,0.9466464952092789,0.27709190672153633,0.8854812772800368,0.6876574307304786
56,0,1,0,0,1,2,1,0,0.14334320133545922,0.14354418032136967,0.9434190620272315,0.2825788751714678,0.8818056512749828,0.6834150868354766
57,0,1,0,0,1,0,1,0,0.3324558708107409,0.3358164446445849,0.9656076651538074,0.532235939643347,0.9070755800597289,0.7131114941004906
21,0,4,0,0,7,0,1,1,0.11421843747691199,0.11425858765925867,0.9399899142713061,0.18244170096021947,0.8779002986446129,0.678907596447037
35,0,2,0,0,2,7,1,1,0.5922096364533229,0.5925218312168024,0.9961674230963187,0.9478737997256516,0.9430277969216633,0.7539440540898846
34,0,10,0,0,5,9,1,1,0.18196028226226343,0.1958319237051979,0.9479576399394857,0.29218106995884774,0.8869745003445899,0.6915020548853241
43,0,4,0,0,1,0,1,1,0.23527460718505644,0.23542864751233505,0.9542107917297025,0.38271604938271603,0.8982311049850678,0.7100623094259578
49,0,1,0,0,1,0,1,0,0.06213895607742412,0.062011199553282374,0.9338376197680283,0.10425240054869685,0.8708936365724788,0.6708206283971895
23,0,8,0,0,5,6,1,0,0.08074387290068084,0.10931053584010146,0.9360564800806859,0.13031550068587106,0.8734206294509533,0.6781121569667241
22,0,3,0,0,5,0,1,0,0.0851774372733228,0.08521511672942945,0.9365607665153808,0.13717421124828533,0.8739949460142431,0.6744001060585973
36,0,4,0,0,2,0,1,0,0.06553251631293208,0.06797840593254774,0.9342410489157842,0.1056241426611797,0.8713530898231105,0.6717486411242212
34,0,1,0,0,1,0,1,0,0.08693323630494781,0.08694561502402158,0.9367624810892587,0.13991769547325103,0.8742246726395589,0.674665252552035
19,0,10,1,3,10,1,1,1,0.5828292988977114,0.5891470788834113,0.9950579929399899,0.9327846364883402,0.9442912933609006,0.7554023598037916
32,0,3,0,0,2,0,1,0,0.09527277519029788,0.09536592952913409,0.9376701966717095,0.1522633744855967,0.881461061337009,0.6835476600821954
38,0,5,0,0,2,2,0,1,0.1331862275111247,0.13323314852463955,0.9422087745839637,0.2606310013717421,0.9022513209280956,0.7079411374784569
31,0,2,0,0,1,1,1,0,0.11177924063906643,0.11365601043928052,0.9396873424104891,0.2812071330589849,0.8775557087066391,0.6787750232003181
31,0,1,0,0,1,0,1,1,0.5914818838352642,0.591672949701279,0.9960665658093797,0.9465020576131687,0.9794394670342292,0.7961023465464669
59,0,3,0,0,1,4,1,1,0.27138166857736984,0.27149344004691467,0.9584467977811397,0.43621399176954734,0.9587640707558006,0.7778072384992708
24,0,3,0,0,3,0,0,0,0.1976389335772391,0.19766060792076742,0.9497730711043872,0.3168724279835391,0.8890420399724328,0.6917672013787618
41,0,10,0,0,8,13,1,1,0.29460983462577556,0.2944198277580709,0.9611699445284921,0.4718792866941015,0.958189754192511,0.7743603340845817
22,0,2,0,0,4,0,1,1,0.19401068811922,0.19432185940986177,0.9493696419566313,0.3113854595336077,0.9294739260280267,0.7384329842237837
45,0,1,0,0,1,0,1,1,0.23683546751386939,0.2389167363818497,0.9544125063035804,0.37997256515775035,0.8943257523546979,0.6981307172212647
54,0,3,0,0,2,3,1,1,0.5038817958764744,0.5108747588655415,0.9857791225416036,0.8065843621399177,0.9597978405697221,0.7774095187591145
22,0,3,0,0,6,0,1,1,0.0859346273437523,0.14607488940125454,0.9366616238023198,0.13854595336076816,0.9369400413507926,0.7597772769455124
50,0,5,0,0,1,2,1,1,0.03017511678966586,0.030063241449372818,0.9323247604639435,0.08641975308641975,0.8828394210889042,0.68527111228954
41,0,2,0,0,1,0,1,0,0.04118527021788611,0.04053270397379971,0.9313161875945537,0.06584362139917696,0.8681369170686882,0.6675062972292192
35,0,6,0,0,8,29,1,0,0.14436365995765874,0.17086155408612141,0.9435199193141705,0.36899862825788754,0.9974730071215254,0.817976932255071
30,0,9,0,0,8,5,1,0,0.048951533588475794,0.04930568506019896,0.9323247604639435,0.07956104252400549,0.9523317252469561,0.7668036590216094
25,0,5,0,0,5,2,1,1,0.34505224010620283,0.3453659618173303,0.9671205244578921,0.5857338820301783,0.9245348035837354,0.73326262760175
23,0,2,0,0,4,0,1,1,0.12204381411218158,0.1219143474825276,0.9408976298537569,0.19615912208504802,0.8789340684585344,0.6801007556675063
24,0,10,0,0,6,0,1,0,0.01658225397746015,0.01656281143517565,0.9284921835602622,0.027434842249657063,0.864805881001608,0.6637942463210924
34,2,9,1,3,6,21,1,1,0.008609362335421276,0.03635024999359452,0.9275844679778114,0.013717421124828532,0.9228118538938663,0.7542092005833223
24,0,2,0,0,3,0,1,0,0.007759400590701612,0.007067826542127219,0.9273827534039334,0.012345679012345678,0.8636572478750287,0.6623359406071855
41,2,9,1,0,5,9,1,0,0.04052096107005179,0.04053894304679109,0.9313161875945537,0.06584362139917696,0.9773719274063865,0.7937160281055283
34,0,1,0,0,2,3,1,0,0.18216213340328402,0.18198133068677422,0.9479576399394857,0.29218106995884774,0.8869745003445899,0.6893808829378232
20,0,4,0,0,6,1,1,0,0.3367693712961659,0.3365089320724803,0.9661119515885023,0.5679012345679012,0.9076498966230186,0.7132440673472094
31,0,2,0,0,2,0,0,0,0.06902230444183446,0.07155106007165257,0.9345436207766011,0.10973936899862825,0.8718125430737422,0.6722789341110964
32,0,9,0,0,6,14,1,1,0.10990238455381518,0.11089208123443914,0.9394856278366112,0.17695473251028807,0.9248793935217091,0.7335277740951875
52,0,1,0,0,1,1,1,0,0.008899049113677936,0.008588560844458132,0.9275844679778114,0.015089163237311385,0.8637721111876866,0.662601087100623
24,0,4,0,0,4,1,1,0,0.33208421800872695,0.362591078668064,0.9655068078668684,0.5802469135802469,0.9070755800597289,0.7172212647487737
33,0,2,2,0,2,2,1,0,0.22425078778704458,0.24224325511751268,0.9528996469994957,0.38820301783264743,0.8926028026648288,0.69866101020814
42,0,1,0,0,1,3,1,0,0.0011355964040264913,0.0012237027668271945,0.9266767523953605,0.0027434842249657062,0.8627383413737653,0.6614079278801538
19,0,10,0,0,7,2,0,1,0.5664742118730443,0.58492839257964,0.9931417044881493,0.9080932784636488,0.941649437169768,0.7587166909717619
48,0,6,0,0,1,18,1,1,0.22744467191596826,0.3418188103858192,0.940695915279879,0.29766803840877915,0.8930622559154606,0.7140395068275222
24,0,9,0,1,4,2,0,0,0.31848141360076443,0.3178667409315049,0.9638930912758447,0.5116598079561042,0.9052377670572019,0.7103274559193955
52,0,7,0,0,7,0,1,1,0.028410389192021487,0.03178208618883931,0.929904185577408,0.04663923182441701,0.8726165862623478,0.6734720933315657
39,0,4,0,2,3,10,0,1,0.3220881868010151,0.3219351430678549,0.9643973777105396,0.5157750342935528,0.9978175970594992,0.8173140660214768
30,0,5,0,0,3,3,1,0,0.2696117367877409,0.27069837550335685,0.9582450832072618,0.43209876543209874,0.8986905582356995,0.7030359273498608
60,0,1,0,0,1,0,1,1,0.41983407546203516,0.4217575391125052,0.9758951084215834,0.6803840877914952,0.9615207902595911,0.7772769455123956
22,0,8,0,1,6,0,1,1,0.4894925824423215,0.4895364834710912,0.9840645486636409,0.7832647462277091,0.9913852515506547,0.8151928940739759
34,0,5,0,0,5,5,0,1,0.22674660504188276,0.24733709062628062,0.9532022188603126,0.4348422496570645,0.9132781989432576,0.722656767864245
45,0,4,0,0,3,2,1,0,0.0317769750278536,0.03349856643886003,0.9303076147251639,0.05075445816186557,0.8668734206294509,0.6664457112554687
37,0,1,0,0,1,0,0,0,0.2926246936069213,0.29273311225754406,0.9608673726676752,0.4691358024691358,0.9017918676774638,0.70648283176455
45,0,6,0,0,3,1,1,0,0.3101188829130397,0.33233850917092567,0.9629853756933938,0.49657064471879286,0.9040891339306225,0.7125812011136152
42,0,2,0,0,1,2,0,0,0.28158213315876646,0.281845671582013,0.9596570852244075,0.4513031550068587,0.9002986446129106,0.7047593795572054
55,0,3,0,0,1,0,1,0,0.2672202913908532,0.26698622642178066,0.9579425113464448,0.4279835390946502,0.8983459682977257,0.7025056343629855
49,0,3,0,0,1,1,1,1,0.06092152276127356,0.0767019016326889,0.9337367624810893,0.09739368998628258,0.879508385021824,0.6893808829378232
46,0,1,0,0,1,0,1,0,0.224240121179809,0.22785874448650487,0.9528996469994957,0.35939643347050754,0.9013324144268321,0.7059525387776747
32,0,1,0,0,2,0,1,0,0.08416809218324306,0.08415773294500468,0.9364599092284418,0.1440329218106996,0.8738800827015851,0.6742675328118786
25,0,8,0,0,7,7,1,1,0.35964619479562726,0.4681058141613227,0.9688350983358548,0.5761316872427984,0.9107512060647829,0.7335277740951875
26,0,4,0,0,4,2,1,0,0.12806497485337412,0.15208805430226852,0.9416036308623298,0.24417009602194786,0.8797381116471399,0.6847408193026647
29,0,1,0,0,1,0,1,0,0.3064402839180705,0.30558590066467883,0.9625819465456379,0.4897119341563786,0.9036296806799908,0.7084714304653321
60,0,1,0,0,1,4,1,0,0.1321354276551219,0.13666681439758288,0.9420070600100857,0.23182441700960219,0.8992648747989892,0.7043616598170489
28,0,3,0,0,4,2,1,0,0.09808081416921913,0.13937800952688564,0.9380736258194654,0.15775034293552812,0.8757178957041121,0.6827522206018826
26,0,5,0,0,4,1,0,0,0.2130257330111859,0.2137539887223192,0.9515885022692889,0.34156378600823045,0.9473926028026648,0.7609704361659817
60,0,1,0,0,1,3,1,0,0.2981085314573691,0.29811930993190183,0.9615733736762481,0.4773662551440329,0.9024810475534114,0.7072782712448628
27,0,8,0,0,5,4,1,0,0.0594425787978974,0.08697205160559811,0.9335350479072113,0.09602194787379972,0.8705490466345049,0.674665252552035
32,0,4,0,0,2,4,1,1,0.02583730359054188,0.026023501296430687,0.929601613716591,0.04252400548696845,0.8927176659774868,0.6961421185204826
31,0,8,0,0,5,0,0,0,0.2216091041816765,0.22259449684553761,0.9525970751386788,0.355281207133059,0.892258212726855,0.6956118255336073
21,0,8,0,1,7,1,1,0,0.22503125767810744,0.22516798530169777,0.9530005042864347,0.3607681755829904,0.9824259131633356,0.8003446904414689
25,0,5,0,0,5,0,1,0,0.051498995496596166,0.05266599215134553,0.9325264750378215,0.0823045267489712,0.8695152768205835,0.6693623226832826
35,0,4,0,0,4,1,1,0,0.10640252571752276,0.10667950485087428,0.9390821986888552,0.1700960219478738,0.8768665288306915,0.6777144372265677
33,0,1,0,0,1,0,0,1,0.2826754405370861,0.28269851709454835,0.9597579425113465,0.45267489711934156,0.9903514817367333,0.808696804984754
26,0,9,0,0,9,6,1,1,0.06957686870144415,0.08425789589707333,0.9347453353504791,0.1111111111111111,0.8753733057661383,0.7412170224048787
27,0,2,0,0,3,3,1,1,0.43801381774548226,0.44311765126242525,0.9778113968734241,0.7599451303155007,0.9682977257064094,0.783375314861461
44,0,9,0,0,8,13,1,1,0.5924815554845176,0.6063181303914396,0.9960665658093797,0.9465020576131687,0.9462439696760855,0.7577886782447302
56,0,1,0,0,1,9,1,0,0.23033858006263522,0.34883709193271073,0.9536056480080686,0.5692729766803841,0.8934068458534344,0.7151000928012727
26,0,9,3,0,9,3,1,1,0.09625719180350488,0.271435788230722,0.7340393343419062,0.1550068587105624,0.9166092350103378,0.7279596977329975
45,0,1,0,0,3,1,1,0,0.04570882539887226,0.04569381814864669,0.9319213313161876,0.07407407407407407,0.868711233631978,0.668301736709532
37,0,5,0,0,2,6,1,1,0.5631280157435945,0.5797941421840426,0.9927382753403934,0.9012345679012346,0.9436021134849529,0.7563303725308232
28,0,7,0,0,3,1,1,0,0.06377822689424915,0.09185303339009797,0.897428139183056,0.0411522633744856,0.8711233631977946,0.6754606920323478
24,0,9,0,0,7,7,0,0,0.34854135288194693,0.34876296816903446,0.967523953605648,0.5582990397805213,0.9092579830002298,0.7151000928012727
25,0,2,0,0,4,0,1,0,0.11927616721112545,0.12202588581449295,0.94059505799294,0.19204389574759945,0.8785894785205606,0.6801007556675063
26,0,1,0,1,2,2,1,0,0.348783844392435,0.34791334154129083,0.967423096318709,0.5569272976680384,0.9092579830002298,0.7149675195545538
44,0,1,0,0,1,1,1,0,0.3014170965115715,0.301553154631778,0.961976802824004,0.4828532235939643,0.9538249483115093,0.7665385125281718
52,0,3,0,0,2,4,1,1,0.06977202590086624,0.07039429818669789,0.9347453353504791,0.11248285322359397,0.8837583275901677,0.6856688320296964
33,0,8,0,0,6,0,1,1,0.3279936635188555,0.3281712455451852,0.9651033787191124,0.5253772290809328,0.9065012634964392,0.7119183348800212
52,0,7,0,0,1,21,0,1,0.4775016473899522,0.4939340960560326,0.9493696419566313,0.5939643347050755,0.9264874798989203,0.737504971496752
44,0,7,0,0,4,0,1,0,0.09021897839506512,0.09287421465544536,0.9371659102370147,0.14540466392318244,0.9086836664369401,0.7194750099429935
43,0,2,0,0,2,3,1,0,0.10660035453458579,0.10667096089741475,0.9390821986888552,0.17146776406035666,0.8768665288306915,0.6777144372265677
32,0,8,0,0,6,6,1,1,0.08338685755404507,0.19427171832484982,0.9363590519415028,0.13443072702331962,0.9168389616356536,0.7237173538379955
48,0,1,0,0,1,0,1,0,0.009622888656084062,0.009723327016669323,0.9276853252647503,0.01646090534979424,0.8638869745003446,0.6627336603473419
25,0,10,1,0,9,3,1,1,0.26812492694640333,0.3365168998058228,0.9580433686333838,0.42935528120713307,0.9109809326900988,0.755137213310354
27,1,5,0,0,4,1,1,1,0.587331798950821,0.5873729766216869,0.9954614220877458,0.9382716049382716,0.9411899839191362,0.7519554553891025
24,5,8,0,0,9,5,1,1,0.3803209697324492,0.3806246422778323,0.9712556732223904,0.6090534979423868,0.9550884447507466,0.7679968182420788
26,0,7,0,0,5,5,0,1,0.3793890717589645,0.37971665846099417,0.9711548159354514,0.607681755829904,0.9133930622559154,0.71987272968315
29,0,1,0,0,2,0,1,0,0.36387471996307486,0.364214926566856,0.9693393847705497,0.5829903978052127,0.9113255226280726,0.7174864112422114
55,0,1,0,0,1,0,0,0,0.38124841832042033,0.38112137382320826,0.9713565305093294,0.6104252400548696,0.9136227888812314,0.7201378761765875
28,0,2,0,0,2,1,1,0,0.06965850698028637,0.06974660690548745,0.9347453353504791,0.1111111111111111,0.8719274063864002,0.6720137876176587
32,0,2,0,0,2,1,1,1,0.5080653206739179,0.5084249590379525,0.9862834089762985,0.813443072702332,0.930622559154606,0.7397587166909717
23,0,4,0,0,5,1,1,0,0.26358145877891126,0.2636094970572985,0.9575390821986889,0.42112482853223593,0.8978865150470939,0.7019753413761103
27,0,4,1,3,3,6,1,0,0.24884050552925038,0.24917031505897927,0.9558245083207262,0.3991769547325103,0.9894325752354698,0.8076362190110036
26,0,3,0,1,3,2,1,0,0.10478242301239667,0.11027198890986893,0.9388804841149773,0.17695473251028807,0.8766368022053757,0.6782447302134429
21,0,6,0,2,8,0,0,0,0.04389659465187238,0.04321104462160166,0.9317196167423096,0.06995884773662552,0.868481507006662,0.6679040169693756
56,0,2,0,0,1,5,1,0,0.054139090035709395,0.06032824935317553,0.9329299041855774,0.14814814814814814,0.8698598667585573,0.6705554819037518
21,0,2,0,0,5,0,1,1,0.5528616247759504,0.5521794785782174,0.9915279878971256,0.8847736625514403,0.9784056972203078,0.7955720535595917
23,0,6,0,0,4,2,1,1,0.24205343471655494,0.2578355032441739,0.9550176500252143,0.41289437585733885,0.9295887893406846,0.7440010605859737
20,0,5,0,0,9,0,1,1,0.2033612604775456,0.2036549264500224,0.9504790721129601,0.32510288065843623,0.8988054215483574,0.7058199655309558
42,0,1,0,0,1,0,0,1,0.2335951826503045,0.23464552463396138,0.950882501260716,0.33058984910836764,0.8938662991040661,0.6974678509876707
30,1,10,0,2,8,15,1,1,0.050886907038561406,0.05157822765799139,0.9325264750378215,0.0823045267489712,0.8708936365724788,0.8024658623889699
41,0,1,0,0,1,0,1,0,0.3340924998049173,0.3340959805278929,0.9658093797276853,0.53360768175583,0.9073053066850448,0.7128463476070529
49,0,6,0,0,3,5,1,1,0.20195371524733205,0.20453801358387264,0.9502773575390822,0.32373113854595337,0.8896163565357225,0.6928277873525123
26,0,5,0,0,5,2,1,0,0.20779827113762772,0.2088358804795888,0.8830055471507816,0.3676268861454047,0.8904203997243281,0.6934906535861063
33,0,6,0,1,2,11,1,1,0.43769635210275826,0.43802284214035614,0.9780131114473021,0.6995884773662552,0.9212037675166552,0.7288877104600292
29,0,6,0,0,3,0,1,0,0.08774866565361707,0.08778485975482887,0.9368633383761977,0.13991769547325103,0.8743395359522168,0.6747978257987538
25,0,7,0,2,5,6,1,1,0.25436044497867527,0.25433001848802245,0.9564296520423601,0.4074074074074074,0.947048012864691,0.7597772769455124
26,0,2,0,0,2,1,0,0,0.2146540194075244,0.21486957073856486,0.9517902168431669,0.3443072702331962,0.8913393062255915,0.694418666313138
24,5,10,1,0,9,10,1,1,0.1235844039145813,0.12297394673395408,0.9409984871406959,0.19753086419753085,0.8819205145876408,0.7010473286490786
33,0,3,0,0,3,2,1,0,0.24029214347468664,0.23987101650464301,0.9548159354513364,0.3840877914951989,0.9035148173673329,0.7084714304653321
21,0,5,1,0,6,3,1,0,0.16400274109956295,0.18215036187765857,0.945839636913767,0.29218106995884774,0.9446358832988744,0.7589818374651995
45,0,1,0,0,1,3,1,0,0.06647572645181836,0.0661577192548095,0.9344427634896622,0.2194787379972565,0.8714679531357684,0.6714834946307835
65,0,1,0,0,1,1,0,0,0.30586302580600894,0.30472683594881134,0.9623802319717599,0.4897119341563786,0.9035148173673329,0.7083388572186133
56,0,2,0,0,1,0,1,0,0.09439320715491781,0.09441390461266091,0.9376701966717095,0.1522633744855967,0.8752584424534804,0.6758584117725043
22,0,6,0,0,6,1,0,0,0.17078220425756338,0.2526425479404457,0.9466464952092789,0.4060356652949246,0.919710544452102,0.7320694683812806
27,0,4,0,0,2,6,1,1,0.4926508118971523,0.5254903834376297,0.9844679778113968,0.7887517146776406,0.9432575235469791,0.7565955190242609
21,0,3,0,0,5,0,1,1,0.38451226109121317,0.3854972092616575,0.9717599596570852,0.6159122085048011,0.9225821272685504,0.7304785894206549
36,0,5,0,0,5,6,1,0,0.002632824560997356,0.0741476370718127,0.9268784669692385,0.0054869684499314125,0.8629680679990811,0.6726766538512529
28,0,2,0,0,3,3,1,1,0.40334337156418176,0.40960851416486643,0.9739788199697428,0.6460905349794238,0.9166092350103378,0.7245127933183083
31,0,2,0,0,3,1,1,0,0.013017799597908634,0.01309201910400176,0.9280887544125063,0.02194787379972565,0.8643464277509764,0.6632639533342172
44,0,2,0,0,1,2,1,0,0.037950775514487264,0.03863923473438175,0.9310136157337368,0.06172839506172839,0.8676774638180565,0.6672411507357815
23,0,4,0,3,3,0,1,0,0.20867947789758312,0.20885674362175743,0.951084215834594,0.33607681755829905,0.8905352630369859,0.6934906535861063
52,0,1,0,0,1,0,1,0,0.012098425452844902,0.01214813081297436,0.9279878971255673,0.0205761316872428,0.8642315644383184,0.6631313800874984
27,0,4,0,0,3,5,1,0,0.2002665042879314,0.20024975366838368,0.9500756429652042,0.32098765432098764,0.8893866299104066,0.6921649211189183
52,0,1,0,0,1,0,0,0,0.18222113741965892,0.1820033462691769,0.9479576399394857,0.29218106995884774,0.8869745003445899,0.6893808829378232
37,1,3,0,0,1,7,0,0,0.09032781950185732,0.09115670118314581,0.9371659102370147,0.14540466392318244,0.8746841258901906,0.675328118785629
37,0,2,0,0,1,4,1,0,0.07586833954424844,0.07593696942732035,0.935451336359052,0.12208504801097393,0.8882379967838272,0.6908391886517301
26,0,4,0,0,3,1,1,0,0.23262747109610146,0.23271296184005125,0.9539082198688855,0.3731138545953361,0.8937514357914083,0.697202704494233
53,0,4,0,0,7,9,1,1,0.0885111294376798,0.1889768316693835,0.9369641956631367,0.14266117969821673,0.8744543992648748,0.6904414689115737
31,0,5,0,0,2,0,1,0,0.35640463867905847,0.38912305447846274,0.9684316691880989,0.5706447187928669,0.9102917528141512,0.7213310353970569
27,0,5,0,0,6,0,1,0,0.02512954341230188,0.02511945167211577,0.929500756429652,0.0411522633744856,0.9217780840799449,0.7300808696804985
52,0,1,0,0,1,1,1,0,0.20024314501398532,0.20090023663671286,0.9500756429652042,0.4718792866941015,0.9906960716747071,0.8092270979716293
29,0,8,0,1,4,8,1,0,0.24459056769401885,0.24380296375638053,0.9553202218860313,0.46502057613168724,0.8953595221686194,0.6989261567015776
24,0,8,0,0,4,8,1,0,0.09784205696442998,0.0970002388034992,0.9380736258194654,0.15637860082304528,0.8757178957041121,0.6762561315126607
42,0,7,0,0,4,0,1,0,0.0010904271957327691,0.006072565247216959,0.9265758951084215,0.0013717421124828531,0.8627383413737653,0.6622033673604667
23,0,8,0,2,8,3,1,1,0.2954510763694218,0.29554685469802044,0.9612708018154311,0.4732510288065844,0.9484263726165862,0.769189977462548
29,0,9,0,0,4,7,1,1,0.22599145096259227,0.22578800808246074,0.9531013615733737,0.3635116598079561,0.9187916379508385,0.7278271244862786
25,0,5,0,0,3,0,1,0,0.2363624024898046,0.2354408276134297,0.9542107917297025,0.3786008230452675,0.8942108890420399,0.6976004242343895
58,0,1,0,0,1,1,1,0,0.3289495663244523,0.3290094371840544,0.9651033787191124,0.5267489711934157,0.9066161268090972,0.71205090812674
34,0,2,0,0,2,4,1,0,0.34865552729235694,0.34875693772746474,0.967523953605648,0.5582990397805213,0.9092579830002298,0.7151000928012727
37,0,2,0,0,1,0,1,1,0.4051586910587145,0.434489669014098,0.9741805345436207,0.6488340192043895,0.9367103147254767,0.7490388439612886
21,0,9,1,0,8,1,1,1,0.2455514462633261,0.636237813553033,0.9554210791729703,0.3936899862825789,0.8954743854812773,0.7595121304520748
32,0,2,0,0,1,0,1,1,0.40259822860229677,0.4068953817437909,0.9738779626828038,0.644718792866941,0.9174132781989432,0.7263688187723717
54,0,1,0,0,1,0,1,0,0.040396994038846376,0.04053887350298386,0.9313161875945537,0.06584362139917696,0.8680220537560304,0.6675062972292192
23,0,9,1,0,7,2,1,0,0.3435549920859038,0.3622489430061576,0.9669188098840141,0.5500685871056241,0.9085688031242821,0.7172212647487737
55,0,1,0,0,1,0,1,1,0.04493405628299864,0.044916825060138756,0.9318204740292486,0.07270233196159122,0.8788192051458764,0.6799681824207875
21,0,10,0,0,9,0,0,1,0.08680458152829063,0.1143284791855236,0.9367624810892587,0.13991769547325103,0.8927176659774868,0.696539838260639
36,0,2,0,0,1,5,1,0,0.22249925937097945,0.222568388113338,0.9526979324256177,0.35802469135802467,0.9409602572938204,0.7519554553891025
33,0,1,0,0,1,0,1,0,0.38215334189422917,0.38226027288453474,0.9714573877962683,0.6131687242798354,0.9137376521938892,0.7202704494233064
35,0,10,0,0,5,0,1,1,0.5820758133379885,0.5951173352553653,0.9949571356530509,0.9314128943758574,0.9405008040431886,0.7531486146095718
29,0,5,0,1,3,2,1,0,0.2737706509215626,0.27320067097057393,0.9587493696419567,0.4375857338820302,0.9947162876177349,0.8136020151133502
33,0,2,0,0,2,0,0,0,0.3263161359319453,0.3270440993872803,0.9649016641452345,0.522633744855967,0.9062715368711234,0.7117857616333024
52,0,1,0,0,1,3,0,0,0.32354139782272695,0.3229822641732986,0.9645990922844175,0.5171467764060357,0.9059269469331496,0.7111228953997083
42,0,4,0,0,2,3,1,0,0.022445908457806134,0.022376435283591053,0.9291981845688351,0.03566529492455418,0.9839191362278888,0.8020681426488134
38,0,2,0,0,1,2,1,0,0.2394671201385038,0.2638820889119761,0.8049420070600101,0.38271604938271603,0.8946703422926717,0.7019753413761103
27,2,10,0,0,10,14,1,1,0.007239765993706046,0.007800699052363298,0.9273827534039334,0.010973936899862825,0.8691706868826097,0.6730743735914092
59,0,1,0,0,1,2,1,0,0.2629109622043471,0.2782933639739374,0.9574382249117499,0.4458161865569273,0.8977716517344361,0.7042290865703301
43,0,1,0,0,1,3,1,1,0.1398814701576188,0.16505147697187467,0.9430156328794755,0.29766803840877915,0.881346198024351,0.6867294180034469
48,0,1,0,0,1,0,1,0,0.22669090826965077,0.22758444384113535,0.9532022188603126,0.3635116598079561,0.8929473926028026,0.6964072650139201
21,0,10,0,0,8,0,1,0,0.09701772884473364,0.10226953333790534,0.9378719112455874,0.1550068587105624,0.8852515506547208,0.6881877237173538
39,0,4,0,0,1,1,0,0,0.21464779225413824,0.24750605227335776,0.9516893595562279,0.3443072702331962,0.8913393062255915,0.6994564496884529
34,0,4,0,0,1,2,1,0,0.2584276203312724,0.25840087452728466,0.956933938477055,0.41426611796982166,0.969101768895015,0.7841707543417739
56,0,2,0,0,1,3,1,0,0.07494023546644721,0.11622638929377459,0.935350479072113,0.18655692729766804,0.8849069607167471,0.6897786026779796
52,0,1,0,0,1,0,1,1,0.3675551165892449,0.3675432137021885,0.9697428139183056,0.588477366255144,0.9158051918217321,0.722656767864245
55,0,4,0,0,1,1,1,0,0.0757751308767382,0.07558057728493207,0.935451336359052,0.12208504801097393,0.8727314495750057,0.6729418003446904
30,0,3,0,0,2,1,0,0,0.19315636637396363,0.19253389806083948,0.9492687846696923,0.345679012345679,0.8884677234091432,0.6909717618984489
25,0,6,0,0,4,3,1,1,0.1862423986891554,0.18723448112307367,0.9484619263741806,0.299039780521262,0.917872731449575,0.7250430863051837
53,0,1,0,0,1,2,1,0,0.18642260873411795,0.1862621295452305,0.9484619263741806,0.299039780521262,0.8875488169078797,0.6900437491714172
44,0,1,0,0,1,0,0,1,0.25511134830573406,0.2549915191823826,0.9565305093292991,0.40877914951989025,0.8967378819205146,0.7006496089089221
22,0,4,0,0,5,0,1,0,0.34342519516787595,0.3436014864054921,0.9669188098840141,0.5500685871056241,0.9085688031242821,0.7143046533209598
39,0,2,0,0,1,2,1,0,0.09449131213282576,0.09462766240642297,0.9376701966717095,0.1522633744855967,0.8752584424534804,0.6758584117725043
43,0,1,0,0,1,0,1,0,0.2910122482148107,0.29039151265917346,0.9607665153807362,0.46502057613168724,0.9015621410521479,0.7060851120243935
20,0,8,0,3,7,1,1,1,0.15210080368912854,0.15221999877424072,0.9444276348966213,0.28669410150891633,0.9439467034229267,0.7653453533077025
23,0,8,3,1,5,7,0,1,0.3399042315453865,0.3401908097282527,0.9694402420574887,0.8559670781893004,0.9607167470709855,0.779132970966459
43,0,1,0,0,1,0,1,1,0.11362383867934452,0.11350460363611385,0.9398890569843671,0.18244170096021947,0.9284401562141052,0.7372398250033143
44,0,1,0,0,1,0,1,0,0.11260210880414113,0.11626614848185024,0.9397881996974281,0.18106995884773663,0.877670572019297,0.6791727429404746
23,0,4,0,0,4,2,0,1,0.46633022360019427,0.4673149321810282,0.9813414019162885,0.747599451303155,0.9548587181254308,0.7675990985019223
25,0,5,0,0,5,0,0,1,0.04750293085890293,0.04762762279625734,0.9321230458900656,0.07681755829903979,0.8855961405926946,0.6877900039771974
39,0,2,0,0,1,1,0,1,0.5930626968772394,0.6010010691962968,0.9962682803832577,0.9492455418381345,0.9802435102228348,0.7970303592734986
23,0,6,0,0,6,0,0,0,0.0647247641406065,0.06441961088074062,0.9341401916288452,0.10425240054869685,0.8712382265104526,0.6712183481373459
51,0,1,0,0,1,3,1,0,0.24196819124364705,0.24148009131181367,0.9550176500252143,0.3868312757201646,0.8950149322306455,0.6985284369614212
54,0,1,0,0,1,0,0,0,0.3252449066429038,0.35022478893181297,0.9648008068582955,0.5212620027434842,0.9061566735584654,0.7153652392947103
39,0,3,0,0,4,0,1,0,0.026682776223091634,0.026628204569944126,0.92970247100353,0.04663923182441701,0.8661842407535033,0.6653851252817181
68,0,1,0,0,1,2,1,0,0.11176459143452966,0.11163099412107452,0.9396873424104891,0.3840877914951989,0.8775557087066391,0.6785098767068806
66,0,1,0,0,1,0,1,0,0.1967559788444034,0.197654746371301,0.9496722138174483,0.31550068587105623,0.8889271766597748,0.6917672013787618
28,0,5,0,0,3,5,1,1,0.039566677125702124,0.03950115074634563,0.9312153303076147,0.0644718792866941,0.9236158970824718,0.7316717486411243
49,0,6,0,0,1,29,1,1,0.33313841449384946,0.3330896717024629,0.9657085224407463,0.53360768175583,0.9074201699977027,0.7129789208537717
26,0,10,0,0,8,7,1,1,0.04475369726307472,0.04554356378571411,0.9318204740292486,0.07270233196159122,0.86859637031932,0.668301736709532
38,0,1,0,0,1,1,1,1,0.42917919533677384,0.42947971327167755,0.9770045385779123,0.6872427983539094,0.972432804962095,0.7913297096645897
25,0,2,0,0,3,0,1,0,0.3503636046780164,0.3502131651811762,0.967725668179526,0.5610425240054869,0.9094877096255456,0.7153652392947103
30,0,2,0,0,2,4,1,0,0.37003115990087443,0.37026570473275117,0.9700453857791226,0.5925925925925926,0.9121295658166781,0.718414423969243
57,0,5,0,0,6,1,1,1,0.5905733947940461,0.6120472585140719,0.9959657085224407,0.9451303155006858,0.9485412359292442,0.7759512130452074
50,0,4,0,0,1,7,0,0,0.2954024012837033,0.29557466228608237,0.9612708018154311,0.4732510288065844,0.9021364576154376,0.7068805515047063
52,0,6,0,0,7,10,1,0,0.06695765052025383,0.19409443129056447,0.9343419062027232,0.10699588477366255,0.9363657247875029,0.74665252552035
40,0,2,0,0,1,0,1,0,0.31578516543287094,0.316147806778572,0.9635905194150277,0.5075445816186557,0.9048931771192281,0.7100623094259578
23,0,2,0,0,4,1,1,0,0.2436941654880016,0.27672758515418144,0.9552193645990923,0.4430727023319616,0.9519871353089823,0.7670688055150471
35,0,3,0,1,2,0,1,0,0.20448105560400057,0.20531581139357852,0.9505799293998991,0.3278463648834019,0.8899609464736963,0.692960360599231
26,0,2,0,0,3,0,1,0,0.05423113669852079,0.054308438051156406,0.9329299041855774,0.0877914951989026,0.8698598667585573,0.6696274691767201
64,0,1,0,0,1,0,0,0,0.2517768516765856,0.25153066168081284,0.9561270801815431,0.40329218106995884,0.8962784286698828,0.7001193159220469
57,0,1,0,0,1,0,1,1,0.5116153741405349,0.511614118819509,0.9866868381240544,0.8189300411522634,0.9655410062026188,0.7894736842105263
27,0,7,0,1,4,8,1,1,0.04397314791869912,0.044072076433730775,0.9317196167423096,0.07133058984910837,0.8708936365724788,0.6713509213840647
21,0,7,0,0,6,1,0,0,0.04127839943208361,0.09637038054142814,0.9314170448814927,0.20164609053497942,0.8681369170686882,0.676123558265942
22,0,8,2,0,6,3,1,1,0.10819230097200898,0.1084957903990979,0.9392839132627332,0.17421124828532236,0.9615207902595911,0.7959697732997482
39,0,1,0,0,1,2,1,1,0.08757687765980517,0.08776567559886334,0.9368633383761977,0.1412894375857339,0.9116701125660464,0.7178841309823678
38,0,1,0,0,1,0,1,0,0.21280568706154745,0.21236213896444245,0.9515885022692889,0.3401920438957476,0.8911095796002757,0.6940209465729815
23,0,2,1,0,4,2,1,0,0.1265080176685496,0.12621177724574115,0.9414019162884518,0.2030178326474623,0.879508385021824,0.6807636219011004
53,0,2,0,0,2,0,1,1,0.4714134876427901,0.4741192870420544,0.9819465456379224,0.7544581618655692,0.9256834367103147,0.7344557868222192
32,0,2,0,0,2,5,0,0,0.25091835863241024,0.2540962420126081,0.9439233484619264,0.4403292181069959,0.8961635653572249,0.7005170356622034
39,0,5,1,0,2,6,0,0,0.01549514395753435,0.015467834255528924,0.9282904689863842,0.024691358024691357,0.8646910176889502,0.6636616730743736
37,0,7,0,0,2,10,1,1,0.24306139930532578,0.2429428757530638,0.9551185073121533,0.3895747599451303,0.923271307144498,0.7632241813602015
23,0,2,0,0,3,0,1,1,0.4685861315772085,0.46869239630563825,0.9816439737771054,0.7503429355281207,0.9446358832988744,0.7669362322683283
49,0,8,0,0,2,3,1,1,0.576179543272762,0.5762886772975503,0.9942511346444781,0.9218106995884774,0.9449804732368482,0.760705289672544
27,0,9,0,0,7,4,1,1,0.3725494127848981,0.37194532676494063,0.9703479576399395,0.5953360768175583,0.912474155754652,0.7186795704626806
45,0,3,0,0,1,0,1,1,0.5535882749792947,0.5537513176440318,0.9916288451840646,0.8847736625514403,0.9657707328279348,0.7803261301869283
56,0,2,0,0,1,0,1,0,0.07243616499874797,0.07758930048258733,0.935047907211296,0.11659807956104253,0.872271996324374,0.6732069468381281
39,0,4,0,0,2,3,1,0,0.09124134389677044,0.09293989381395813,0.9372667675239537,0.1467764060356653,0.8747989892028486,0.6755932652790667
38,0,1,0,0,1,1,1,0,0.2508545576222786,0.25350906377851634,0.9560262228946041,0.401920438957476,0.8961635653572249,0.7003844624154846
34,0,1,0,0,1,3,1,0,0.25255602051965226,0.25272804708401875,0.9562279374684821,0.4046639231824417,0.8963932919825408,0.7002518891687658
43,0,2,0,0,1,0,0,0,0.11452419368767068,0.11367658547139063,0.9398890569843671,0.18381344307270234,0.8779002986446129,0.6787750232003181
20,0,7,0,1,8,0,0,1,0.31342493525622667,0.3135738911247388,0.9633888048411497,0.5020576131687243,0.9223524006432345,0.7308763091608114
41,0,2,0,0,1,0,1,1,0.5827577114629311,0.5831195382839602,0.9950579929399899,0.9327846364883402,0.9406156673558466,0.7512925891555085
32,0,5,0,0,4,6,1,0,0.2543950568280384,0.27755468952321255,0.9563287947554211,0.4458161865569273,0.8966230186078566,0.7040965133236113
47,0,1,0,0,1,0,1,1,0.5623126161899175,0.562465176559457,0.9926374180534544,0.8998628257887518,0.9767976108430967,0.7930531618719342
25,0,3,0,0,4,1,0,0,0.20007118818188385,0.21044800527944793,0.9500756429652042,0.3374485596707819,0.9151160119457845,0.7223916213708074
24,0,5,0,0,5,0,0,0,0.09871710609264786,0.09809835538930081,0.9380736258194654,0.15775034293552812,0.87583275901677,0.6763887047593795
52,0,1,0,0,1,1,1,0,0.25177743764476707,0.2723930289327373,0.9561270801815431,0.40329218106995884,0.8962784286698828,0.7033010738432984
22,0,3,0,0,5,0,1,1,0.03535197683467159,0.03544212708914192,0.9307110438729198,0.05761316872427984,0.8731909028256375,0.6745326793053162
27,0,6,0,0,3,5,1,0,0.6015262524521154,0.6266309227393239,0.9555219364599092,0.3936899862825789,0.9431426602343211,0.7580538247381678
26,0,2,0,0,3,0,1,0,0.27383350842360543,0.2756210736373644,0.9586485123550177,0.4375857338820302,0.8992648747989892,0.7038313668301737
51,0,4,0,0,1,1,1,1,0.3899485957923055,0.38970649721662337,0.9723651033787191,0.6241426611796982,0.9147714220078107,0.7214636086437757
24,0,10,0,0,5,1,1,0,0.18309383274348684,0.18747553982858783,0.9480584972264247,0.3004115226337449,0.8991500114863312,0.7038313668301737
24,0,8,0,0,6,2,1,1,0.11280268869215786,0.15470976642132706,0.9396873424104891,0.17969821673525377,0.8920284861015392,0.6962746917672014
25,0,7,0,0,3,0,1,1,0.5914687343120054,0.592397943891639,0.9960665658093797,0.9465020576131687,0.9600275671950379,0.7793981174598966
50,0,1,0,0,1,2,1,0,0.0017452714676867201,0.0011731245493126644,0.9266767523953605,0.0027434842249657062,0.8628532046864231,0.6614079278801538
26,0,8,0,0,8,2,1,1,0.09819113509396114,0.09807893279742479,0.9380736258194654,0.15775034293552812,0.9568113944406157,0.7699854169428609
32,0,1,0,0,2,1,1,0,0.014894586161511245,0.014869529012280532,0.9282904689863842,0.0877914951989026,0.8645761543762922,0.6635290998276547
49,0,6,0,0,1,2,0,0,0.37001125684603264,0.37855074659797405,0.9700453857791226,0.5925925925925926,0.9121295658166781,0.7197401564364311
22,0,4,0,0,5,1,0,0,0.06807055307182845,0.06808186724804495,0.9345436207766011,0.11385459533607682,0.8716976797610843,0.6717486411242212
44,0,1,0,0,1,0,1,0,0.2705787332621293,0.27063420643894387,0.9583459404942007,0.4334705075445816,0.8988054215483574,0.7030359273498608
22,0,6,0,0,5,3,1,1,0.239804955624282,0.24050683566447653,0.9546142208774584,0.38271604938271603,0.8966230186078566,0.7033010738432984
69,0,3,0,0,1,5,0,0,0.24572542915490247,0.24582366835853833,0.9554210791729703,0.39643347050754457,0.9167240983229956,0.724115073578152
23,0,4,0,0,7,2,1,1,0.4781620533937981,0.4783484545910581,0.9827534039334342,0.7654320987654321,0.9286698828394211,0.742410181625348
34,0,3,0,0,2,2,1,1,0.4952001806847785,0.4952870112166909,0.9847705496722138,0.7928669410150891,0.9711693085228578,0.7865570727827125
32,0,8,1,0,9,13,1,1,0.6144717693987573,0.6141524489071831,0.8847201210287443,0.04938271604938271,0.9632437399494601,0.7774095187591145
31,0,10,0,0,6,1,1,0,0.21717608605055966,0.2171781171588426,0.9520927887039838,0.3484224965706447,0.9039742706179646,0.7112554686464272
38,0,3,0,0,3,0,1,1,0.2686813881538547,0.26890641041800406,0.9581442259203228,0.43072702331961593,0.8985756949230416,0.7027707808564232
25,0,6,0,0,4,3,1,1,0.3991813984778195,0.3994289002941395,0.9734745335350479,0.6392318244170097,0.937858947852056,0.7503645764284768
37,0,7,0,0,3,1,1,1,0.3211987268281986,0.32104448559384635,0.9642965204236006,0.5171467764060357,0.9055823569951758,0.7108577489062707
65,0,1,0,0,1,1,0,0,0.2303240103114112,0.23093589899910466,0.9536056480080686,0.38271604938271603,0.8934068458534344,0.6969375580007955
52,0,1,0,0,1,0,1,0,0.31162342077478283,0.31182818260602285,0.9631870902672718,0.49794238683127573,0.9043188605559385,0.7093994431923638
31,0,7,0,0,3,0,1,0,0.08496422430858014,0.08414241343775515,0.9365607665153808,0.13580246913580246,0.9228118538938663,0.7324671881214371
26,0,4,0,0,4,5,1,0,0.31420805690160225,0.31357365268882836,0.9634896621280887,0.5020576131687243,0.9078796232483345,0.7135092138406469
21,0,4,0,0,6,1,1,0,0.8833515326112,0.8878522059777493,0.9312153303076147,0.0644718792866941,0.9808178267861245,0.7983560917406868
26,1,6,0,0,8,2,1,0,0.024253749409277034,0.024040151653584335,0.929399899142713,0.039780521262002745,0.9759935676544912,0.7921251491449025
36,0,3,0,0,5,0,1,1,0.2680138313518621,0.26785219584422304,0.9580433686333838,0.42935528120713307,0.9526763151849299,1.0
22,0,7,0,1,8,1,1,1,0.46091586767173914,0.4610309835643246,0.9807362581946546,0.7366255144032922,0.9243050769584195,0.7324671881214371
40,0,1,0,0,1,4,1,1,0.4582128163139421,0.4594462888290024,0.9804336863338377,0.7338820301783264,0.9239604870204456,0.7322020416279995
24,0,9,0,1,8,6,1,1,0.24309127375091671,0.2817777173475209,0.9551185073121533,0.38820301783264743,0.916149781759706,0.7245127933183083
26,0,10,0,0,8,3,0,1,0.603310386521397,0.6034510577856483,0.9974785678265254,0.9657064471879286,0.9955203308063405,1.0
30,0,7,0,0,4,1,1,0,0.05328619845008238,0.05324731877080049,0.9328290468986384,0.0850480109739369,0.8761773489547439,0.6781121569667241
77,0,1,0,0,1,1,1,1,0.3897031347142538,0.39097186665881023,0.6085728693898134,0.6241426611796982,0.9943716976797611,0.8133368686199125
27,0,1,0,0,2,0,1,0,0.02248322171980251,0.023526113635038013,0.9291981845688351,0.038408779149519894,0.872271996324374,0.6736046665782845
30,0,2,0,0,2,1,1,0,0.008654700382004575,0.03805936853487859,0.9275844679778114,0.015089163237311385,0.8637721111876866,0.6671085774890627
54,0,1,0,0,1,0,1,0,0.26779493747525834,0.267335465486854,0.9579425113464448,0.4279835390946502,0.8984608316103836,0.7025056343629855
21,0,5,0,0,6,0,0,0,0.09638858771945166,0.09616425269680204,0.9378719112455874,0.15637860082304528,0.8754881690787962,0.676123558265942
30,0,9,0,0,10,9,1,1,0.02320242317507733,0.06031287023694837,0.929299041855774,0.037037037037037035,0.8843326441534574,0.6863316982632904
22,0,9,3,0,10,3,1,0,0.2326207473595107,0.23195994149537805,0.9539082198688855,0.3717421124828532,0.8937514357914083,0.6970701312475143
48,0,1,0,0,1,1,1,0,0.040720994716543404,0.044885738978307485,0.9312153303076147,0.07544581618655692,0.8680220537560304,0.6681691634628132
22,0,3,0,0,5,0,1,0,0.12282197985717493,0.12536628350711287,0.9409984871406959,0.19615912208504802,0.8914541695382495,0.7002518891687658
33,0,10,0,0,9,18,1,1,0.3544696823588648,0.3547339299138902,0.9682299546142209,0.5665294924554184,0.9100620261888352,0.7160281055283044
33,0,1,0,0,2,0,1,0,0.18377166881781545,0.1837132297923405,0.9481593545133636,0.29492455418381347,0.8872042269699059,0.6896460294312607
25,0,3,1,0,3,1,1,1,0.45262603676517316,0.45263581411294007,0.9796268280383258,0.7242798353909465,0.9972432804962095,0.8166511997878828
52,0,3,0,0,1,5,1,1,0.07840911744243441,0.08347323312011103,0.9357539082198689,0.1262002743484225,0.8730760395129795,0.6741349595651598
31,0,4,0,0,1,2,0,1,0.3614167125534377,0.38401867811548485,0.9690368129097328,0.6159122085048011,0.9200551343900758,0.7302134429272172
30,0,3,0,0,2,3,1,0,0.37008207954267786,0.3702790571437391,0.9700453857791226,0.5925925925925926,0.9121295658166781,0.718414423969243
29,0,2,0,0,2,0,0,0,0.29724603595256444,0.2970035590235529,0.9614725163893091,0.4787379972565158,0.9023661842407535,0.707145697998144
39,0,5,0,0,3,9,1,1,0.06716644389447524,0.0672908362453064,0.9344427634896622,0.1083676268861454,0.8845623707787733,0.7100623094259578
22,0,6,0,0,5,4,1,0,0.3210685723702634,0.3210510028420666,0.9642965204236006,0.5294924554183813,0.9055823569951758,0.7108577489062707
30,0,3,0,0,2,5,1,0,0.18225715956532323,0.18224259683570312,0.9479576399394857,0.29218106995884774,0.8869745003445899,0.6893808829378232
43,0,1,0,0,1,2,1,0,0.19664673053938342,0.19765858121552818,0.9496722138174483,0.31550068587105623,0.8889271766597748,0.6917672013787618
58,0,3,0,0,1,2,1,1,0.1837600189758347,0.25422505701325504,0.9481593545133636,0.29492455418381347,0.8872042269699059,0.7005170356622034
53,0,1,0,0,1,0,1,0,0.10656435225224965,0.10579374524786053,0.9390821986888552,0.1700960219478738,0.9736963014013325,0.7893411109638075
32,0,1,0,0,2,0,1,0,0.30824844268279233,0.3084475985276543,0.9627836611195159,0.49382716049382713,0.9187916379508385,0.7261036722789341
21,1,10,0,3,8,2,1,0,0.039591059361049764,0.06202473079120317,0.9312153303076147,0.06310013717421124,0.9224672639558925,0.7453267930531619
22,0,4,0,0,6,0,1,0,0.043840530408068935,0.04380077610690171,0.9317196167423096,0.07133058984910837,0.868481507006662,0.6680365902160944
26,0,7,0,1,3,5,1,1,0.516769987257973,0.5350896542370325,0.9872919818456883,0.8271604938271605,0.9317711922811854,0.7438684873392549
26,0,5,0,0,4,2,1,1,0.08167655547562884,0.10411307012373304,0.9361573373676249,0.18244170096021947,0.9993108201240524,1.0
31,0,5,0,0,2,0,1,0,0.20602477388058948,0.21212147765211245,0.9507816439737771,0.33058984910836764,0.8901906730990122,0.6940209465729815
29,0,9,0,0,6,0,1,0,0.2739744486687453,0.2740749260409061,0.9587493696419567,0.438957475994513,0.8992648747989892,0.703566220336736
30,0,9,0,0,7,0,1,0,0.03087399806020696,0.03112227441551187,0.9302067574382249,0.05075445816186557,0.866758557316793,0.6660479915153122
32,0,2,0,0,2,3,1,0,0.03177797812592697,0.03191694156588552,0.9302067574382249,0.05075445816186557,0.9236158970824718,0.7320694683812806
30,0,8,0,0,5,0,0,0,0.03698704655758541,0.036318130689484425,0.9309127584467978,0.05898491083676269,0.8675626005053986,0.666843430995625
22,0,5,0,0,6,1,1,1,0.6187447188996916,0.6679409873903268,0.9325264750378215,0.6666666666666666,0.9454399264874799,0.7644173405806708
26,0,2,0,0,3,2,1,1,0.2535303664254693,0.2526163001206317,0.9562279374684821,0.4046639231824417,0.8965081552951987,0.7002518891687658
31,0,8,0,0,3,3,1,1,0.14781822047402424,0.16410532353969753,0.9439233484619264,0.26337448559670784,0.9585343441304848,0.7719740156436431
26,0,8,0,1,7,7,1,1,0.7294918113479214,0.7315914040237987,0.9844679778113968,0.8751714677640604,0.9602572938203537,0.7742277608378629
64,0,1,0,0,1,8,1,0,0.07927581404115032,0.07920055101744129,0.9358547655068079,0.12757201646090535,0.8731909028256375,0.6734720933315657
22,0,3,0,1,6,0,1,0,0.012406515604665384,0.011162238062380776,0.9278870398386283,0.019204389574759947,0.9485412359292442,0.7857616333023996
20,0,7,0,0,7,0,1,1,0.5800859746420184,0.5804508244860447,0.9947554210791729,0.9286694101508917,0.9473926028026648,0.7679968182420788
29,0,2,0,0,2,0,1,0,0.01327193101871333,0.01221836012344582,0.9279878971255673,0.0205761316872428,0.8643464277509764,0.6631313800874984
29,0,10,0,0,3,20,0,1,0.5226572393722032,0.5702705151772455,0.9822491174987393,0.8203017832647462,0.9325752354697909,0.7493039904547263
50,0,2,0,0,2,1,1,0,0.016647216992290676,0.016318007298900743,0.9284921835602622,0.027434842249657063,0.864805881001608,0.6637942463210924
51,0,1,0,0,1,0,0,1,0.44305250847962996,0.44921017558231685,0.978618255168936,0.7091906721536351,0.9446358832988744,0.7560652260373857
28,0,4,0,0,4,0,1,0,0.20250432670463284,0.2019715490522426,0.9503782148260211,0.32510288065843623,0.906960716747071,0.7125812011136152
28,0,7,0,0,4,0,1,0,0.1951809758259224,0.24041379598523402,0.9493696419566313,0.3113854595336077,0.9144268320698369,0.7250430863051837
35,0,7,0,1,3,5,0,1,0.29887653710999557,0.3041468405965233,0.961674230963187,0.4787379972565158,0.9153457385711004,0.7483759777276946
30,0,3,0,0,2,0,1,0,0.2765149484803367,0.27578306103405936,0.9590519415027736,0.4430727023319616,0.899609464736963,0.7038313668301737
32,0,3,0,0,4,1,1,0,0.047360649839110515,0.046564327788218125,0.9321230458900656,0.07544581618655692,0.8689409602572938,0.6684343099562509
32,1,10,0,2,9,4,1,0,0.18137017257686588,0.18399555778003013,0.9040847201210287,0.2908093278463649,0.886859637031932,0.6896460294312607
41,2,7,0,0,5,16,1,1,0.42338060318789933,0.4225758511573366,0.9379727685325264,0.15637860082304528,0.9432575235469791,0.8162534800477264
29,0,3,0,0,2,2,1,0,0.31605356865497686,0.31709186396170264,0.9636913767019667,0.5075445816186557,0.9048931771192281,0.7101948826726766
43,0,1,0,0,1,1,1,0,0.01991798213295616,0.01996949431091421,0.9288956127080181,0.03292181069958848,0.8652653342522398,0.6643245393079676
28,0,8,0,0,6,0,0,0,0.2583762339012567,0.2826056264377499,0.956833081190116,0.41289437585733885,0.8971973351711463,0.7048919528039241
52,0,1,0,0,1,0,1,0,0.2637797543841866,0.26440494905921086,0.9575390821986889,0.4224965706447188,0.8978865150470939,0.7021079146228291
29,0,1,0,0,2,0,1,0,0.3099087388325017,0.32117018105799755,0.9628845184064548,0.49519890260631,0.9040891339306225,0.7108577489062707
56,0,3,0,0,1,2,1,0,0.2523966868326127,0.2655480505534599,0.9561270801815431,0.4046639231824417,0.9191362278888123,0.7279596977329975
27,0,2,0,0,3,0,1,0,0.21143372698377816,0.21139886782085743,0.951386787695411,0.3388203017832647,0.8908798529749598,0.6938883733262627
37,0,8,0,0,3,14,1,0,0.18212128446887063,0.1822391295801713,0.9479576399394857,0.29218106995884774,0.8869745003445899,0.6893808829378232
26,0,4,0,0,3,5,1,1,0.5278284483003401,0.5573743910433776,0.9886031265758951,0.8449931412894376,0.947162876177349,0.7608378629192629
21,0,5,0,0,6,0,0,1,0.3084202902665888,0.3094085051817935,0.9627836611195159,0.49382716049382713,0.9059269469331496,0.7112554686464272
27,0,3,0,0,3,0,0,0,0.12476201125772002,0.12465955946839481,0.9412002017145739,0.20027434842249658,0.8792786583965082,0.6804984754076627
29,0,8,0,0,7,11,1,1,0.15705517459512902,0.21224500732340998,0.9449319213313162,0.3443072702331962,0.9547438548127728,0.7866896460294313
32,0,3,0,0,2,2,0,0,0.30071773852115397,0.36663094797379103,0.8920827029752899,0.013717421124828532,0.9028256374913852,0.7178841309823678
27,0,5,1,1,4,8,1,1,0.04461354161939815,0.044918792156400364,0.9318204740292486,0.07270233196159122,0.9390075809786355,0.7504971496751955
24,0,5,0,0,3,0,0,1,0.6198711086511042,0.6197395884451137,0.9993948562783661,0.9917695473251029,0.9794394670342292,0.7961023465464669
29,0,2,0,0,2,0,1,0,0.2491575540420825,0.31090920093281293,0.9558245083207262,0.3991769547325103,0.9158051918217321,0.7235847805912767
31,0,5,0,0,2,0,1,0,0.31515616335088625,0.3150349667752971,0.9635905194150277,0.5075445816186557,0.9047783138065701,0.709929736179239
28,0,6,0,0,2,2,0,1,0.5467889385614447,0.5461857660735683,0.9908219868885527,0.877914951989026,0.9925338846772341,0.8128065756330373
35,0,3,0,0,4,0,1,0,0.0792582250640421,0.07919985557936901,0.9358547655068079,0.1289437585733882,0.8731909028256375,0.6734720933315657
36,0,1,0,0,1,0,1,0,0.18229731328325013,0.18137777985349485,0.9478567826525467,0.2908093278463649,0.8869745003445899,0.6892483096911043
23,0,7,0,0,9,2,1,0,0.011367147094033324,0.04917319417259853,0.9278870398386283,0.019204389574759947,0.8818056512749828,0.6834150868354766
36,0,1,0,0,1,2,1,0,0.24564623406542707,0.24572538308926486,0.9554210791729703,0.3936899862825789,0.8954743854812773,0.6991913031950152
24,0,7,0,0,5,0,0,0,0.0585828343640464,0.05856738028448365,0.9334341906202723,0.09465020576131687,0.870434183321847,0.6702903354103142
27,0,9,0,0,6,10,1,1,0.19404819008283414,0.19427444046816136,0.9493696419566313,0.3113854595336077,0.9055823569951758,0.7154978125414292
23,1,9,0,0,10,2,1,1,0.12188527495826938,0.12197466183305415,0.9408976298537569,0.19478737997256515,0.9127038823799678,0.7190772902028371
42,0,1,0,0,1,0,1,0,0.3856844358140932,0.3848133253961993,0.9717599596570852,0.6159122085048011,0.914197105444521,0.7206681691634628
33,0,3,0,0,1,2,1,0,0.18981662582617417,0.19064410470837506,0.9488653555219364,0.3045267489711934,0.8880082701585114,0.6907066154050112
65,0,1,0,0,1,2,1,0,0.09531152854358771,0.09802373488414434,0.940191628845184,0.2674897119341564,0.8753733057661383,0.6763887047593795
29,0,7,0,0,2,6,0,1,0.6147646243778595,0.6724067926456708,0.9987897125567322,0.9849108367626886,0.9534803583735355,0.7672013787617659
29,0,8,0,0,3,7,1,1,0.2139493777718095,0.21393193145535846,0.9516893595562279,0.3429355281207133,0.9125890190673099,0.7235847805912767
21,1,6,0,0,6,1,0,1,0.08845061580836282,0.08848604015862784,0.9208270297528997,0.03017832647462277,0.8744543992648748,0.6749303990454726
23,0,5,0,0,6,0,1,0,0.37179519228203234,0.3716748808334575,0.9702471003530005,0.5953360768175583,0.912359292441994,0.7186795704626806
29,0,2,0,0,2,1,0,1,0.4713280753315927,0.47152013692102684,0.9819465456379224,0.7544581618655692,0.9592235240064323,0.772769455123956
63,0,1,0,0,1,0,1,1,0.26860553010351446,0.2705569532039423,0.9580433686333838,0.42935528120713307,0.8985756949230416,0.7030359273498608
22,0,9,0,0,9,1,1,0,0.1811099033876519,0.18142772224191472,0.9478567826525467,0.2908093278463649,0.90144727773949,0.7062176852711123
57,0,9,0,0,5,6,1,1,0.3779641957749092,0.44305748593434274,0.9203227433182047,0.09602194787379972,0.9131633356305996,0.729683149940342
61,0,1,0,0,1,0,1,0,0.11335151244992195,0.1144512538097712,0.9398890569843671,0.18106995884773663,0.877785435331955,0.678907596447037
41,1,10,1,0,3,24,1,1,0.4472799908223479,0.4475435582420792,0.9791225416036309,0.7160493827160493,0.9239604870204456,0.7328649078615935
30,4,10,1,0,9,11,1,0,0.02834779984490912,0.128063391048037,0.929904185577408,0.04526748971193416,0.8664139673788191,0.681028768394538
27,0,8,0,0,8,9,1,1,0.21029514114885975,0.25425341101694515,0.951285930408472,0.3374485596707819,0.8971973351711463,0.7067479782579875
28,0,6,0,0,6,2,1,0,0.24625871979002556,0.2457467529077433,0.9554210791729703,0.3936899862825789,0.8955892487939352,0.6991913031950152
36,0,6,0,0,4,3,0,1,0.581849232353377,0.5813386902729345,0.9948562783661119,0.9300411522633745,0.9895474385481278,0.8077687922577224
36,0,8,0,0,2,0,1,0,0.04890737740991953,0.049034792061383656,0.9323247604639435,0.07818930041152264,0.8691706868826097,0.6688320296964073
43,0,5,0,0,1,4,1,0,0.08098518254314183,0.12124102434093856,0.9360564800806859,0.13031550068587106,0.8734206294509533,0.6799681824207875
35,0,4,0,0,3,0,1,0,0.3288648790247336,0.32900905966052946,0.9652042360060514,0.5267489711934157,0.9066161268090972,0.71205090812674
55,0,5,0,0,1,27,1,0,0.38809101706705823,0.38891678754622216,0.9721633888048411,0.6213991769547325,0.9145416953824949,0.7213310353970569
30,0,2,0,0,2,3,0,0,0.321979464874192,0.3219272150738308,0.9643973777105396,0.5157750342935528,0.9056972203078337,0.7109903221529895
35,0,4,0,2,1,3,1,0,0.2291052759472645,0.22929508241134886,0.9534039334341906,0.3662551440329218,0.8932919825407765,0.6966724115073578
57,0,4,0,0,1,0,0,0,0.11678251505905948,0.11698992068816895,0.940292486132123,0.18792866941015088,0.8782448885825868,0.6793053161871935
22,0,5,0,0,7,2,0,0,0.35611797112668603,0.35654872523767317,0.9684316691880989,0.5706447187928669,0.9102917528141512,0.716293252021742
32,0,1,0,0,1,7,1,0,0.3829819406294854,0.3828792028340413,0.9715582450832073,0.6131687242798354,0.9138525155065472,0.7204030226700252
58,0,2,0,0,1,3,1,0,0.26719477694579896,0.2669719202671507,0.9579425113464448,0.43209876543209874,0.8983459682977257,0.7025056343629855
25,0,2,0,0,3,0,1,0,0.11154151632734292,0.11092237252990207,0.9395864851235501,0.17832647462277093,0.8775557087066391,0.6783773034601618
57,0,1,0,0,1,0,1,0,0.345169105997582,0.3453437376035059,0.9671205244578921,0.5528120713305898,0.908798529749598,0.7145697998143975
27,0,5,0,0,4,3,0,1,0.22760787895200404,0.22765427575842265,0.9533030761472516,0.36488340192043894,0.9323455088444751,0.7461222325334748
26,0,5,0,0,5,0,1,1,0.6059780811550239,0.6080100914819974,0.9977811396873424,0.9698216735253772,0.9565816678152997,0.7705157099297362
23,0,3,0,0,5,0,1,0,0.33915161997210375,0.34001667203495184,0.9664145234493192,0.5432098765432098,0.9079944865609925,0.7137743603340846
43,0,1,0,0,1,1,1,0,0.2301836262394605,0.23028413443775655,0.9536056480080686,0.36899862825788754,0.8934068458534344,0.6968049847540766
56,0,4,0,0,1,2,1,0,0.3057551679339619,0.3075637265422653,0.9624810892586989,0.49382716049382713,0.9035148173673329,0.7087365769587697
52,0,7,0,0,2,6,0,0,0.1218414167296359,0.14961674556858665,0.7561270801815431,0.19478737997256515,0.8789340684585344,0.6843430995625083
27,0,3,0,0,3,2,1,1,0.18141389176220207,0.1813846845600697,0.9478567826525467,0.2908093278463649,0.886859637031932,0.6892483096911043
34,0,2,0,0,1,4,1,1,0.4342515941388523,0.8886000602110283,0.9173978819969743,0.1755829903978052,0.9816218699747301,0.8185072252419462
24,0,4,0,0,5,0,1,0,0.2995975262648071,0.3014198292184908,0.961775088250126,0.48010973936899864,0.9027107741787274,0.707808564231738
37,0,1,0,0,1,1,0,0,0.2173230846107961,0.21741702000633265,0.9520927887039838,0.3484224965706447,0.8916838961635654,0.6948163860532944
49,0,2,0,0,1,3,0,0,0.9878439311687609,0.9882666483229973,0.9164901664145234,0.1728395061728395,0.9948311509303929,0.8138671616067877
31,0,7,0,0,3,2,1,1,0.5252113257002734,0.5271800893218673,0.9883005547150782,0.840877914951989,0.9329198254077647,0.7426753281187857
29,0,2,0,0,2,0,0,0,0.23779690225636582,0.23804188522174127,0.9545133635905194,0.37997256515775035,0.8944406156673559,0.697998143974546
24,0,2,0,0,3,0,1,0,0.00014322452788121523,0.012202067002895079,0.9265758951084215,0.0013717421124828531,0.8626234780611073,0.6631313800874984
21,0,6,0,0,9,0,1,1,0.014802400455402553,0.01733768840497791,0.9282904689863842,0.024691358024691357,0.8645761543762922,0.6639268195678112
42,0,1,0,0,1,1,1,0,0.050649421086776114,0.05009922957482734,0.9325264750378215,0.08093278463648834,0.8694004135079255,0.6689646029431261
44,0,3,0,0,4,7,1,1,0.16492326731766144,0.18653069779391843,0.945940494200706,0.32098765432098764,0.9765678842177808,0.7927880153784966
20,0,3,0,0,6,0,1,0,0.21655829681733568,0.21632745730882016,0.9519919314170449,0.34705075445816186,0.8915690328509074,0.6946838128065757
45,0,1,0,0,1,3,1,1,0.20850248571178662,0.2077578918585651,0.950983358547655,0.36488340192043894,0.9594532506317482,0.7730346016173936
38,0,8,0,0,8,0,1,1,0.07841928746646537,0.7205792613670768,0.9357539082198689,0.1262002743484225,0.961750516884907,0.7820495823942728
36,0,5,0,0,3,5,1,1,0.01893976287814302,0.019081976243060534,0.9287947554210791,0.03155006858710562,0.8898460831610384,0.6966724115073578
22,0,9,0,0,10,2,1,1,0.01716651391270709,0.021605601789437663,0.9284921835602622,0.027434842249657063,0.8683666436940042,0.6722789341110964
42,0,5,0,0,1,10,1,1,0.4379846285847137,0.4380363137692993,0.9763993948562784,0.700960219478738,0.9247645302090512,0.7329974811083123
67,0,1,0,0,1,0,1,0,0.10504136135862226,0.10579503677570908,0.9388804841149773,0.16872427983539096,0.8766368022053757,0.6775818639798489
56,0,1,0,0,1,3,0,0,0.341698317142089,0.34164258637830147,0.9667170953101362,0.5473251028806584,0.9083390764989663,0.7140395068275222
24,0,3,0,0,3,0,0,0,0.17538109111069286,0.17537687453221235,0.9471507816439738,0.2825788751714678,0.8860555938433264,0.6883202969640726
27,0,2,0,0,2,2,1,1,0.30754047393960643,0.3075621866436767,0.9626828038325769,0.4924554183813443,0.9174132781989432,0.7243802200715895
21,0,3,1,1,6,1,1,0,0.018369784675861422,0.018235330064198172,0.9286938981341402,0.03017832647462277,0.9956351941189984,0.8146626010871006
24,0,3,0,0,4,2,1,1,0.4754639877313756,0.47653689802172605,0.9824508320726173,0.7613168724279835,0.9633586032621181,0.7775420920058332
51,0,9,0,0,5,9,1,1,0.5766481887063055,0.6063108481613397,0.994351991931417,0.9231824417009602,0.939811624167241,0.7548720668169163
31,0,2,0,0,2,10,1,1,0.6034718455845525,0.6043764474239528,0.9974785678265254,0.9890260631001372,0.9527911784975879,0.7653453533077025
28,0,3,0,0,3,1,1,1,0.308187462265263,0.3083995636265184,0.9627836611195159,0.49382716049382713,0.980013783597519,0.7975606522603739
24,1,4,2,0,5,3,1,0,0.3667790166303828,0.36749112539057416,0.9696419566313667,0.5871056241426612,0.9116701125660464,0.7180167042290866
42,0,2,0,0,1,1,0,0,0.25158202222207854,0.25153051265836873,0.9561270801815431,0.40329218106995884,0.8962784286698828,0.7001193159220469
35,0,4,0,0,3,0,1,0,0.2989099472280035,0.29983698236147505,0.961674230963187,0.4787379972565158,0.9025959108660694,0.7075434177383004
45,0,9,0,0,4,9,1,1,0.5905859186224671,0.6370609241205631,0.9959657085224407,0.9451303155006858,0.9735814380886745,0.7893411109638075
21,0,10,0,1,9,0,1,1,0.21561459009524475,0.24488408184872953,0.9518910741301059,0.345679012345679,0.8983459682977257,0.7043616598170489
32,0,7,0,0,3,5,0,0,0.040556436974191014,0.04066823491925899,0.9313161875945537,0.06584362139917696,0.8680220537560304,0.6675062972292192
23,0,5,0,0,7,0,1,0,0.06548407958715184,0.06641735609168334,0.9342410489157842,0.1056241426611797,0.8749138525155066,0.7005170356622034
31,0,5,0,0,2,5,1,1,0.32884068549100376,0.3290334198627187,0.9652042360060514,0.5267489711934157,0.9154606018837583,0.7223916213708074
22,0,9,0,0,7,6,1,1,0.20364294233454353,0.20364446507444928,0.9504790721129601,0.32647462277091904,0.8919136227888812,0.6950815325467321
24,0,8,0,0,6,3,1,1,0.06971415409419793,0.07414514342958206,0.9347453353504791,0.11248285322359397,0.8954743854812773,0.6991913031950152
34,0,2,0,0,4,5,1,1,0.09273887000366408,0.09714294269593265,0.9332324760463944,0.149519890260631,0.8750287158281644,0.6762561315126607
24,0,6,0,0,5,0,1,1,0.07135240194962142,0.0712666855090645,0.9349470499243571,0.11385459533607682,0.872157133011716,0.6722789341110964
20,0,4,0,0,6,0,0,1,0.28956060639602543,0.28880283405718005,0.9604639435199193,0.46227709190672156,0.9013324144268321,0.7058199655309558
50,0,5,0,0,6,9,1,1,0.2749243825442224,0.2989835109546746,0.9588502269288957,0.4403292181069959,0.9145416953824949,0.7223916213708074
26,0,5,0,1,5,3,0,0,0.05847725084307662,0.05852636930787788,0.9634896621280887,0.5116598079561042,0.870434183321847,0.6702903354103142
21,0,7,0,0,6,0,1,0,0.2566053586035389,0.25604760150412925,0.956631366616238,0.4101508916323731,0.9117849758787043,0.7189447169561183
44,0,1,0,0,1,0,1,0,0.2566447674466589,0.25761779138822943,0.956732223903177,0.411522633744856,0.9535952216861935,0.766405939281453
27,0,8,0,0,5,4,1,1,0.5829298073383298,0.6114558778470577,0.9950579929399899,0.9327846364883402,0.9502641856191133,0.7672013787617659
26,0,4,0,0,4,2,1,0,0.34601477726341356,0.3459316708846476,0.9672213817448311,0.5843621399176955,0.9089133930622559,0.7147023730611163
46,0,7,0,1,1,15,1,1,0.12560985755798793,0.13074877549002828,0.9413010590015128,0.20164609053497942,0.9101768895014932,0.7217287551372134
45,0,3,0,0,2,3,0,0,0.47451461996075184,0.5119424351334361,0.9000504286434695,0.29766803840877915,0.9261428899609465,0.740289009677847
56,0,7,0,0,4,4,1,0,0.03795276184730581,0.05162706728032519,0.9310136157337368,0.06172839506172839,0.8676774638180565,0.6692297494365637
31,0,3,1,0,5,1,1,0,0.09095936408984974,0.0913173672475035,0.9372667675239537,0.14540466392318244,0.8873190902825637,0.6945512395598569
56,0,8,0,0,4,24,1,0,0.11500012896265824,0.11966652274079019,0.9285930408472012,0.15363511659807957,0.8780151619572708,0.6797030359273498
24,0,10,0,0,9,3,0,1,0.328044265347408,0.32816662584941925,0.9651033787191124,0.5253772290809328,0.9336090052837124,0.7563303725308232
24,0,5,0,0,5,0,1,0,0.21131570901936428,0.21228137873459063,0.951386787695411,0.3388203017832647,0.8908798529749598,0.6940209465729815
25,0,10,0,0,8,2,0,0,0.12102020715246468,0.27568972330992875,0.940695915279879,0.1934156378600823,0.8788192051458764,0.7038313668301737
68,0,1,0,0,1,0,1,0,0.2191745255676341,0.21909647314641886,0.9522945032778618,0.35390946502057613,0.8919136227888812,0.6950815325467321
31,0,3,0,0,2,1,1,0,0.28346550441566254,0.4800042628366865,0.924659606656581,0.02880658436213992,0.9005283712382265,0.7353837995492509
23,0,9,0,0,9,0,1,0,0.08243499693573401,0.08265968979348956,0.9362581946545638,0.13168724279835392,0.8736503560762693,0.6740023863184409
36,0,4,0,0,4,1,1,1,0.031199756642448402,0.12206134322135002,0.9249621785173979,0.00823045267489712,0.866758557316793,0.6801007556675063
44,0,3,0,0,1,4,0,1,0.034710480719258266,0.03377411887275966,0.9305093292990418,0.17146776406035666,0.8900758097863543,0.6949489593000132
34,0,2,0,0,1,1,1,0,0.04149918032486493,0.04149122626883397,0.9314170448814927,0.13443072702331962,0.8681369170686882,0.667638870475938
28,0,2,0,0,2,2,1,1,0.5723458911379771,0.608048370380462,0.9937468482097832,0.9149519890260631,0.9392373076039513,0.755137213310354
22,0,4,0,1,6,1,1,1,0.2730680651403149,0.27319981657522796,0.9586485123550177,0.4375857338820302,0.8991500114863312,0.7034336470900172
42,1,9,0,0,7,7,1,1,0.33130912114793826,0.33227518456702904,0.9655068078668684,0.5294924554183813,0.9462439696760855,0.7616333023995757
25,0,7,0,1,5,3,1,0,0.08250215484832904,0.08844483048542998,0.9361573373676249,0.13305898491083676,0.8736503560762693,0.6749303990454726
32,0,1,0,0,1,2,1,0,0.12710787031642212,0.12716802446479608,0.9415027735753908,0.2030178326474623,0.8954743854812773,0.6991913031950152
31,0,7,0,0,7,4,1,1,0.33495693198422005,0.3572253864820092,0.9659102370146243,0.5363511659807956,0.9074201699977027,0.7164258252684608
42,0,4,0,0,2,1,1,0,0.19651472879192697,0.19665879957314805,0.9495713565305093,0.31412894375857336,0.8889271766597748,0.6916346281320429
21,0,4,0,0,6,0,1,1,0.6524053929293563,0.6972635078140763,0.9368633383761977,0.1412894375857339,0.9499195956811395,0.7689248309691105
23,0,8,0,0,8,2,1,1,0.02763826189879652,0.0286125675654101,0.929803328290469,0.04526748971193416,0.8662991040661613,0.6656502717751558
45,0,7,0,0,6,13,1,1,0.12381649697276423,0.1282506427164153,0.9410993444276349,0.19890260631001372,0.881346198024351,0.690176322418136
44,0,1,0,0,1,0,1,0,0.30649891053120987,0.3067040955411104,0.9625819465456379,0.49108367626886146,0.9036296806799908,0.7086040037120509
40,0,7,0,0,4,20,1,0,0.20349755270389008,0.20363865319913088,0.9504790721129601,0.32647462277091904,0.9601424305076959,0.7872199390163065
33,0,7,0,0,6,4,1,1,0.18556546639625923,0.19942250027690853,0.9483610690872416,0.29766803840877915,0.9007580978635424,0.740289009677847
46,0,3,0,0,3,3,1,1,0.19992666260600647,0.22933489127357254,0.9500756429652042,0.3676268861454047,0.9490006891798759,0.7803261301869283
37,0,1,0,0,1,1,1,0,0.04313903710987145,0.04663787533177736,0.9316187594553706,0.06995884773662552,0.8683666436940042,0.6684343099562509
23,0,9,0,0,6,0,1,1,0.03615922249212843,0.048065748781798645,0.9308119011598588,0.05898491083676269,0.8707787732598208,0.6706880551504706
24,0,4,0,0,4,0,0,0,0.2110921075339806,0.21032075998187846,0.951386787695411,0.3374485596707819,0.8908798529749598,0.693755800079544
35,0,2,0,0,2,4,1,1,0.3055615004841537,0.33165219127221446,0.9624810892586989,0.4883401920438957,0.9035148173673329,0.7124486278668964
31,0,2,0,0,2,1,1,1,0.013823654822392497,0.01310209302122033,0.9281896116994452,0.5102880658436214,0.8644612910636342,0.6632639533342172
54,0,3,0,0,1,1,1,1,0.3415588567148989,0.42693796659610256,0.9563287947554211,0.4060356652949246,0.9230415805191822,0.7357815192894074
38,0,4,0,0,1,3,1,0,0.03201477879288985,0.032060877377189885,0.9303076147251639,0.05212620027434842,0.8668734206294509,0.666180564762031
24,0,3,0,0,4,0,1,1,0.18727514277983762,0.19497928682408425,0.9485627836611196,0.3004115226337449,0.8909947162876177,0.6974678509876707
47,0,2,0,0,1,2,1,1,0.272264672968526,0.2723752555225756,0.9585476550680787,0.43621399176954734,0.8990351481736734,0.7033010738432984
34,0,5,0,0,3,1,1,0,0.006850981071132157,0.007008724240812361,0.9273827534039334,0.012345679012345678,0.8635423845623708,0.6623359406071855
23,0,2,0,0,3,3,1,1,0.05519859996112151,0.05511573236995688,0.9330307614725164,0.08916323731138547,0.994486560992419,0.8133368686199125
25,0,6,0,2,3,3,1,0,0.03183189713028638,0.03717874523877017,0.84851235501765,0.05075445816186557,0.9334941419710544,0.7440010605859737
61,0,3,0,0,1,8,0,1,0.1085059528557214,0.1341616676342694,0.9391830559757942,0.1728395061728395,0.8926028026648288,0.7023730611162667
23,0,3,0,0,4,1,1,1,0.04463045524334807,0.04407006959815075,0.9318204740292486,0.07133058984910837,0.9618653801975648,0.7816518626541163
58,0,6,0,0,3,6,1,0,0.12020109315641703,0.2430646370246918,0.940695915279879,0.1934156378600823,0.9375143579140822,0.7552697865570728
19,0,8,0,0,8,3,1,1,0.580222604544942,0.5812525056261189,0.9947554210791729,0.9286694101508917,0.947162876177349,0.7934508816120907
20,0,10,1,0,8,2,1,1,0.47452036046259743,0.5185614358785383,0.9823499747856783,0.7599451303155007,0.9261428899609465,0.7413495956515975
24,0,4,0,0,5,0,0,0,0.23362941709643212,0.2335119605761323,0.9540090771558245,0.37585733882030176,0.8938662991040661,0.6973352777409518
35,0,2,0,0,1,1,1,0,0.36044079744469404,0.36079996797805725,0.8359051941502773,0.5775034293552812,0.9108660693774409,0.7169561182553361
23,0,4,0,0,5,6,1,1,0.6076729593591041,0.61137727347523,0.9692385274836107,0.9163237311385459,0.9439467034229267,0.7556675062972292
35,0,3,0,0,2,0,1,0,0.19490848075821024,0.19506716039193261,0.9494704992435703,0.32098765432098764,0.9423386170457156,0.7539440540898846
31,0,8,0,0,6,9,1,1,0.19403259737020856,0.19407040887258173,0.9493696419566313,0.3100137174211248,0.9009878244888583,0.7055548190375183
43,0,5,0,0,4,4,1,1,0.43430940635553605,0.4344329013977401,0.9776096822995461,0.6941015089163237,0.9207443142660234,0.728357417473154
55,0,7,0,0,2,3,1,1,0.0018675699793245597,0.031933691688598054,0.9267776096822995,0.00411522633744856,0.8628532046864231,0.666180564762031
27,0,5,0,0,4,2,1,1,0.21717623502552105,0.22431412643654283,0.9520927887039838,0.3484224965706447,0.8916838961635654,0.6958769720270449
25,0,5,0,0,3,2,1,1,0.41570809472634496,0.41576476048183886,0.9753908219868885,0.6652949245541838,0.9638180565127499,0.7797958372000531
46,1,9,0,1,7,9,1,1,0.0044221131639430415,0.1031302074961687,0.9270801815431164,0.00823045267489712,0.8810016080863772,0.6921649211189183
56,0,4,0,0,1,0,1,0,0.10472059840341945,0.10560646377499344,0.9388804841149773,0.16872427983539096,0.8766368022053757,0.6775818639798489
26,0,6,0,0,5,7,0,1,0.6568095496446197,0.667236915951113,0.9922339889056985,0.9835390946502057,0.9804732368481507,0.8027310088824076
27,0,7,0,0,5,11,1,1,0.5500735881685118,0.553799571111419,0.9912254160363086,0.8806584362139918,0.9407305306685044,0.751557735648946
52,0,3,0,0,2,4,1,0,0.34069548722365406,0.34077997492826534,0.9666162380231972,0.5459533607681756,0.9082242131863083,0.7139069335808034
25,0,9,0,0,6,7,1,0,0.015835114751092484,0.015692868080891646,0.9283913262733232,0.024691358024691357,0.9524465885596141,0.7656104998011402
42,0,3,0,0,2,2,0,0,0.5252644799664977,0.5366827637730294,0.9381744831064044,0.15912208504801098,0.9329198254077647,0.7441336338326926
41,0,1,0,0,1,0,1,0,0.2618394746920392,0.2622236578713322,0.9573373676248109,0.41975308641975306,0.8976567884217781,0.7017101948826727
50,0,3,0,0,2,9,1,1,0.08602254243430113,0.4499671102498541,0.9366616238023198,0.13854595336076816,0.874109809326901,0.7307437359140926
23,0,3,0,0,5,0,1,0,0.3118622574328847,0.35053248053948194,0.9631870902672718,0.4993141289437586,0.9576154376292212,0.7726368818772372
28,0,5,0,0,4,2,1,1,0.03701768574131147,0.03792196984145373,0.7981845688350984,0.06035665294924554,0.8895014932230646,0.692297494365637
46,0,6,0,0,4,12,1,0,0.288499775559289,0.29029183651375545,0.9604639435199193,0.46227709190672156,0.9408453939811624,0.7611030094127005
83,0,1,0,0,1,0,1,0,0.004328974018081449,0.004304274860810802,0.9269793242561775,0.006858710562414266,0.8631977946243969,0.661938220867029
60,0,1,0,0,2,3,1,0,0.22407280243483882,0.3265860938077012,0.9528996469994957,0.522633744855967,0.8926028026648288,0.7116531883865835
57,0,7,0,0,5,8,1,0,0.06972464193147984,0.073237835181157,0.9347453353504791,0.11248285322359397,0.9733517114633586,0.7930531618719342
22,0,6,0,0,5,0,1,0,0.05343480593990185,0.05353157411543332,0.9328290468986384,0.08641975308641975,0.8950149322306455,0.7001193159220469
20,0,8,0,0,9,0,0,1,0.5809920900155183,0.5966269326137099,0.9948562783661119,0.9300411522633745,0.948885825867218,0.7650802068142649
30,0,1,0,0,2,1,1,0,0.2028019190875073,0.2035773553004735,0.9503782148260211,0.32510288065843623,0.8897312198483804,0.6926952141057935
33,0,10,0,0,6,0,1,1,0.56760587533809,0.5993789201533671,0.9931417044881493,0.906721536351166,0.9632437399494601,0.7800609836934906
36,0,4,0,0,2,6,1,0,0.0712118986977016,0.0706304292167284,0.9348461926374181,0.14814814814814814,0.872157133011716,0.6721463608643776
54,0,1,0,0,1,1,1,0,0.15458691770814814,0.15570586224192404,0.9447302067574382,0.2496570644718793,0.8874339535952217,0.690176322418136
25,0,9,13,1,9,21,1,1,0.06113023668218221,0.16138397501453938,0.9337367624810893,0.09739368998628258,0.8999540546749368,0.7180167042290866
59,0,2,0,0,1,1,1,1,0.07757520526688859,0.07724986709433326,0.9356530509329299,0.12482853223593965,0.9109809326900988,0.7242476468248707
42,0,1,0,0,1,0,1,0,0.27216906083830533,0.27490708723820567,0.9585476550680787,0.4348422496570645,0.8990351481736734,0.7036987935834549
27,0,8,0,0,9,6,1,1,0.3331371333091815,0.3623842057112176,0.9657085224407463,0.53360768175583,0.9071904433723869,0.7172212647487737
33,0,1,0,0,1,0,1,0,0.36984055140360683,0.37028484914939824,0.9700453857791226,0.5925925925925926,0.9121295658166781,0.718414423969243
37,0,5,0,0,1,8,1,1,0.43952097756654585,0.43976723926156436,0.97821482602118,0.7037037037037037,0.9214334941419711,0.7291528569534668
30,0,4,0,0,3,5,1,1,0.02425927141451259,0.024316538613170707,0.929399899142713,0.039780521262002745,0.9738111647139903,1.0
51,1,8,0,0,3,19,1,1,0.4111677351697139,0.4129356885992833,0.9748865355521936,0.6584362139917695,0.9345279117849759,0.74665252552035
56,0,1,0,0,1,0,1,0,0.10251088259610044,0.1015222652595729,0.9384770549672213,0.16323731138545952,0.8762922122674018,0.6769189977462549
30,0,4,1,0,6,14,1,1,0.06960342597122811,0.11611895404643573,0.9347453353504791,0.2194787379972565,0.9340684585343442,0.7544743470767599
36,0,3,0,0,3,0,1,0,0.30487035597994083,0.3047195537187115,0.9623802319717599,0.4883401920438957,0.903399954054675,0.7083388572186133
48,0,1,0,0,1,0,1,0,0.19667737965477358,0.19672899907913072,0.9496722138174483,0.31550068587105623,0.8889271766597748,0.6916346281320429
23,0,6,0,0,6,1,1,0,0.02154043864247222,0.17353984505977535,0.9290973272818961,0.03429355281207133,0.8654950608775557,0.688055150470635
36,0,3,0,0,2,4,1,1,0.04391139283137054,0.05013862117420764,0.9317196167423096,0.23868312757201646,0.92706179646221,0.7428079013655045
20,0,7,0,1,7,1,1,1,0.44230270756728546,0.4423147580731394,0.978517397881997,0.7091906721536351,0.9340684585343442,0.7441336338326926
58,0,4,0,0,2,0,1,1,0.6025044518436004,0.6028566370607751,0.9973777105395865,0.9643347050754458,0.9592235240064323,0.7841707543417739
28,0,7,0,0,4,7,1,0,0.06712022192978769,0.06696784500004714,0.9344427634896622,0.1083676268861454,0.886859637031932,0.6960095452737638
21,0,6,0,0,8,0,1,0,0.04999885736204613,0.050796138001896536,0.9324256177508825,0.08093278463648834,0.8692855501952677,0.6690971761898449
51,0,1,0,0,1,0,0,0,0.38131160356737825,0.3811213142142306,0.9713565305093294,0.6131687242798354,0.9136227888812314,0.7201378761765875
38,0,2,0,0,1,2,1,0,0.01806312468367029,0.04147240970156378,0.9285930408472012,0.02880658436213992,0.9473926028026648,0.7589818374651995
50,0,1,0,0,1,0,1,0,0.37687195108464744,0.3768643589468242,0.9708522440746344,0.6035665294924554,0.9130484723179416,0.7194750099429935
22,0,6,0,0,6,0,1,1,0.25694314443099664,0.25688073631473,0.956732223903177,0.411522633744856,0.9646220997013554,0.7889433912236511
30,0,10,0,0,4,2,0,1,0.6126893435756996,0.6493327137576199,0.9986888552697932,0.9807956104252401,0.950838502182403,0.7817844359008352
26,0,10,0,0,8,3,1,1,0.4625040798034635,0.47323367646148473,0.9809379727685326,0.7393689986282579,0.9302779692166322,0.743073047858942
21,0,6,0,0,9,1,1,0,0.07849141121110674,0.10075651839817683,0.9357539082198689,0.18381344307270234,0.9120147025040202,0.7193424366962747
26,0,2,0,0,3,3,1,0,0.10656971535085973,0.10667111985468841,0.9390821986888552,0.3388203017832647,0.8768665288306915,0.6777144372265677
30,0,6,0,0,3,3,0,1,0.23008960317549465,0.2396402204781099,0.9536056480080686,0.3676268861454047,0.9117849758787043,0.7180167042290866
28,1,7,2,0,8,5,1,1,0.007094813356272696,0.008016433877216574,0.9273827534039334,0.012345679012345678,0.8635423845623708,0.6624685138539043
59,0,1,0,0,1,0,1,0,0.07037989340166159,0.07063444288788846,0.9347453353504791,0.11385459533607682,0.9237307603951298,0.7337929205886252
45,0,3,0,0,3,11,1,0,0.2980303394659671,0.2981272876000739,0.9615733736762481,0.4773662551440329,0.9024810475534114,0.7072782712448628
44,0,1,0,0,2,8,1,1,0.4429725784470117,0.4508715572673532,0.978618255168936,0.7901234567901234,0.9218929473926029,0.7308763091608114
20,0,9,0,0,9,0,1,0,0.2500546713279144,0.2500364633083545,0.9559253656076652,0.40054869684499317,0.9155754651964163,0.7249105130584648
32,0,1,0,0,1,0,1,0,0.2171753213124245,0.2174277396874755,0.9520927887039838,0.3484224965706447,0.8916838961635654,0.6948163860532944
29,0,3,0,0,2,1,1,0,0.28941215781283147,0.3256726557694104,0.9605648008068582,0.46364883401920437,0.9013324144268321,0.7115206151398648
20,0,8,0,0,5,0,0,1,0.6127055321881707,0.6140456792934278,0.9985879979828542,0.9794238683127572,0.9856420859177578,0.8041893145963145
39,0,1,0,0,1,0,1,0,0.022634312125645165,0.02251721181908131,0.9291981845688351,0.037037037037037035,0.8656099241902137,0.6647222590481241
24,0,6,1,2,6,8,1,1,0.08511086532890925,0.09475447057148985,0.9366616238023198,0.13717421124828533,0.8739949460142431,0.6758584117725043
32,0,8,0,0,3,1,1,1,0.0611780477131246,0.061924796340215416,0.9337367624810893,0.09876543209876543,0.9348725017229497,0.7446639268195678
37,0,10,0,1,8,26,1,1,0.188972930961497,0.18978581490921667,0.9487644982349975,0.30315500685871055,0.8999540546749368,0.7043616598170489
23,0,10,0,0,8,3,1,1,0.5432584504730904,0.5883015454054646,0.9904185577407968,0.869684499314129,0.9517574086836664,0.7650802068142649
21,0,9,0,0,9,0,1,1,0.31613772957649866,0.3161256024344068,0.9636913767019667,0.5061728395061729,0.9898920284861016,1.0
54,0,1,0,0,2,0,1,0,0.021673284581376535,0.021485757939923272,0.9290973272818961,0.03566529492455418,0.8654950608775557,0.6645896858014053
55,0,1,0,0,1,0,1,0,0.2912425833684492,0.29122176636918906,0.9607665153807362,0.4663923182441701,0.9015621410521479,0.7062176852711123
59,0,3,0,0,1,20,1,1,0.0928822335748426,0.26275789339846367,0.9374684820978316,0.149519890260631,0.8750287158281644,0.7018427681293915
38,0,3,0,0,1,0,1,1,0.02258993745047886,0.024177003931380968,0.9291981845688351,0.037037037037037035,0.9323455088444751,0.741747315391754
31,0,4,0,0,3,3,1,1,0.008941010394469708,0.008805497783693505,0.9275844679778114,0.015089163237311385,0.872157133011716,0.6721463608643776
28,0,4,0,0,5,0,1,0,0.06095936240146684,0.06034091626092077,0.9336359051941503,0.09739368998628258,0.8707787732598208,0.6705554819037518
28,0,1,0,0,2,1,1,0,0.12299000375029567,0.16394200487583555,0.9409984871406959,0.3196159122085048,0.8790489317711923,0.6865968447567281
45,0,2,0,0,1,4,1,0,0.08191552124536394,0.08367108525167691,0.9360564800806859,0.13031550068587106,0.9359062715368711,0.7465199522736312
37,0,5,0,0,5,8,1,0,0.037074028071709515,0.03718258008299735,0.9309127584467978,0.06035665294924554,0.8675626005053986,0.6669760042423439
47,0,4,0,0,5,2,1,0,0.3809804719548627,0.3805477168922077,0.9712556732223904,0.6131687242798354,0.9136227888812314,0.7200053029298688
38,0,9,0,0,3,20,0,1,0.0825786783201635,0.08340737513466537,0.9362581946545638,0.13305898491083676,0.8764070755800597,0.6928277873525123
25,0,3,0,0,4,0,1,0,0.08856198948949866,0.09040808196798722,0.9369641956631367,0.14266117969821673,0.8744543992648748,0.6751955455389103
36,0,4,0,0,1,6,1,0,0.38214583355617504,0.38224137683862774,0.9714573877962683,0.6117969821673526,0.9137376521938892,0.7202704494233064
39,0,6,0,0,1,22,0,1,0.02008325495512323,0.020754703503504744,0.9288956127080181,0.09876543209876543,0.9128187456926258,0.7222590481240886
32,0,2,0,0,1,2,0,0,0.23635072285283157,0.23538637481236957,0.9542107917297025,0.43621399176954734,0.8942108890420399,0.6976004242343895
23,0,4,0,0,5,0,1,0,0.19477994516152217,0.1940041832984407,0.9493696419566313,0.3113854595336077,0.9794394670342292,0.8020681426488134
33,0,3,0,0,2,1,0,0,0.014058796901451901,0.013850473800468424,0.7816439737771054,0.02880658436213992,0.8644612910636342,0.663396526580936
40,0,2,0,0,1,0,1,0,0.056927702679665265,0.0566584723198609,0.9332324760463944,0.09190672153635117,0.8702044566965311,0.6700251889168766
23,0,7,0,0,5,3,1,1,0.0369332566648592,0.038888628761933754,0.9309127584467978,0.05898491083676269,0.8675626005053986,0.6672411507357815
21,0,4,0,0,6,1,1,1,0.21450712016392887,0.2146055129025172,0.9517902168431669,0.3443072702331962,0.9584194808178268,0.7718414423969243
31,0,9,0,0,9,19,1,1,0.37602561439732163,0.375996303210165,0.9707513867876955,0.6021947873799726,0.9164943716976798,0.7233196340978391
79,0,1,0,0,1,1,1,0,0.1607335650251523,0.16091165334550073,0.9454362077660111,0.28669410150891633,0.8841029175281415,0.6860665517698529
39,0,1,0,0,1,0,0,0,0.004529951172661871,0.004596289307364444,0.9270801815431164,0.00823045267489712,0.8631977946243969,0.661938220867029
41,0,9,0,0,5,31,1,1,0.024052682869719778,0.23100787683958646,0.929299041855774,0.038408779149519894,0.9012175511141741,0.7086040037120509
20,0,9,0,0,8,0,1,1,0.32114789657137205,0.5005777351785531,0.9642965204236006,0.51440329218107,0.9353319549735815,0.7470502452605065
24,0,6,0,0,5,0,0,0,0.07122181049846615,0.07065540537835313,0.9348461926374181,0.11385459533607682,0.872157133011716,0.6721463608643776
32,0,2,0,0,3,6,1,1,0.041533732584243525,0.043097151735020135,0.9314170448814927,0.06721536351165981,0.8681369170686882,0.6679040169693756
24,0,10,0,0,10,3,1,1,0.4654970761627836,0.4646424034085447,0.9811396873424105,0.9561042524005487,0.9649666896393292,0.7793981174598966
25,0,9,0,0,7,3,1,1,0.19138402118996015,0.33826791352354735,0.9478567826525467,0.2962962962962963,0.8882379967838272,0.7135092138406469
21,0,7,0,0,7,0,1,1,0.042181018859822915,0.04234130989873935,0.9315179021684317,0.06858710562414266,0.8765219388927177,0.692297494365637
33,0,5,0,0,3,8,1,0,0.31509581855985885,0.31674894344825755,0.9635905194150277,0.5034293552812071,0.9047783138065701,0.7101948826726766
54,0,2,0,0,1,3,1,0,0.09724253206147251,0.09700106339435634,0.9379727685325264,0.15637860082304528,0.8756030323914542,0.6762561315126607
54,0,1,0,0,1,0,1,0,0.29874533982733065,0.29899124025210666,0.961674230963187,0.4828532235939643,0.9025959108660694,0.7074108444915816
29,0,4,0,0,5,1,1,1,0.1228203709275919,0.12297648011550312,0.9409984871406959,0.19753086419753085,0.8790489317711923,0.680233328914225
44,0,1,0,0,1,0,1,0,0.2500389296403275,0.2498260436173394,0.9559253656076652,0.40054869684499317,0.896048702044567,0.6998541694286093
29,0,8,0,3,6,9,0,1,0.07050134772185156,0.2533922897913496,0.9348461926374181,0.11385459533607682,0.8720422696990581,0.7003844624154846
47,0,1,0,0,1,0,1,0,0.3486484360841947,0.348752715424883,0.967523953605648,0.5582990397805213,0.9092579830002298,0.7151000928012727
33,0,4,0,0,2,3,0,1,0.03386795779094405,0.037208013246783876,0.9304084720121029,0.053497942386831275,0.8714679531357684,0.6717486411242212
20,0,10,0,0,8,1,1,1,0.461717432417335,0.46271353637124724,0.9808371154815936,0.7393689986282579,0.9348725017229497,0.7475805382473817
42,0,8,0,0,1,4,0,1,0.557297940219546,0.5607983903271161,0.9919314170448815,0.9039780521262003,0.9445210199862164,0.7584515444783243
22,0,7,0,0,6,0,1,0,0.0876871687895549,0.09641850485603046,0.9368633383761977,0.13991769547325103,0.8743395359522168,0.676123558265942
24,0,4,0,0,4,4,1,1,0.16236206991810082,0.16433467901593804,0.9456379223398891,0.26337448559670784,0.9192510912014703,0.7271642582526846
61,0,1,0,0,1,1,1,1,0.35443175333369464,0.35391112732607766,0.9681290973272819,0.5665294924554184,0.9100620261888352,0.7158955322815855
50,0,1,0,0,1,0,1,0,0.2259160299054721,0.22593324535644327,0.9531013615733737,0.3635116598079561,0.8928325292901448,0.6961421185204826
27,0,5,0,0,3,6,1,1,0.0723464026186779,0.07210340679315234,0.935047907211296,0.11659807956104253,0.8845623707787733,0.6912369083918866
21,0,5,0,0,7,0,1,0,0.1031923437278229,0.14543404321764136,0.9386787695410993,0.16598079561042525,0.9107512060647829,0.7274294047461223
21,0,9,0,1,9,0,1,1,0.06217766970405757,0.062036414150817606,0.9338376197680283,0.10013717421124829,0.9816218699747301,1.0
55,0,10,0,0,4,17,1,1,0.09885608979996148,0.12033652764929145,0.9381744831064044,0.15912208504801098,0.9240753503331036,0.7599098501922312
24,0,2,0,0,4,1,1,1,0.227705983929912,0.2286156890888717,0.9533030761472516,0.36488340192043894,0.9238456237077878,0.7319368951345618
62,0,4,0,0,1,8,1,0,0.030421471717485948,0.04302271999162613,0.9300050428643469,0.04801097393689986,0.8666436940041351,0.6679040169693756
30,0,4,0,0,3,0,1,0,0.1059471787821994,0.10671258783345597,0.9388804841149773,0.16872427983539096,0.8767516655180335,0.6777144372265677
25,0,3,0,0,4,1,1,1,0.15364661754684103,0.1536998313830915,0.9446293494704993,0.27709190672153633,0.994486560992419,0.8133368686199125
32,0,1,0,0,1,0,1,0,0.05516695767932208,0.05518428269422525,0.9330307614725164,0.08916323731138547,0.8699747300712153,0.6697600424234389
23,0,5,0,1,5,1,1,1,0.6118072231026477,0.6113856087972678,0.9983862834089763,0.9780521262002744,0.961635653572249,0.7755534933050511
37,0,6,0,0,2,7,0,1,0.16925567769151895,0.17445953210588713,0.9464447806354009,0.3113854595336077,0.8927176659774868,0.7161606787750232
30,0,5,0,0,3,1,1,1,0.596460716429925,0.597501843382796,0.9966717095310136,0.9547325102880658,0.9789800137835976,0.7955720535595917
25,0,7,0,0,5,0,1,0,0.03605292389134398,0.03548898968038451,0.9307110438729198,0.05761316872427984,0.8739949460142431,0.6744001060585973
65,0,1,0,0,1,0,1,0,0.04474085562140282,0.04473920024164685,0.9318204740292486,0.07133058984910837,0.8710084998851367,0.6738698130717221
42,0,1,0,0,1,0,0,1,0.6173227528932154,0.6171695970489741,0.9990922844175492,0.9876543209876543,0.9972432804962095,0.8166511997878828
36,0,6,0,0,5,0,1,0,0.2198772007338586,0.2206934075918133,0.9523953605648008,0.35253772290809327,0.8920284861015392,0.6953466790401697
51,0,5,0,0,1,0,0,0,0.02176744668863968,0.022579205155810963,0.9290973272818961,0.03566529492455418,0.8654950608775557,0.6647222590481241
44,0,7,0,0,2,11,0,1,0.279278543262443,0.30139709832835665,0.9345436207766011,0.10973936899862825,0.9363657247875029,0.7546069203234788
31,0,4,0,0,3,0,1,0,0.0990606423536153,0.11698115816845812,0.9380736258194654,0.15775034293552812,0.87583275901677,0.6793053161871935
28,0,7,0,0,6,4,1,1,0.02442943061541328,0.02846334642475635,0.929399899142713,0.038408779149519894,0.9309671490925798,0.7412170224048787
26,0,5,0,0,4,1,1,0,0.012137963407598047,0.011356225545230652,0.9279878971255673,0.019204389574759947,0.8642315644383184,0.6629988068407795
38,0,7,0,0,2,5,1,1,0.08191112151817086,0.0811086244563773,0.9360564800806859,0.13305898491083676,0.8754881690787962,0.6811613416412567
41,0,3,0,0,4,6,1,0,0.21203741325399045,0.2164659885728199,0.95148764498235,0.3401920438957476,0.8909947162876177,0.6946838128065757
40,2,6,0,0,8,23,1,1,0.24401523632479127,0.270634454809684,0.9467473524962179,0.3484224965706447,0.8952446588559614,0.7030359273498608
24,0,2,0,0,3,1,1,0,0.24819456002832352,0.24832187067595857,0.9557236510337872,0.39780521262002744,0.895818975419251,0.6995890229351717
27,0,9,0,1,10,18,1,1,0.5698474618554825,0.722799715653255,0.9935451336359052,0.9122085048010974,0.9388927176659775,0.7729020283706748
44,0,1,0,0,1,0,0,0,0.3777508040402129,0.3776806641560756,0.9709531013615734,0.6049382716049383,0.9131633356305996,0.7196075831897123
22,0,5,0,0,7,0,1,0,0.016420715460991945,0.017439748909500945,0.9284921835602622,0.027434842249657063,0.952561451872272,0.7650802068142649
45,0,1,0,0,1,6,1,1,0.009588674073284616,0.2164401480810196,0.9276853252647503,0.01646090534979424,0.8638869745003446,0.6946838128065757
54,0,1,0,0,1,0,0,0,0.08922735139372681,0.08865308438359136,0.9369641956631367,0.14266117969821673,0.8745692625775328,0.6749303990454726
51,0,4,0,0,1,17,1,0,0.2531584851951812,0.25259929169234946,0.9562279374684821,0.4046639231824417,0.8965081552951987,0.7002518891687658
24,0,3,0,1,4,2,1,1,0.4112420339487916,0.41987167995256397,0.9748865355521936,0.6584362139917695,0.9176430048242591,0.7261036722789341
43,0,4,0,0,6,8,1,1,0.5614002637313673,0.6139466687815932,0.9451336359051942,0.8491083676268861,0.9377440845393982,0.7560652260373857
31,0,9,1,0,3,5,1,1,0.24568610969675939,0.2457252141971616,0.9554210791729703,0.3936899862825789,0.9183321847002067,0.7257059525387777
21,0,7,0,0,6,1,1,1,0.2617356590072779,0.26181135250793197,0.9573373676248109,0.4430727023319616,0.9716287617734896,0.7869547925228689
48,0,1,0,0,1,2,0,0,0.17801704414587943,0.20541226865420484,0.9473524962178518,0.37448559670781895,0.8864001837813003,0.692960360599231
25,0,5,0,0,3,0,1,0,0.03095510002918817,0.030284072841813003,0.9301059001512859,0.04938271604938271,0.866758557316793,0.6659154182685934
34,0,9,0,0,6,16,1,1,0.2473830536869709,0.24748439434482078,0.9556227937468482,0.39643347050754457,0.9403859407305307,0.750894869415352
26,0,2,0,0,2,0,0,0,0.15961174383922241,0.15908314795686404,0.9452344931921332,0.2578875171467764,0.8839880542154835,0.6858014052764152
45,0,7,0,0,5,8,1,0,0.023163361940200636,0.023290876739671867,0.9291981845688351,0.037037037037037035,0.8657247875028716,0.6648548322948429
24,0,3,0,0,4,0,1,0,0.33988067363815855,0.34015476616644896,0.9665153807362582,0.5445816186556928,0.9081093498736503,0.7137743603340846
24,0,9,0,2,7,2,1,1,0.5389381368660977,0.5590667693967787,0.9899142713061019,0.8628257887517147,0.9695612221456467,0.7937160281055283
20,0,3,0,3,5,0,1,1,0.3348040240838484,0.3347746684774682,0.9659102370146243,0.5349794238683128,0.9523317252469561,0.7646824870741085
26,0,9,0,0,7,7,1,1,0.1006738723471892,0.2233385062997599,0.9203227433182047,0.04938271604938271,0.9275212497128417,0.7367095320164391
27,0,3,0,0,4,5,1,1,0.34162147585700353,0.34364046074202903,0.9667170953101362,0.5459533607681756,0.9150011486331265,0.7217287551372134
68,0,2,0,0,1,5,0,0,0.24836097499186124,0.24831044562191382,0.9557236510337872,0.401920438957476,0.895818975419251,0.6995890229351717
37,0,4,0,0,2,2,1,1,0.504881805202307,0.5047384120122661,0.9858799798285426,0.8079561042524005,0.934413048472318,0.7441336338326926
44,0,1,0,0,1,0,1,1,0.40185741584595613,0.4017201700457357,0.9737771053958648,0.6433470507544582,0.9501493223064553,0.7625613151266074
22,0,3,0,0,5,0,1,0,0.3803287859520902,0.38050860346805626,0.9712556732223904,0.6090534979423868,0.9135079255685734,0.7200053029298688
23,0,5,0,0,8,2,1,1,0.5073397728852878,0.5261954384249743,0.9861825516893595,0.8120713305898491,0.9642775097633816,0.7786026779795837
21,1,8,0,0,6,1,1,1,0.22594708621909007,0.27240420561604195,0.9531013615733737,0.36213991769547327,0.9189065012634965,0.7262362455256529
45,0,1,0,0,1,1,1,0,0.013891865491381347,0.013080921899333967,0.9281896116994452,0.05212620027434842,0.8644612910636342,0.6632639533342172
31,1,6,0,0,6,2,1,1,0.03296880451397311,0.035445852650243456,0.9304084720121029,0.053497942386831275,0.9120147025040202,0.7182818507225242
44,0,3,0,0,3,0,1,0,0.37791114082532584,0.37947968297044726,0.9709531013615734,0.6049382716049383,0.9131633356305996,0.71987272968315
33,0,9,0,0,5,9,1,1,0.3150471832007968,0.35638730412626557,0.9635905194150277,0.50480109739369,0.9167240983229956,0.7237173538379955
21,0,6,0,0,9,0,1,1,0.20106544707420673,0.20113516555236127,0.9501765002521432,0.3223593964334705,0.9288996094647369,0.7660082195412966
33,0,6,0,0,2,3,1,1,0.007943444258003935,0.013240574611072036,0.9274836106908724,0.013717421124828532,0.8781300252699288,0.6791727429404746
33,0,1,0,0,2,1,1,1,0.3391696856690884,0.33937465354144536,0.9664145234493192,0.5432098765432098,0.9079944865609925,0.7136417870873658
23,0,9,0,0,5,0,1,1,0.2869719082185921,0.28698028956630584,0.9602622289460413,0.45953360768175583,0.9009878244888583,0.7055548190375183
29,0,3,0,0,2,1,1,0,0.2919775662379674,0.2918701431536422,0.9608673726676752,0.46776406035665297,0.9016770043648059,0.7063502585178311
39,0,9,0,0,6,5,1,1,0.45330531293079523,0.4749741791294882,0.9798285426122038,0.7914951989026063,0.9394670342292671,0.7531486146095718
24,0,6,0,1,5,3,1,1,0.22322022866246277,0.22342288280758762,0.9527987897125567,0.35802469135802467,0.903285090742017,0.7082062839718944
30,0,9,0,0,10,18,1,1,0.42733450791151895,0.42760023227234223,0.9767019667170953,0.6831275720164609,0.91982540776476,0.7272968314994034
72,0,4,0,0,1,7,1,0,0.2269333501218183,0.22578886247780672,0.9531013615733737,0.3635116598079561,0.8929473926028026,0.6961421185204826
43,0,3,0,0,3,1,1,0,0.35187432996648926,0.35280648355722616,0.967826525466465,0.5624142661179699,0.9097174362508614,0.7157629590348668
29,0,2,0,0,2,1,1,1,0.4333736449647193,0.4343612812111241,0.9775088250126072,0.6927297668038409,0.9231564438318401,0.7310088824075301
49,0,1,0,0,1,2,1,1,0.1888695622016199,0.2663368462195375,0.9487644982349975,0.30315500685871055,0.8878934068458534,0.7023730611162667
64,0,1,0,0,1,0,0,0,0.19759261229591063,0.19766598266358326,0.9497730711043872,0.3168724279835391,0.8890420399724328,0.6917672013787618
26,0,5,0,0,6,5,0,1,0.337554797087611,0.36577697982551044,0.9662128088754413,0.5404663923182441,0.9077647599356765,0.7177515577356489
53,0,5,0,0,1,6,0,1,0.31781526709507296,0.3263601956521629,0.9638930912758447,0.5089163237311386,0.9334941419710544,0.7575235317512926
24,0,2,0,0,4,0,1,1,0.2440759684507183,0.26294474767365783,0.9551185073121533,0.3895747599451303,0.8952446588559614,0.7018427681293915
24,0,5,1,2,6,3,1,0,0.10383045314578061,0.1031350358233563,0.9387796268280383,0.16598079561042525,0.8765219388927177,0.6771841442396924
33,0,7,0,0,4,5,0,1,0.294355077510133,0.2953655738622343,0.9611699445284921,0.4718792866941015,0.9028256374913852,0.707808564231738
39,0,2,0,0,2,0,1,0,0.007746956215593426,0.007082222110223577,0.9273827534039334,0.012345679012345678,0.8636572478750287,0.6623359406071855
23,0,10,0,0,9,5,1,1,0.03448452542948463,0.061229894748726255,0.9306101865859808,0.056241426611796985,0.9063864001837812,0.7173538379954925
45,0,1,0,0,1,0,1,0,0.12651951853556898,0.126216724790884,0.9414019162884518,0.2030178326474623,0.879508385021824,0.6807636219011004
25,0,5,0,0,7,5,1,0,0.022624509573185642,0.05341595256850067,0.9291981845688351,0.037037037037037035,0.8698598667585573,0.7144372265676786
29,0,10,0,0,9,16,1,1,0.4711137599521357,0.4989839202696543,0.9819465456379224,0.7544581618655692,0.9256834367103147,0.7383004109770648
27,0,10,0,0,9,6,0,0,0.22920282475198325,0.22945557958360327,0.9535047907211296,0.3676268861454047,0.9262577532736044,0.7347209333156569
23,0,3,0,0,4,0,1,1,0.5389703949110709,0.5408781827058678,0.9899142713061019,0.8614540466392319,0.9347576384102918,0.7447965000662866
21,0,3,0,0,5,1,1,1,0.630785997557347,0.6309888754844857,0.9264750378214825,0.42112482853223593,0.947048012864691,0.7587166909717619
44,0,3,0,0,3,2,1,1,0.18716423588691414,0.18807949798988097,0.9485627836611196,0.3004115226337449,0.9021364576154376,0.7079411374784569
29,0,4,0,0,5,2,1,0,0.31430922083205076,0.3141810184966757,0.9634896621280887,0.5034293552812071,0.9046634504939123,0.7097971629325203
41,0,2,0,0,4,8,1,1,0.04210555807604637,0.04235080759584088,0.9315179021684317,0.06858710562414266,0.9600275671950379,0.7735648946042688
24,0,8,0,0,7,3,1,0,0.026965600221460218,0.09119457275359669,0.92970247100353,0.0438957475994513,0.9174132781989432,0.7261036722789341
32,0,7,0,0,4,0,1,0,0.3178403942052276,0.33828631282797417,0.9638930912758447,0.5089163237311386,0.905122903744544,0.7135092138406469
28,0,8,0,0,4,5,1,0,0.1890881978549572,0.21826798783607282,0.9486636409480586,0.30315500685871055,0.9004135079255686,0.7170886915020549
24,0,8,0,0,6,0,1,0,0.022409310275624435,0.02252007305000729,0.9291981845688351,0.03566529492455418,0.8656099241902137,0.6647222590481241
35,0,3,0,0,2,5,1,0,0.05184031699647091,0.05178222944908221,0.9326273323247605,0.10973936899862825,0.8695152768205835,0.6692297494365637
35,0,2,0,0,2,0,1,0,0.19317883179814138,0.19251974092865362,0.9492687846696923,0.3100137174211248,0.8884677234091432,0.6909717618984489
28,0,7,0,0,7,11,1,0,0.25923407145560184,0.25930381145068393,0.957034795763994,0.41426611796982166,0.9720882150241213,0.7885456714834946
39,0,5,0,0,2,0,1,0,0.004599323846349568,0.005298870522137587,0.9270801815431164,0.00823045267489712,0.8631977946243969,0.6620707941137478
49,0,1,0,0,1,0,1,1,0.11412294452666041,0.11419857135362023,0.9399899142713061,0.18381344307270234,0.8838731909028257,0.6881877237173538
58,0,1,0,0,1,0,1,0,0.2937923196276468,0.29356283942159067,0.9610690872415532,0.47050754458161864,0.9019067309901218,0.7066154050112687
43,0,1,0,0,1,3,1,1,0.30473737099773923,0.3049608111208178,0.9623802319717599,0.4883401920438957,0.9303928325292902,0.7394935701975341
27,0,3,0,0,2,2,1,0,0.18395500733696718,0.19175820643500968,0.9481593545133636,0.30727023319615915,0.8872042269699059,0.6908391886517301
26,0,3,0,0,4,1,1,0,0.06434819516486667,0.06961850721257204,0.9341401916288452,0.10425240054869685,0.8712382265104526,0.6720137876176587
62,0,3,0,0,1,3,1,1,0.3108816347153611,0.31168468392722104,0.9630862329803328,0.49794238683127573,0.9539398116241672,0.7742277608378629
53,0,2,0,0,1,5,1,0,0.1253890766652066,0.12630115097285974,0.9413010590015128,0.20027434842249658,0.9125890190673099,0.7190772902028371
36,0,2,0,0,3,1,1,0,0.31606374861067194,0.31592683629851737,0.9636913767019667,0.5061728395061729,0.9048931771192281,0.7100623094259578
48,0,8,0,0,6,20,1,1,0.25158847780373883,0.2904965635474073,0.9561270801815431,0.401920438957476,0.9045485871812543,0.7204030226700252
26,0,2,0,0,3,2,1,0,0.3270250183882278,0.32899935333200625,0.9650025214321735,0.52400548696845,0.9063864001837812,0.71205090812674
31,0,2,0,0,4,0,1,0,0.23529986340684422,0.23544724551335394,0.9542107917297025,0.3772290809327846,0.8940960257293821,0.6976004242343895
32,0,7,0,2,4,6,1,0,0.34420808838497746,0.34362031290759193,0.9670196671709531,0.5500685871056241,0.9086836664369401,0.7143046533209598
38,0,5,0,0,2,1,1,0,0.12546059457833833,0.2330073805153691,0.9413010590015128,0.20164609053497942,0.8793935217091661,0.697202704494233
24,0,2,0,0,3,0,1,0,0.33153884053840305,0.3313695453699775,0.9655068078668684,0.5308641975308642,0.906960716747071,0.7124486278668964
25,0,2,0,0,3,0,1,1,0.6075462710519374,0.6071108403803812,0.9979828542612204,0.9711934156378601,0.9662301860785665,0.78682221927615
55,0,1,0,0,1,1,0,0,0.09207951675621204,0.09208277632469304,0.9373676248108926,0.14814814814814814,0.8749138525155066,0.6754606920323478
48,0,2,0,0,3,0,0,0,0.2706173376404577,0.2714447792515137,0.9583459404942007,0.4334705075445816,0.8988054215483574,0.7031685005965796
22,0,4,0,0,7,0,1,1,0.059303773860537444,0.059434055079827894,0.9335350479072113,0.09602194787379972,0.8705490466345049,0.670422908657033
35,0,3,0,0,2,5,1,0,0.03454597263522634,0.03454502191072028,0.9306101865859808,0.056241426611796985,0.8672180105674248,0.6665782845021875
46,0,8,0,0,1,2,0,0,0.035388187681953676,0.051640111711595396,0.9307110438729198,0.05761316872427984,0.8844475074661153,0.6994564496884529
45,0,1,0,0,1,0,1,0,0.000348879496249312,0.0002286799078274327,0.9265758951084215,0.0013717421124828531,0.8626234780611073,0.661275354633435
20,0,8,3,0,8,3,1,1,0.5278404358189002,0.5270438430686766,0.9886031265758951,0.8436213991769548,0.9539398116241672,0.7665385125281718
20,0,4,0,1,7,0,1,0,0.26696767951465467,0.26698807430008703,0.9579425113464448,0.4279835390946502,0.8983459682977257,0.7025056343629855
22,0,5,0,1,6,2,1,1,0.3864042629642059,0.40702342182772866,0.9719616742309631,0.6186556927297668,0.9143119687571789,0.724115073578152
40,0,7,0,0,4,8,1,1,0.29698341295896047,0.3307355343491319,0.9614725163893091,0.47599451303155005,0.9153457385711004,0.7669362322683283
28,0,3,0,0,3,1,0,1,0.6169565426431243,0.6171890395105094,0.9990922844175492,0.9876543209876543,0.945210199862164,0.7565955190242609
24,0,9,1,0,9,2,1,1,0.071241395740057,0.08683129493976706,0.9349470499243571,0.11522633744855967,0.8801975648977717,0.6884528702107915
33,0,2,0,0,1,1,0,0,0.020934954741059122,0.020872560387098317,0.9289964699949571,0.04663923182441701,0.8653801975648978,0.6644571125546864
28,0,2,0,0,2,3,1,0,0.08844384241345159,0.08777460701067742,0.9369641956631367,0.1412894375857339,0.8744543992648748,0.6747978257987538
32,0,6,0,0,3,0,1,1,0.5811233468881678,0.5846826247648935,0.9948562783661119,0.9300411522633745,0.9619802435102228,0.7759512130452074
33,0,1,0,0,1,0,1,0,0.09801281206517623,0.09810784315157274,0.9380736258194654,0.15775034293552812,0.8757178957041121,0.6763887047593795
24,0,10,0,0,7,0,1,0,0.0995860869741051,0.09966136239159723,0.9381744831064044,0.15912208504801098,0.875947622329428,0.6766538512528172
29,0,10,0,0,7,12,1,1,0.35726308206491336,0.3616536579511089,0.9685325264750378,0.5720164609053497,0.9148862853204687,0.7215961818904945
31,0,10,0,0,6,16,1,1,0.011540116955872256,0.42493597921291887,0.9277861825516893,0.01783264746227709,0.8641167011256604,0.7268991117592469
24,0,3,0,0,3,1,1,1,0.5149931430301354,0.5150212288929205,0.9870902672718104,0.8244170096021948,0.9935676544911555,0.8124088558928808
31,0,4,0,0,6,2,1,0,0.10043485691913363,0.10136787800752502,0.9383761976802824,0.16186556927297668,0.9170686882609694,0.724115073578152
57,0,1,0,0,1,2,1,0,0.007729714846728452,0.014741101469988187,0.9274836106908724,0.05075445816186557,0.8636572478750287,0.6635290998276547
25,0,4,0,0,4,0,1,0,0.2834401886038902,0.28873375718694266,0.9598587997982855,0.4540466392318244,0.9849529060418103,0.8024658623889699
42,0,5,0,0,1,3,0,0,0.032886331975347106,0.03262674540178085,0.9304084720121029,0.056241426611796985,0.9332644153457386,0.7437359140925361
22,0,9,0,0,9,3,1,1,0.5168496292723325,0.5168515126160563,0.9500756429652042,0.6049382716049383,0.9957500574316563,0.8169163462813205
52,0,1,0,0,1,1,0,0,0.019233313073731752,0.019020559126447917,0.9287947554210791,0.06858710562414266,0.8651504709395819,0.6641919660612489
51,0,7,0,0,1,5,0,1,0.2852769604928632,0.302341890688878,0.9600605143721634,0.4567901234567901,0.9712841718355157,0.7968977860267797
30,0,2,0,0,2,0,1,0,0.33551923301015796,0.33496813934917863,0.9659102370146243,0.5377229080932785,0.9075350333103607,0.7129789208537717
56,0,3,0,0,2,3,1,0,0.11420787018631733,0.11355258886310171,0.9399899142713061,0.18244170096021947,0.8779002986446129,0.6787750232003181
23,0,7,0,0,5,3,1,0,0.3715872828259152,0.3717351057705176,0.9701462430660616,0.5939643347050755,0.912359292441994,0.7186795704626806
64,0,1,0,0,1,1,0,1,0.50485385749955,0.5047535328229236,0.9858799798285426,0.8079561042524005,0.9351022283482656,0.7450616465597243
45,0,1,0,0,1,0,1,0,0.10984477097041326,0.11026362378334227,0.9393847705496722,0.1755829903978052,0.8773259820813232,0.6782447302134429
33,0,7,0,0,5,5,0,0,0.22429780428485954,0.38378362998188115,0.9528996469994957,0.35939643347050754,0.9979324603721571,1.0
38,0,1,0,0,1,0,1,0,0.07642769086595083,0.07658810809440342,0.935552193645991,0.12208504801097393,0.8728463128876637,0.6730743735914092
39,0,2,1,0,1,7,0,0,0.16515581723239262,0.3176903380970543,0.9251638930912759,0.10699588477366255,0.8846772340914312,0.7103274559193955
48,0,7,0,0,3,7,1,1,0.4129543223600264,0.41468797397519724,0.9750882501260716,0.6611796982167353,0.917872731449575,0.7253082327986212
23,0,3,0,0,4,1,1,0,0.09719362854747993,0.1008274928208686,0.9379727685325264,0.16186556927297668,0.8756030323914542,0.676786424499536
20,0,7,0,0,7,0,0,1,0.2637819790769434,0.26723637549638257,0.9575390821986889,0.4224965706447188,0.8978865150470939,0.7025056343629855
49,0,2,0,0,1,2,0,0,0.2344206330480433,0.2344177189911391,0.9541099344427635,0.37585733882030176,0.8939811624167241,0.6974678509876707
33,0,9,0,0,7,0,0,1,0.6092665147261104,0.633789394666759,0.9981845688350983,0.9753086419753086,0.9710544452101999,0.7874850855097442
52,0,1,0,0,1,0,1,0,0.2945154440902383,0.2944317992277438,0.9611699445284921,0.4718792866941015,0.9020215943027797,0.7067479782579875
52,0,7,0,0,1,9,1,1,0.1993854663662656,0.2276270443904778,0.9499747856782652,0.3196159122085048,0.8892717665977486,0.6964072650139201
23,0,5,0,0,5,0,1,0,0.3273242892223339,0.3540622360843562,0.9649016641452345,0.522633744855967,0.9063864001837812,0.7158955322815855
49,0,4,0,0,2,3,1,0,0.2282978217248617,0.2276853221009355,0.9534039334341906,0.36488340192043894,0.9159200551343901,0.7255733792920589
36,0,8,0,1,3,16,1,1,0.5922003503473962,0.5925042465684031,0.9961674230963187,0.9478737997256516,0.9937973811164714,0.8126740023863185
24,2,9,1,0,5,10,1,0,0.06726269165119785,0.06716735624815691,0.9344427634896622,0.4513031550068587,0.8715828164484264,0.6716160678775023
66,0,1,0,0,1,0,1,0,0.04463020695174575,0.04489294172977047,0.9318204740292486,0.07270233196159122,0.86859637031932,0.6681691634628132
30,4,9,0,0,6,12,1,1,0.04043971012610919,0.04744577567518369,0.9313161875945537,0.0644718792866941,0.8931771192281185,0.7005170356622034
28,0,5,0,0,7,5,1,1,0.11276311101074833,0.1563221892660743,0.9397881996974281,0.18106995884773663,0.877670572019297,0.6854036855362587
26,0,6,0,0,4,9,0,1,0.5948516676669342,0.5958324442902692,0.9544125063035804,0.39643347050754457,0.9422237537330577,0.7532811878562906
23,0,4,0,0,6,0,1,0,0.1047745968610916,0.1048043355675871,0.9388804841149773,0.1673525377229081,0.8766368022053757,0.6774492907331301
50,0,1,0,0,2,0,0,0,0.11354771247407376,0.11359633191784861,0.9398890569843671,0.18244170096021947,0.877785435331955,0.6787750232003181
26,0,5,0,0,3,3,0,0,0.09354988969347618,0.11622655818587786,0.9375693393847705,0.18655692729766804,0.8751435791408224,0.6791727429404746
27,0,4,0,0,3,2,1,0,0.33068849145878376,0.36085372534104504,0.9654059505799294,0.5775034293552812,0.906845853434413,0.7169561182553361
25,0,8,0,0,6,5,1,1,0.21740849692199357,0.21982977285432792,0.9520927887039838,0.3484224965706447,0.8989202848610154,0.7090017234522074
27,0,6,0,0,4,2,0,1,0.011371358119608639,0.013994121501714269,0.9278870398386283,0.019204389574759947,0.8641167011256604,0.663396526580936
32,0,6,0,0,8,0,1,1,0.5761472653644606,0.5908806371055215,0.9942511346444781,0.9218106995884774,0.972432804962095,0.7880153784966194
27,0,5,0,0,5,6,1,0,0.7465637758184657,0.8482543694696963,0.9166918809884014,0.039780521262002745,0.9625545600735125,0.7922577223916214
28,0,2,0,0,3,0,1,1,0.08768887703577885,0.08778700567802336,0.9368633383761977,0.1412894375857339,0.9311968757178957,0.7409518759114411
38,0,1,0,0,1,0,1,0,0.37619783938435364,0.37622504272697005,0.9707513867876955,0.6021947873799726,0.9129336090052838,0.7193424366962747
29,0,7,0,0,4,6,1,1,0.4816717545092064,0.48179084324439386,0.9831568330811901,0.7709190672153635,0.9859866758557316,0.8036590216094393
61,0,1,0,0,1,0,1,0,0.3888001875415994,0.38980649127658873,0.9722642460917801,0.6227709190672154,0.9146565586951527,0.7214636086437757
28,0,4,0,0,2,0,1,0,0.09367325089317194,0.09292198131618193,0.9375693393847705,0.149519890260631,0.8751435791408224,0.6755932652790667
53,0,4,0,0,1,5,1,0,0.026950335253749697,0.2817429454439065,0.92970247100353,0.0438957475994513,0.9004135079255686,0.7112554686464272
23,0,3,0,0,5,0,1,1,0.011544695453019003,0.0111751036667181,0.9278870398386283,0.019204389574759947,0.8793935217091661,0.7127137743603341
69,0,1,0,0,1,0,1,0,0.19237540983136026,0.19243525513770027,0.9491679273827534,0.30864197530864196,0.9260280266482885,0.7352512263025321
23,0,8,0,0,5,3,1,1,0.08358777511864093,0.11352503958060951,0.9363590519415028,0.13443072702331962,0.8737652193889272,0.6787750232003181
20,0,5,1,0,7,1,1,1,0.43776955839878573,0.438189826756342,0.9780131114473021,0.700960219478738,0.947048012864691,0.7608378629192629
23,0,10,0,0,5,0,1,1,0.06016118435332666,0.060101099409107135,0.9336359051941503,0.09602194787379972,0.8706639099471629,0.6705554819037518
24,0,2,0,0,3,0,1,0,0.2955296556957234,0.2955467354800652,0.9612708018154311,0.4732510288065844,0.9021364576154376,0.7068805515047063
32,0,10,0,0,8,1,1,0,0.24485819624632557,0.34285528135392734,0.9553202218860313,0.39231824417009603,0.8953595221686194,0.714172080074241
24,0,9,0,1,4,6,0,1,0.40333890231534003,0.4055140827749537,0.9738779626828038,0.644718792866941,0.9917298414886285,0.8102876839453799
29,0,3,0,0,4,11,1,1,0.11606358175871517,0.11685593957612792,0.940191628845184,0.18655692729766804,0.8822651045256146,0.6915020548853241
25,0,4,0,0,6,2,1,1,0.5373455349388444,0.5367586857408639,0.9897125567322239,0.8587105624142661,0.958074890879853,0.7713111494100491
36,0,1,0,0,1,0,1,0,0.0457362268601041,0.04570015656993411,0.9319213313161876,0.07407407407407407,0.868711233631978,0.668301736709532
25,0,2,0,0,3,1,1,1,0.032951374443490375,0.03290425499711249,0.9304084720121029,0.053497942386831275,0.9777165173443602,0.8043218878430333
38,0,1,0,0,1,1,1,1,0.4524297473560445,0.45238063801455847,0.9797276853252648,0.7242798353909465,0.9481966459912704,0.76004242343895
54,0,1,0,0,1,0,0,0,0.2986421597690713,0.29895308057159725,0.961674230963187,0.4787379972565158,0.9025959108660694,0.7074108444915816
31,0,3,0,0,2,4,1,1,0.19049764003301245,0.19058637341354556,0.9489662128088754,0.3058984910836763,0.9155754651964163,0.7223916213708074
22,0,4,0,0,5,1,1,1,0.3424950749622639,0.34277537551942144,0.9668179525970751,0.5486968449931413,0.9534803583735355,0.7662733660347342
30,0,4,0,0,2,0,1,1,0.40883152968850994,0.40805079249191945,0.9744831064044377,0.6529492455418381,0.9172984148862853,0.7242476468248707
41,0,10,0,0,9,19,1,1,0.6205929717923558,0.656821787009791,0.9994957135653051,0.9931412894375857,0.9510682288077188,0.7677316717486411
38,0,7,0,0,6,2,1,1,0.10056758367806884,0.10766050966530265,0.9383761976802824,0.16049382716049382,0.8773259820813232,0.6782447302134429
24,0,6,0,0,4,0,1,0,0.38130766069673344,0.38143723186081174,0.9713565305093294,0.6104252400548696,0.9786354238456237,0.7959697732997482
31,0,7,1,0,2,19,1,1,0.22762349152795783,0.22770349290428143,0.9533030761472516,0.36488340192043894,0.9256834367103147,0.733925493835344
24,0,4,0,0,3,1,1,0,0.23092739863170073,0.23032140991843117,0.9537065052950076,0.36899862825788754,0.8935217091660923,0.6968049847540766
45,0,1,0,0,1,0,1,0,0.38957341724953864,0.38982514888658526,0.9722642460917801,0.6227709190672154,0.9147714220078107,0.7214636086437757
31,0,2,0,0,2,0,1,0,0.028628428945513214,0.031068159398658275,0.929904185577408,0.04663923182441701,0.8664139673788191,0.6660479915153122
37,0,1,0,0,1,4,1,1,0.3415930216393779,0.3417325561951963,0.9667170953101362,0.5459533607681756,0.9083390764989663,0.7140395068275222
49,0,8,0,0,3,4,1,0,0.03519770829631926,0.038043075414327845,0.9307110438729198,0.06721536351165981,0.8673328738800827,0.6671085774890627
57,0,1,0,0,1,0,1,0,0.10558585491084191,0.19857369824002208,0.9388804841149773,0.16872427983539096,0.9348725017229497,0.7493039904547263
23,0,10,0,0,9,1,1,1,0.044693233292078194,0.045538586436082454,0.9318204740292486,0.07270233196159122,0.8757178957041121,0.6954792522868886
21,0,6,0,1,6,0,1,1,0.12196331797471004,0.12190115402881332,0.9408976298537569,0.19615912208504802,0.9410751206064782,0.7568606655176985
27,0,3,0,0,3,6,0,1,0.3847255733725968,0.3848703811226157,0.9717599596570852,0.6159122085048011,0.9496898690558235,0.7622961686331698
56,0,1,0,0,1,1,1,0,0.11516424971179055,0.11616300508090036,0.940090771558245,0.18518518518518517,0.8780151619572708,0.6791727429404746
21,0,6,0,0,7,0,1,1,0.2874556497815565,0.28698846593107,0.9602622289460413,0.45953360768175583,0.9011026878015161,0.7055548190375183
32,1,7,3,0,6,24,1,1,0.585553087570134,0.5873744668461275,0.9953605648008068,0.9368998628257887,0.9677234091431197,0.7929205886252154
23,0,2,0,0,4,0,1,0,0.3072084385456584,0.3072970061718837,0.9625819465456379,0.4924554183813443,0.9037445439926487,0.7087365769587697
33,0,6,0,0,2,3,0,1,0.1161232015382638,0.11694367405636182,0.940191628845184,0.18792866941015088,0.8781300252699288,0.6793053161871935
39,0,8,0,0,6,13,1,1,0.22838613408197422,0.22929412866770688,0.9534039334341906,0.3662551440329218,0.9078796232483345,0.7133766405939281
22,0,5,0,3,5,1,1,1,0.22158469215133658,0.22185196768092633,0.9525970751386788,0.355281207133059,0.941649437169768,0.7536789075964471
24,0,10,0,0,9,6,1,1,0.5852259882132401,0.5855056856582757,0.9952597075138678,0.9355281207133059,0.9461291063634275,0.7576561049980114
25,0,9,0,0,5,5,0,1,0.09647479456377653,0.09637008249654003,0.9378719112455874,0.1550068587105624,0.8903055364116701,0.6941535198197004
39,0,7,0,0,4,5,1,0,0.12102340514830254,0.12366047326408698,0.9407967725668179,0.19478737997256515,0.8826096944635883,0.6855362587829776
22,0,8,0,0,6,0,1,0,0.03981476016307435,0.08523381407874439,0.9312153303076147,0.0644718792866941,0.8679071904433724,0.6744001060585973
21,0,5,0,1,7,0,1,0,0.0836026924781082,0.08329262785273789,0.9363590519415028,0.13443072702331962,0.8737652193889272,0.6741349595651598
26,0,2,0,0,3,0,1,0,0.1091013263230881,0.10923447478465238,0.9393847705496722,0.1755829903978052,0.8772111187686653,0.6781121569667241
47,0,1,0,0,1,0,1,0,0.0806850675175878,0.08082667399221262,0.9360564800806859,0.1289437585733882,0.8734206294509533,0.6737372398250033
21,0,4,0,0,6,0,1,1,0.256610294640593,0.2560537213591654,0.956631366616238,0.4101508916323731,0.8969676085458305,0.700782182155641
24,0,4,0,2,6,3,1,1,0.22778270603502832,0.2268481934888339,0.9532022188603126,0.3635116598079561,0.8930622559154606,0.6962746917672014
22,0,5,0,0,6,0,1,0,0.04213012901301178,0.042150779736591704,0.9315179021684317,0.06721536351165981,0.8682517803813462,0.6677714437226567
46,0,2,0,0,1,1,0,0,0.01031050741954401,0.03117101468954964,0.9276853252647503,0.01783264746227709,0.9911555249253389,0.8096248177117857
23,0,3,0,0,4,0,1,0,0.0069924774894612384,0.007800828205148151,0.9273827534039334,0.012345679012345678,0.8635423845623708,0.6624685138539043
33,0,3,0,0,2,2,0,1,0.3673493722358999,0.3683891743778082,0.9697428139183056,0.588477366255144,0.9117849758787043,0.7181492774758054
28,0,4,0,1,3,3,0,0,0.3372928991054858,0.37526272532702704,0.9662128088754413,0.5404663923182441,0.9077647599356765,0.7192098634495558
25,0,8,1,0,6,6,1,1,0.39475905688560237,0.39422622872705854,0.972869389813414,0.6310013717421125,0.9154606018837583,0.7221264748773697
28,0,7,0,0,5,5,1,1,0.1117198790827842,0.1333495350534517,0.9396873424104891,0.17969821673525377,0.8944406156673559,0.7013124751425163
32,0,5,2,1,3,10,1,1,0.29814960882005664,0.3031707733924082,0.9615733736762481,0.4773662551440329,0.9093728463128876,0.7151000928012727
32,0,2,0,0,1,0,0,0,0.3518856719268832,0.3519761006944257,0.967927382753404,0.5637860082304527,0.9097174362508614,0.715630385788148
20,2,9,2,0,9,4,1,1,0.25172398542861996,0.25245116338295215,0.9561270801815431,0.40329218106995884,0.9042039972432805,0.7092668699456449
23,0,7,0,0,5,0,1,1,0.06181172760889695,0.06538956816464922,0.9337367624810893,0.09876543209876543,0.8714679531357684,0.6714834946307835
26,0,4,0,0,5,1,0,0,0.3161186210547842,0.31601571328415573,0.9636913767019667,0.5363511659807956,0.9048931771192281,0.7100623094259578
30,0,3,0,0,2,1,1,1,0.10742803955674546,0.10730064033255292,0.9391830559757942,0.1728395061728395,0.8988054215483574,0.7047593795572054
27,0,5,0,0,6,2,1,1,0.12281861302304749,0.12821511576575098,0.9409984871406959,0.19615912208504802,0.9122444291293361,0.7274294047461223
56,0,8,0,0,3,1,0,0,0.00025491602226802244,0.14520745955886039,0.9265758951084215,0.0013717421124828531,0.8821502412129566,0.7121834813734589
27,0,1,0,0,2,1,1,0,0.28184420991084536,0.281799295797421,0.9596570852244075,0.4513031550068587,0.9002986446129106,0.7047593795572054
28,0,5,0,0,3,1,1,0,0.23093706214086296,0.23545999189973604,0.9537065052950076,0.36899862825788754,0.8935217091660923,0.6976004242343895
26,0,6,0,0,7,1,1,1,0.06705570583984133,0.06700506087174414,0.9343419062027232,0.10699588477366255,0.8873190902825637,0.6962746917672014
34,0,1,0,0,1,0,1,1,0.25837911408384356,0.2575402103038509,0.956933938477055,0.41289437585733885,0.9096025729382036,0.7197401564364311
26,0,8,0,0,4,0,1,0,0.03121052256632492,0.031148989172317326,0.9302067574382249,0.05075445816186557,0.866758557316793,0.6660479915153122
29,0,2,0,0,2,0,1,1,0.28953323472978587,0.2999343238219361,0.9605648008068582,0.46364883401920437,0.9013324144268321,0.7075434177383004
23,0,6,0,0,5,2,1,1,0.20179164042100284,0.20621727796219635,0.9502773575390822,0.32373113854595337,0.8912244429129336,0.6942860930664192
23,0,7,0,0,5,0,0,0,0.2823914446023546,0.28240710867260055,0.9597579425113465,0.4513031550068587,0.9004135079255686,0.7048919528039241
32,0,1,0,0,1,0,1,1,0.34780808819031683,0.34764750537074407,0.967423096318709,0.5569272976680384,0.9091431196875718,0.7149675195545538
31,0,6,0,0,5,1,1,0,0.22589767619022874,0.3257133090921504,0.9531013615733737,0.36213991769547327,0.8928325292901448,0.7115206151398648
25,0,6,0,0,6,2,1,0,0.06614734591025644,0.06620060791421044,0.9343419062027232,0.1056241426611797,0.8714679531357684,0.6714834946307835
46,0,1,0,0,1,6,1,1,0.054345688512166306,0.07297823808360157,0.9275844679778114,0.056241426611796985,0.8698598667585573,0.672544080604534
51,0,2,0,0,2,0,1,0,0.25949967394843365,0.259498295675014,0.957034795763994,0.4156378600823045,0.8973121984838043,0.7013124751425163
44,0,1,0,0,1,0,0,0,0.26109573209479126,0.260948661579259,0.9572365103378719,0.41838134430727025,0.9950608775557087,0.8141323081002254
58,0,2,0,0,1,1,0,0,0.14713542849931335,0.14615569930525438,0.9437216338880484,0.23868312757201646,0.8822651045256146,0.683812806575633
23,0,4,0,0,5,1,1,1,0.35036723966707434,0.35280258910402135,0.967725668179526,0.5610425240054869,0.9094877096255456,0.7157629590348668
62,0,1,0,0,1,0,1,0,0.07499660759183753,0.07492169938558742,0.935350479072113,0.12071330589849108,0.8726165862623478,0.6728092270979716
35,0,3,0,0,3,5,0,0,0.2767073049504846,0.27670294677676327,0.9590519415027736,0.4430727023319616,0.899609464736963,0.7039639400768924
25,0,8,0,0,5,3,1,1,0.3519918811426908,0.3528378080749679,0.967927382753404,0.5637860082304527,0.9097174362508614,0.7157629590348668
26,0,4,0,0,5,3,1,1,0.39736886978089686,0.3976930570612204,0.9732728189611699,0.635116598079561,0.923386170457156,0.7318043218878431
39,0,4,0,0,2,1,1,0,0.23527787470254294,0.23543600922107172,0.9542107917297025,0.3772290809327846,0.8940960257293821,0.6976004242343895
27,0,2,0,0,2,1,1,1,0.37672804127194387,0.3768341769344869,0.9708522440746344,0.6035665294924554,0.9130484723179416,0.7194750099429935
32,0,5,0,0,2,0,1,0,0.056133109962262555,0.05582480102846151,0.9331316187594554,0.09053497942386832,0.8700895933838731,0.6698926156701578
30,0,6,0,0,4,6,1,1,0.001710758934964494,0.0018979200430806003,0.9267776096822995,0.0027434842249657062,0.8628532046864231,0.6615405011268726
58,0,1,0,0,1,0,0,0,0.11965554684780354,0.11885286019621348,0.940494200706001,0.19204389574759945,0.8785894785205606,0.679570462680631
38,0,1,0,0,1,0,1,0,0.20463396350437218,0.20460731895519094,0.9505799293998991,0.3278463648834019,0.8899609464736963,0.6928277873525123
31,0,10,0,0,7,0,1,0,0.12206250550400409,0.19077342638533176,0.9408976298537569,0.19615912208504802,0.8789340684585344,0.6907066154050112
24,0,7,0,0,5,1,1,0,0.041202700288368845,0.061802846306824956,0.9314170448814927,0.06721536351165981,0.9402710774178727,0.7560652260373857
24,0,4,0,0,6,1,1,1,0.1177151579073511,0.12112724073748267,0.940393343419062,0.18930041152263374,0.8783597518952446,0.6799681824207875
36,0,4,0,0,1,14,1,1,0.16576259225013779,0.1657499252975325,0.946041351487645,0.3168724279835391,0.934413048472318,0.7443987803261302
28,0,6,0,0,6,8,1,1,0.006864229911031855,0.008992868670027044,0.9273827534039334,0.012345679012345678,0.8635423845623708,0.662601087100623
20,0,7,0,0,6,0,1,1,0.30734500885859745,0.30756116335622746,0.9625819465456379,0.4924554183813443,0.9037445439926487,0.7087365769587697
31,0,3,0,0,2,6,1,1,0.1099038544401009,0.1092852417639294,0.9394856278366112,0.1755829903978052,0.8773259820813232,0.6781121569667241
33,0,2,0,0,1,0,1,1,0.3639496245736622,0.36404780286325567,0.9693393847705497,0.5829903978052127,0.9535952216861935,0.7662733660347342
29,0,2,0,0,2,2,0,1,0.24668010043415178,0.24578308457960554,0.9554210791729703,0.3936899862825789,0.9787502871582816,0.7951743338194353
21,0,6,0,0,6,1,1,1,0.08582705748996398,0.08610349912745868,0.9366616238023198,0.13854595336076816,0.9099471628761774,0.7246453665650272
34,0,3,0,0,1,6,1,1,0.38274545777577346,0.49448857876589725,0.9565305093292991,0.5102880658436214,0.9138525155065472,0.7376375447434708
22,0,8,1,2,5,4,1,1,0.4053470947265535,0.4071152593925891,0.9741805345436207,0.6488340192043895,0.9168389616356536,0.724115073578152
46,0,3,0,0,4,2,1,0,0.2523731388570488,0.252468132071916,0.9562279374684821,0.4046639231824417,0.8963932919825408,0.7002518891687658
33,0,7,0,0,6,21,1,1,0.4232437349250374,0.4278024557289339,0.9762985375693394,0.6844993141289437,0.9192510912014703,0.7272968314994034
51,0,1,0,0,1,0,0,0,0.013821589036261211,0.013122787271285692,0.9281896116994452,0.023319615912208505,0.908798529749598,0.7144372265676786
34,1,6,0,0,5,9,1,1,0.4110856598976516,0.4114012641017579,0.9748865355521936,0.6584362139917695,0.9176430048242591,0.724777939811746
29,0,9,0,0,4,10,1,1,0.2875593065596923,0.31185897064296597,0.9603630862329803,0.4609053497942387,0.9011026878015161,0.7093994431923638
25,0,9,0,0,9,7,1,1,0.28926520891091545,0.2886508311642372,0.9604639435199193,0.46227709190672156,0.9022513209280956,0.7127137743603341
33,0,8,0,0,6,5,1,1,0.022693941836857898,0.026857003695726807,0.9290973272818961,0.03566529492455418,0.8656099241902137,0.6653851252817181
35,3,10,0,0,5,13,1,0,0.04301001486164283,0.04294728483044211,0.9316187594553706,0.06995884773662552,0.9135079255685734,0.7418798886384728
20,0,9,0,1,8,1,1,1,0.6190433243123035,0.6191628616517654,0.9992939989914271,0.99039780521262,0.9460142430507695,0.7662733660347342
31,0,10,0,0,8,4,1,1,0.08853246265215098,0.1288876639906309,0.9266767523953605,0.04938271604938271,0.998162186997473,0.8177117857616333
42,0,6,0,0,3,4,0,1,0.20868036181568736,0.20813541538352134,0.9442259203227433,0.32647462277091904,0.8905352630369859,0.6933580803393875
40,0,3,0,0,2,11,1,1,0.25151059369392365,0.2508964718330344,0.9561270801815431,0.40329218106995884,0.8962784286698828,0.6999867426753281
20,0,4,0,0,7,1,1,1,0.2660183018123668,0.26637306860827414,0.9578416540595058,0.42661179698216734,0.8982311049850678,0.7023730611162667
30,0,4,0,1,4,2,1,1,0.031838382506938934,0.031125721801384496,0.9303076147251639,0.05075445816186557,0.9077647599356765,0.7132440673472094
49,0,2,0,0,1,4,0,0,0.2584230616974539,0.26099686537249817,0.956933938477055,0.41426611796982166,0.8971973351711463,0.7015776216359538
31,0,3,0,0,1,1,0,1,0.44917018513247564,0.47735821038509796,0.9792233988905699,0.7174211248285323,0.9318860555938433,0.7886782447302134
33,0,2,0,0,2,1,1,1,0.2198381593623101,0.22182804461123964,0.9523953605648008,0.35253772290809327,0.9060418102458075,0.7115206151398648
29,0,4,0,0,2,3,1,1,0.18998446101767716,0.19006355300562922,0.9488653555219364,0.3045267489711934,0.9028256374913852,0.7116531883865835
36,0,8,0,0,2,9,1,0,0.03728058682151005,0.03805928905624176,0.9308119011598588,0.05898491083676269,0.9092579830002298,0.7190772902028371
29,0,3,0,0,2,1,1,0,0.1804761539702309,0.18028196814816136,0.9477559253656077,0.31824417009602196,0.92706179646221,0.7437359140925361
27,1,9,2,0,10,11,1,0,0.3356927590451861,0.3376568817635761,0.9660110943015633,0.5377229080932785,0.9075350333103607,0.7133766405939281
31,0,7,0,0,3,9,1,0,0.050093486257521636,0.05003220921431801,0.9324256177508825,0.08093278463648834,0.9639329198254077,1.0
28,0,3,0,0,3,3,0,0,0.29111538854641367,0.29125875373980514,0.9607665153807362,0.4663923182441701,0.9015621410521479,0.7062176852711123
34,0,8,0,4,8,11,1,1,0.09559413404534625,0.09550382496403914,0.9377710539586485,0.1522633744855967,0.8876636802205375,0.690176322418136
21,0,4,0,0,7,0,1,1,0.12477021481226061,0.12477369079088685,0.9412002017145739,0.20027434842249658,0.9056972203078337,0.7108577489062707
20,0,5,0,0,8,0,1,1,0.23527225338066646,0.23544555659232125,0.9542107917297025,0.3772290809327846,0.9078796232483345,0.7694551239559857
47,0,4,0,0,1,2,1,0,0.050763883515444794,0.0551981715860118,0.9325264750378215,0.09053497942386832,0.8919136227888812,0.6958769720270449
34,1,10,0,0,10,21,1,1,0.29208480834684064,0.29628893679529955,0.9608673726676752,0.46776406035665297,0.9137376521938892,0.7512925891555085
34,0,9,0,0,4,22,1,0,0.07992728154731274,0.08081783199386497,0.9359556227937469,0.1673525377229081,0.9012175511141741,0.7067479782579875
77,0,1,0,0,1,0,1,0,0.23516821919929515,0.23434194604574857,0.9541099344427635,0.37585733882030176,0.8940960257293821,0.6974678509876707
31,0,6,0,0,3,2,0,0,0.09701470961884945,0.19672745918054207,0.9378719112455874,0.1550068587105624,0.8756030323914542,0.6916346281320429
36,0,5,0,0,3,16,1,1,0.2583150449187814,0.2577465169754099,0.956933938477055,0.41289437585733885,0.9189065012634965,0.7262362455256529
25,0,10,4,4,7,14,1,1,0.22581694169281896,0.29628939379746133,0.9531013615733737,0.36213991769547327,0.9369400413507926,0.7625613151266074
31,0,10,0,0,5,6,1,1,0.10321068751140217,0.10311338782964895,0.9233484619263742,0.12482853223593965,0.8764070755800597,0.6771841442396924
47,0,1,0,0,1,7,1,1,0.08345335997680996,0.13156121605056367,0.9363590519415028,0.13443072702331962,0.8737652193889272,0.6815590613814132
30,1,4,0,0,4,9,1,1,0.3432697447614966,0.3436350859992132,0.9669188098840141,0.5500685871056241,0.9699058120836205,0.7856290600556808
49,0,1,0,0,2,0,0,0,0.004353386048421372,0.004558487280720801,0.9270801815431164,0.006858710562414266,0.8631977946243969,0.661938220867029
28,0,4,0,0,4,2,1,0,0.2997925642842601,0.29956859293971994,0.961775088250126,0.48010973936899864,0.9027107741787274,0.7075434177383004
31,0,6,0,1,2,10,1,1,0.01566960356898719,0.1709832855532606,0.9283913262733232,0.02606310013717421,0.9172984148862853,0.7243802200715895
24,0,3,0,2,4,1,1,0,0.07928464329052876,0.07898053428102865,0.9358547655068079,0.12757201646090535,0.8731909028256375,0.6734720933315657
23,0,8,0,0,5,0,1,1,0.35993847373821214,0.3632287556410335,0.9688350983358548,0.5761316872427984,0.9107512060647829,0.7173538379954925
29,0,4,0,0,2,2,1,0,0.10818287582278499,0.11017272009246465,0.9392839132627332,0.17421124828532236,0.8770962554560073,0.6782447302134429
49,0,1,0,0,1,0,0,0,0.11013506358017958,0.11018664872356962,0.9394856278366112,0.17695473251028807,0.8773259820813232,0.6782447302134429
27,0,9,0,1,5,5,1,1,0.24318298273714894,0.242929821386964,0.9551185073121533,0.3895747599451303,0.9249942568343671,0.7539440540898846
34,0,2,0,1,1,0,1,0,0.08781222830381052,0.0877737923546499,0.9368633383761977,0.1412894375857339,0.9481966459912704,0.760705289672544
21,0,9,0,4,9,2,1,1,0.2646384758566361,0.27125368280407863,0.9576399394856279,0.42386831275720166,0.8980013783597519,0.7031685005965796
34,0,9,0,0,7,1,0,0,0.15198470253588456,0.1694820235169537,0.6900655572365103,0.039780521262002745,0.8829542844015621,0.687392284237041
28,0,6,0,0,4,2,1,1,0.07140455311777233,0.07124016944885112,0.9349470499243571,0.11522633744855967,0.8862853204686423,0.7119183348800212
57,0,1,0,0,1,0,1,0,0.22522735838561833,0.23033339132293373,0.9528996469994957,0.35939643347050754,0.8927176659774868,0.6968049847540766
27,0,7,0,0,3,3,1,0,0.22921192215629219,0.22948315867058428,0.9273827534039334,0.39780521262002744,0.8932919825407765,0.6966724115073578
39,0,2,1,0,1,4,1,1,0.5208576714969215,0.5201955365214818,0.9876954109934443,0.8737997256515775,0.9486560992419021,0.7612355826594194
22,0,8,1,1,7,2,1,1,0.008893000730245466,0.018294760214889967,0.9275844679778114,0.015089163237311385,0.8742246726395589,0.684475672809227
34,0,6,0,1,3,3,1,1,0.4524322302720677,0.45237599844913334,0.9797276853252648,0.7242798353909465,0.9231564438318401,0.7311414556542489
48,0,1,0,0,1,0,0,0,0.04817312948354423,0.04837689771016981,0.9322239031770045,0.07818930041152264,0.8690558235699517,0.6686994564496884
26,0,8,1,1,4,13,1,1,0.2071805216310601,0.20625536809889852,0.9507816439737771,0.33058984910836764,0.8942108890420399,0.6981307172212647
64,0,2,0,0,1,0,1,0,0.23857698481252906,0.23886330686823878,0.9546142208774584,0.38271604938271603,0.8945554789800138,0.6981307172212647
30,0,4,0,0,2,0,1,0,0.20543675977631548,0.20978111990744236,0.9506807866868381,0.3292181069958848,0.9472777394900069,0.7624287418798886
33,0,6,0,0,6,6,1,1,0.5124636276390306,0.6424714025184733,0.9868885526979324,0.8203017832647462,0.9516425453710085,0.7673339520084846
45,0,1,0,0,1,1,1,0,0.3132924567888938,0.31370029196179194,0.9633888048411497,0.5006858710562414,0.9045485871812543,0.7096645896858014
24,0,7,0,0,7,0,1,1,0.23089175388927194,0.23091415165710127,0.9537065052950076,0.36899862825788754,0.8950149322306455,0.7062176852711123
26,0,7,0,0,5,7,1,1,0.36562916828838327,0.3650459452587511,0.9820474029248614,0.7558299039780522,0.9754192510912014,1.0
26,0,4,0,0,5,1,1,1,0.0060736694492507905,0.007193849855655371,0.9272818961169944,0.010973936899862825,0.868481507006662,0.6726766538512529
22,0,4,0,1,5,1,1,1,0.10999501718480804,0.11000745420200025,0.9394856278366112,0.17695473251028807,0.8773259820813232,0.6782447302134429
29,0,5,0,0,3,5,1,1,0.4506142788865504,0.45179265505926874,0.9795259707513868,0.7215363511659808,0.9229267172065242,0.7310088824075301
25,0,5,0,1,4,1,1,1,0.4514547956187179,0.4515951407119094,0.9796268280383258,0.7215363511659808,0.9368251780381346,0.7467850987670688
26,0,10,0,0,9,3,1,0,0.013080071131770031,0.013891017840082804,0.9280887544125063,0.02194787379972565,0.9573857110039053,0.7705157099297362
29,1,10,0,0,9,8,1,1,0.3733692219974322,0.37860264614782596,0.9704488149268785,0.598079561042524,0.9125890190673099,0.7197401564364311
27,0,7,0,0,5,9,1,1,0.4256112152164694,0.4457831660452083,0.9766011094301563,0.6817558299039781,0.9592235240064323,0.7729020283706748
28,0,5,0,0,7,2,1,0,0.04131908945987151,0.06726887033705171,0.9314170448814927,0.06721536351165981,0.9632437399494601,1.0
21,0,4,0,0,7,0,1,0,0.030258940034608474,0.030085316640753153,0.9301059001512859,0.04938271604938271,0.8666436940041351,0.6659154182685934
22,0,5,1,2,7,1,1,0,0.07485894479584825,0.07649297216611445,0.935350479072113,0.12071330589849108,0.8726165862623478,0.6730743735914092
24,0,6,0,0,5,1,1,1,0.28763494611342255,0.33655585427270046,0.9603630862329803,0.4609053497942387,0.9011026878015161,0.7132440673472094
32,0,2,0,0,2,2,1,1,0.10814725094368438,0.11180465494255439,0.9392839132627332,0.17421124828532236,0.8870893636572479,0.6893808829378232
28,0,3,0,0,2,10,1,0,0.315043349578457,0.3144065490635186,0.9635905194150277,0.5034293552812071,0.9127038823799678,0.7200053029298688
29,0,2,0,0,2,0,1,0,0.029496307412256156,0.030318745397131353,0.9300050428643469,0.04801097393689986,0.8665288306914771,0.6659154182685934
28,0,6,0,0,6,6,1,1,0.0646253680463665,0.06439447576184222,0.9341401916288452,0.10425240054869685,0.9952906041810246,0.8163860532944451
24,0,8,0,1,6,3,1,1,0.0981386263859029,0.1274382021558799,0.935350479072113,0.12071330589849108,0.9179875947622329,0.7320694683812806
22,0,4,0,0,5,0,1,1,0.06354552800455657,0.07050663130503157,0.9340393343419062,0.10150891632373114,0.8764070755800597,0.6771841442396924
28,0,4,0,0,3,6,1,0,0.31605589266437456,0.3170919533751691,0.9636913767019667,0.5075445816186557,0.9301631059039742,0.7478456847408192
30,0,4,0,0,2,0,1,1,0.6238231462218743,0.6242714801869842,0.999899142713061,0.9986282578875172,0.968986905582357,0.7933183083653719
45,0,7,0,0,9,9,0,0,0.1108104266701491,0.17453303991012795,0.9395864851235501,0.17695473251028807,0.8774408453939812,0.6881877237173538
52,0,9,0,0,3,7,1,1,0.1117200181260815,0.11430011524700386,0.3901159858799798,0.17969821673525377,0.9355616815988973,0.7732997481108312
28,0,3,0,0,2,1,1,0,0.25092670123024813,0.25069146662415354,0.9560262228946041,0.401920438957476,0.8961635653572249,0.6999867426753281
45,0,5,0,0,3,1,1,1,0.08621449170622125,0.10913318919683847,0.9365607665153808,0.13717421124828533,0.9214334941419711,0.7292854302001855
20,0,9,0,0,7,0,1,1,0.5664633168375345,0.565952858100958,0.9931417044881493,0.906721536351166,0.998162186997473,0.8177117857616333
31,0,3,0,0,3,1,1,1,0.4705404347790549,0.5007632482517507,0.9818456883509834,0.7530864197530864,0.9255685733976567,0.7385655574705025
32,0,1,0,0,1,0,1,1,0.5502033751548756,0.5686404282054621,0.9912254160363086,0.879286694101509,0.952561451872272,0.764947633567546
46,0,1,0,0,1,0,1,0,0.3304750401341029,0.3298875767727618,0.9654059505799294,0.5281207133058985,0.906845853434413,0.7121834813734589
34,0,9,0,1,3,15,0,1,0.5028767214019545,0.5050155540189023,0.9855774079677256,0.8093278463648834,0.9614059269469332,0.7885456714834946
23,0,5,0,0,7,1,1,0,0.09699787544821227,0.09638540200378956,0.9378719112455874,0.1550068587105624,0.9102917528141512,0.7209333156569004
48,0,3,0,0,2,0,1,0,0.29867725826997504,0.3211847852575156,0.961674230963187,0.4787379972565158,0.9025959108660694,0.7108577489062707
34,0,4,0,0,2,0,1,0,0.31611793576996183,0.31612618858935343,0.9636913767019667,0.5061728395061729,0.9048931771192281,0.7100623094259578
44,0,6,0,0,3,6,0,0,0.36214195246048086,0.36324477058635535,0.9691376701966717,0.5802469135802469,0.9110957960027567,0.7173538379954925
42,0,1,0,0,2,4,1,1,0.07154909855697787,0.08599849791337284,0.9349470499243571,0.11522633744855967,0.872157133011716,0.6745326793053162
31,0,10,0,0,10,23,1,1,0.5776041014435663,0.6242724041261374,0.994452849218356,0.9231824417009602,0.9481966459912704,0.7644173405806708
29,0,5,0,0,3,2,1,0,0.18123119880121635,0.18137426292381498,0.8839132627332325,0.2908093278463649,0.886859637031932,0.6892483096911043
24,0,6,0,0,6,3,1,1,0.21907054104458323,0.21912167780912448,0.9522945032778618,0.35390946502057613,0.914197105444521,0.7257059525387777
27,0,5,0,0,6,8,1,1,0.4843358141537754,0.5057326003455791,0.983459404942007,0.7750342935528121,0.9274063864001838,0.7393609969508154
24,0,4,0,0,5,0,1,0,0.24801777640747297,0.2474431051929861,0.9557236510337872,0.39643347050754457,0.895818975419251,0.6994564496884529
20,0,8,2,1,8,2,1,1,0.2275132897831849,0.2536210591126435,0.9533030761472516,0.36488340192043894,0.9083390764989663,0.7210658889036192
57,0,6,0,0,1,19,1,0,0.11780886315806598,0.11972789018325479,0.940393343419062,0.18930041152263374,0.9159200551343901,0.722656767864245
29,0,10,0,0,8,7,1,1,0.43419342438226116,0.43435252862624285,0.9776096822995461,0.6954732510288066,0.9230415805191822,0.7482434044809757
30,0,7,0,0,5,4,1,1,0.20939262103776138,0.20968231802702947,0.9161875945537065,0.1111111111111111,0.8906501263496439,0.6936232268328252
24,0,5,0,0,4,0,1,1,0.33409682007879765,0.33392889656361097,0.9658093797276853,0.5349794238683128,0.9156903285090742,0.7231870608511203
23,0,8,0,0,5,6,1,1,0.534665038390202,0.6061279380134984,0.989409984871407,0.8559670781893004,0.958189754192511,0.7718414423969243
49,0,6,0,0,2,8,1,1,0.20365354935179455,0.2062900803935353,0.9504790721129601,0.32510288065843623,0.8898460831610384,0.6930929338459498
42,0,1,0,0,1,0,1,0,0.24455911411383718,0.24918937006215994,0.9552193645990923,0.39094650205761317,0.8953595221686194,0.6997215961818904
26,0,4,0,0,4,2,1,0,0.11078104880776282,0.11014283612501548,0.9395864851235501,0.25925925925925924,0.8774408453939812,0.6782447302134429
27,0,2,0,0,2,0,0,0,0.01751255295302588,0.01747606071170397,0.9285930408472012,0.02880658436213992,0.864920744314266,0.6639268195678112
29,0,4,0,0,2,4,1,0,0.24985652469760045,0.24993710507748376,0.9559253656076652,0.4348422496570645,0.896048702044567,0.6998541694286093
24,0,5,0,0,5,1,1,0,0.02677399855778333,0.026684475444821814,0.92970247100353,0.04252400548696845,0.8661842407535033,0.6653851252817181
27,0,2,0,0,2,4,1,1,0.5509213152888106,0.5529577433249147,0.9913262733232476,0.8820301783264746,0.9363657247875029,0.74665252552035
25,0,4,0,0,4,0,0,0,0.19059056068226402,0.19059386427506705,0.9489662128088754,0.3045267489711934,0.8881231334711693,0.6907066154050112
32,0,10,0,0,7,13,1,1,0.4531312903125625,0.535831398550105,0.9505799293998991,0.3278463648834019,0.923271307144498,0.7440010605859737
20,0,5,1,2,8,1,1,1,0.2823452722959875,0.28180803844747265,0.9596570852244075,0.4513031550068587,0.9189065012634965,0.7335277740951875
21,0,7,0,0,7,0,1,0,0.011231679195808529,0.011157240843089907,0.9278870398386283,0.019204389574759947,0.8641167011256604,0.6629988068407795
41,0,7,0,1,3,7,1,1,0.260007926858379,0.26037941571260265,0.957034795763994,0.4156378600823045,0.9094877096255456,0.716293252021742
23,0,3,0,0,5,0,1,0,0.024172597781975363,0.024271484160916065,0.929399899142713,0.039780521262002745,0.9078796232483345,0.7288877104600292
29,0,10,1,0,6,17,1,1,0.11582917462279863,0.12807351463940359,0.940191628845184,0.18655692729766804,0.8781300252699288,0.681028768394538
58,0,2,0,0,1,3,1,0,0.3011954714273423,0.3024182497892152,0.961976802824004,0.4828532235939643,0.9029405008040432,0.7079411374784569
20,0,5,0,1,6,0,1,1,0.4206678684576119,0.4207819686498703,0.9759959657085224,0.6735253772290809,0.9645072363886974,0.7788678244730214
39,0,1,0,0,1,0,1,0,0.28247844597980687,0.2824376085994852,0.9597579425113465,0.45267489711934156,0.9004135079255686,0.7048919528039241
23,0,2,0,0,3,2,1,1,0.35538844074075476,0.3556411785533376,0.9683308119011599,0.5692729766803841,0.9101768895014932,0.7161606787750232
23,0,4,0,0,6,0,1,0,0.032787233831029876,0.034606448962162493,0.9304084720121029,0.053497942386831275,0.9320009189065013,0.77343232135755
20,0,10,1,0,8,1,1,1,0.39917095036719397,0.3994330828574028,0.9734745335350479,0.6392318244170097,0.9166092350103378,0.7235847805912767
29,0,2,0,0,2,1,0,1,0.3972867647138423,0.39742789645908666,0.9731719616742309,0.6433470507544582,0.9682977257064094,0.7839056078483362
29,0,7,2,0,6,7,1,1,0.18877268875005945,0.19143143995450088,0.9486636409480586,0.30315500685871055,0.8980013783597519,0.7344557868222192
27,0,5,0,0,4,5,1,0,0.03554939845350682,0.03544406438091472,0.9307110438729198,0.05761316872427984,0.8673328738800827,0.6667108577489063
40,0,1,0,0,1,0,1,0,0.26548899377454493,0.2652621460271128,0.9577407967725668,0.4252400548696845,0.8981162416724099,0.702240487869548
58,0,3,0,0,1,5,1,1,0.3699435725552407,0.3702689037478837,0.9700453857791226,0.5925925925925926,0.9147714220078107,0.7762163595386451
38,0,2,0,0,1,0,1,0,0.20939588855524788,0.2096739131611844,0.951084215834594,0.3374485596707819,0.8906501263496439,0.6936232268328252
49,0,2,0,0,1,3,1,0,0.08758208185178976,0.08767383803400293,0.9368633383761977,0.13991769547325103,0.8743395359522168,0.6747978257987538
30,0,1,0,0,2,0,1,1,0.01986091479107935,0.019139955908630126,0.9288956127080181,0.03155006858710562,0.8826096944635883,0.6843430995625083
65,0,3,0,0,3,1,1,1,0.3964518494402231,0.3965656625325754,0.9731719616742309,0.635116598079561,0.9182173213875489,0.728357417473154
24,0,9,0,0,6,0,1,1,0.07316650978113483,0.08537160023052381,0.935148764498235,0.11796982167352538,0.8723868596370319,0.6744001060585973
33,0,3,0,0,4,2,1,0,0.11587681681545144,0.11886670934868161,0.9392839132627332,0.19204389574759945,0.8828394210889042,0.684608246055946
26,0,5,0,0,6,2,1,0,0.032913157400061566,0.03261281677067589,0.9304084720121029,0.053497942386831275,0.8669882839421089,0.6663131380087498
45,0,1,0,0,1,0,0,0,0.036979051567990764,0.037101164154391665,0.9308119011598588,0.05898491083676269,0.8675626005053986,0.6669760042423439
41,0,1,0,0,1,2,1,0,0.34866573704304427,0.3840183403312783,0.967523953605648,0.6145404663923183,0.9092579830002298,0.720535595916744
58,0,2,0,0,1,8,1,0,0.061851235768657815,0.061994548778865885,0.9338376197680283,0.10013717421124829,0.8708936365724788,0.6708206283971895
40,0,3,0,0,5,4,1,1,0.2694351716635004,0.29716334088807583,0.9582450832072618,0.43209876543209874,0.9523317252469561,0.7648150603208272
38,1,6,5,0,4,8,1,0,0.2586668939825944,0.2715264236812003,0.956833081190116,0.41289437585733885,0.8971973351711463,0.7031685005965796
25,0,8,0,0,8,2,0,1,0.09389606777709227,0.09358505171361951,0.9375693393847705,0.15089163237311384,0.9238456237077878,0.7348535065623757
48,0,1,0,0,1,1,0,0,0.25508473144596555,0.2549402455267958,0.0,0.40877914951989025,0.8967378819205146,0.7006496089089221
30,0,5,0,0,2,5,0,1,0.4147584588007907,0.5514242328317128,0.9752899646999496,0.8930041152263375,0.9823110498506777,0.8004772636881877
24,0,6,0,0,6,1,1,1,0.43025715829407024,0.43099725849370557,0.9771053958648512,0.6886145404663924,0.9201699977027338,0.7278271244862786
31,0,1,0,0,1,0,1,0,0.25413062627156957,0.25408309823304187,0.9564296520423601,0.4060356652949246,0.8966230186078566,0.7005170356622034
32,0,2,0,0,2,0,1,0,0.309873640331598,0.3143191424326616,0.9629853756933938,0.5034293552812071,0.9040891339306225,0.7097971629325203
39,0,10,1,1,9,8,1,1,0.5244045368993648,0.5272888657712027,0.9683308119011599,0.5679012345679012,0.9328049620951068,0.7426753281187857
39,2,9,2,1,7,19,1,1,0.09370397946187482,0.2473519928706868,0.9375693393847705,0.15089163237311384,0.8751435791408224,0.6994564496884529
22,0,4,0,0,6,0,1,1,0.27219577701471476,0.2758735176576048,0.9584467977811397,0.44170096021947874,0.9285550195267631,0.7416147421450351
44,0,6,0,0,2,6,1,1,0.11783620502931326,0.21905225321985095,0.940393343419062,0.18930041152263374,0.8783597518952446,0.6950815325467321
37,0,3,0,0,2,0,0,0,0.11697210059492555,0.11699018892856827,0.940292486132123,0.1906721536351166,0.8782448885825868,0.6793053161871935
31,0,8,0,0,8,1,1,1,0.1932600529470917,0.20713429253914464,0.9492687846696923,0.3100137174211248,0.8977716517344361,0.7079411374784569
28,1,4,0,0,7,1,0,1,0.23372952827048682,0.23370777606762932,0.9540090771558245,0.37448559670781895,0.8938662991040661,0.6973352777409518
23,0,8,0,0,7,0,1,0,0.27987700547734257,0.281840853189655,0.9594553706505295,0.448559670781893,0.9000689179875948,0.7047593795572054
33,0,2,0,0,4,1,1,0,0.25597642604320286,0.29541289345563865,0.956631366616238,0.532235939643347,0.8968527452331725,0.7068805515047063
55,0,5,0,0,3,0,1,0,0.20270150003186574,0.21056530581258368,0.9503782148260211,0.32510288065843623,0.8897312198483804,0.693755800079544
30,0,3,0,0,2,1,1,1,0.2876254117158935,0.28756145722848714,0.9603630862329803,0.4609053497942387,0.9956351941189984,0.8146626010871006
51,0,1,0,0,1,0,0,0,0.38188691507327766,0.3822577693074745,0.9713565305093294,0.6104252400548696,0.9137376521938892,0.7202704494233064
53,0,1,0,0,1,0,0,0,0.21733802183359158,0.21737310805948248,0.9520927887039838,0.3497942386831276,0.8916838961635654,0.6948163860532944
26,0,6,0,0,4,2,1,0,0.08064880701198526,0.10841078799700513,0.9360564800806859,0.13031550068587106,0.8734206294509533,0.6779795837200053
50,0,3,0,0,1,4,0,0,0.29006742914634137,0.3007723465687021,0.9605648008068582,0.46502057613168724,0.9486560992419021,0.7742277608378629
56,0,1,0,0,1,0,1,0,0.23425385061293413,0.23474214085186138,0.9540090771558245,0.37585733882030176,0.8939811624167241,0.6974678509876707
34,2,9,0,0,7,8,1,1,0.4204795442430856,0.42154945410644706,0.9759959657085224,0.6721536351165981,0.9213186308293131,0.729020283706748
41,0,2,0,0,2,1,1,1,0.46430706417119305,0.4637998603143088,0.9811396873424105,0.7421124828532236,0.9247645302090512,0.7328649078615935
33,0,5,0,0,3,3,1,0,0.1325304595944101,0.16688847663982287,0.9420070600100857,0.26886145404663925,0.8914541695382495,0.7128463476070529
21,0,9,0,1,9,0,1,0,0.06796945866302857,0.06888387623749603,0.9345436207766011,0.10973936899862825,0.8716976797610843,0.67188121437094
36,1,2,0,0,1,2,1,1,0.5389011016906959,0.5393076649723908,0.9899142713061019,0.8628257887517147,0.9413048472317942,0.7519554553891025
33,0,3,0,0,2,1,1,1,0.38806027856669123,0.38741080646585335,0.9721633888048411,0.747599451303155,0.972547668274753,0.7881479517433382
50,0,2,0,0,1,0,1,1,0.34844758804124754,0.35999827690315345,0.967523953605648,0.5569272976680384,0.9092579830002298,0.7168235450086172
59,0,1,0,0,1,0,1,0,0.04412977026144142,0.04378642027812377,0.9317196167423096,0.07133058984910837,0.868481507006662,0.6680365902160944
31,0,8,0,0,2,9,1,1,0.24039047688086873,0.24062625231631793,0.9548159354513364,0.3840877914951989,0.9062715368711234,0.7116531883865835
24,0,6,0,1,4,1,1,1,0.42993513401752764,0.42943321826913033,0.9771053958648512,0.6872427983539094,0.9589937973811165,0.7732997481108312
24,0,7,0,0,5,0,0,0,0.23890844416995974,0.23882133221316143,0.9546142208774584,0.38271604938271603,0.8945554789800138,0.6981307172212647
51,0,1,0,0,1,6,1,1,0.16171593571555617,0.17685631968270857,0.9410993444276349,0.24279835390946503,0.8842177808407995,0.6885854434575103
53,0,6,0,0,9,36,1,1,0.60263143810069,0.630298275674215,0.9973777105395865,0.9725651577503429,0.9610613370089593,0.774890627071457
21,0,3,0,0,7,0,1,1,0.07557748082962885,0.07575137687548596,0.935451336359052,0.12208504801097393,0.8751435791408224,0.6757258385257855
51,0,6,0,0,3,3,1,0,0.05702960155325665,0.0706594289843428,0.9332324760463944,0.09190672153635117,0.9274063864001838,0.7371072517565955
50,0,1,0,0,1,0,1,0,0.11160809820342056,0.11268415560291754,0.9395864851235501,0.17832647462277093,0.8775557087066391,0.6786424499535993
30,0,6,0,0,5,3,0,0,0.11866286709007139,0.11782209182029812,0.9218356026222895,0.25925925925925924,0.8784746152079026,0.6794378894339123
39,0,2,0,0,1,1,1,1,0.2268552475153931,0.22663359123455548,0.9532022188603126,0.3635116598079561,0.9021364576154376,0.7075434177383004
22,0,3,0,0,4,0,1,0,0.3423821519415296,0.3496958287992013,0.9668179525970751,0.5486968449931413,0.9084539398116241,0.7152326660479915
28,0,8,0,0,3,20,1,1,0.21977161721288882,0.21930307786286596,0.9523953605648008,0.3511659807956104,0.9063864001837812,0.7211984621503381
36,0,2,0,0,1,1,0,0,0.10660137749598733,0.10673023209083288,0.9390821986888552,0.17146776406035666,0.8768665288306915,0.6777144372265677
27,0,3,0,0,3,0,1,1,0.31757930068789386,0.31699631077057033,0.9638930912758447,0.5075445816186557,0.980013783597519,0.796765212780061
20,0,8,1,0,10,1,1,1,0.19826091397271023,0.19763921823262978,0.9497730711043872,0.3168724279835391,0.9287847461520791,1.0
56,0,9,0,0,5,22,1,1,0.07757782722620907,0.13770999137567377,0.9356530509329299,0.12482853223593965,0.8843326441534574,0.7047593795572054
35,0,5,0,0,4,6,1,1,0.25854052348867856,0.25927432487641894,0.956933938477055,0.42661179698216734,0.9826556397886516,0.8014052764152194
62,0,1,0,0,1,3,1,0,0.09135774299993721,0.09101007303301874,0.9372667675239537,0.1467764060356653,0.8747989892028486,0.675328118785629
24,0,5,0,0,5,0,1,0,0.23807096652700463,0.2380438821224917,0.9544125063035804,0.38271604938271603,0.8944406156673559,0.697998143974546
47,0,8,0,1,3,19,1,1,0.10904925460824993,0.29052078466198217,0.9393847705496722,0.1755829903978052,0.9351022283482656,0.7650802068142649
22,0,6,0,0,5,0,1,0,0.03558198424339505,0.0353132922188358,0.9306101865859808,0.056241426611796985,0.8673328738800827,0.6667108577489063
26,0,6,0,0,2,0,1,0,0.3341481171238366,0.33415240042521466,0.9658093797276853,0.5349794238683128,0.9073053066850448,0.7128463476070529
27,0,7,0,0,4,3,1,0,0.26440089058820987,0.26444556264263247,0.9576399394856279,0.4224965706447188,0.8980013783597519,0.7021079146228291
22,0,7,0,0,7,0,1,1,0.013723642964978737,0.05591755259764549,0.9281896116994452,0.023319615912208505,0.8999540546749368,0.7067479782579875
25,0,6,0,0,5,1,1,0,0.06606172503411303,0.06609603389779757,0.9343419062027232,0.10699588477366255,0.8714679531357684,0.6714834946307835
35,0,7,0,0,3,0,1,1,0.25577256870603554,0.25604993618908617,0.956631366616238,0.4101508916323731,0.8973121984838043,0.7013124751425163
49,0,1,0,0,1,0,1,0,0.18288827709175967,0.1822362782840749,0.9480584972264247,0.29218106995884774,0.8870893636572479,0.6893808829378232
61,0,6,0,0,5,10,1,0,0.23548581395365237,0.2543398539693305,0.9542107917297025,0.3772290809327846,0.9036296806799908,0.7104600291661143
25,0,8,0,1,9,7,1,0,0.46458727614190526,0.4748515137883662,0.9252647503782149,0.04663923182441701,0.9247645302090512,0.7345883600689381
33,0,1,0,0,1,0,1,0,0.36417728810965977,0.3641878640910144,0.9693393847705497,0.5829903978052127,0.9113255226280726,0.7174864112422114
44,0,1,0,0,1,0,1,1,0.31330783100490933,0.31361075927739973,0.9633888048411497,0.5020576131687243,0.9701355387089363,0.7853639135622431
38,0,6,0,0,2,11,1,0,0.18306840768340946,0.19777509689712522,0.9480584972264247,0.2935528120713306,0.8870893636572479,0.6917672013787618
24,0,9,0,0,9,4,1,1,0.042273472720862106,0.0852447125868201,0.9315179021684317,0.06858710562414266,0.8682517803813462,0.6744001060585973
38,0,1,0,0,1,0,0,0,0.2660318386705252,0.26637390313396087,0.9578416540595058,0.42661179698216734,0.8982311049850678,0.7023730611162667
28,1,8,0,1,6,11,1,1,0.08152329003534987,0.08093545044154804,0.9360564800806859,0.13031550068587106,0.9248793935217091,0.7331300543550312
36,0,1,0,0,1,1,1,0,0.19748707843326133,0.19679477758593952,0.9497730711043872,0.31550068587105623,0.8890420399724328,0.6916346281320429
41,0,1,0,0,1,0,0,0,0.33826286514743786,0.33851238981044535,0.9663136661623802,0.541838134430727,0.9078796232483345,0.7135092138406469
51,0,2,0,0,1,1,1,1,0.1880454426468695,0.18895498497908406,0.9486636409480586,0.3017832647462277,0.8877785435331955,0.6904414689115737
38,0,1,0,0,1,2,1,0,0.3854132616577054,0.38542732767022214,0.9718608169440242,0.6172839506172839,0.914197105444521,0.7208007424101817
24,0,7,0,0,8,2,0,1,0.02685095902283787,0.03803033896277538,0.92970247100353,0.0438957475994513,0.8661842407535033,0.6671085774890627
59,0,1,0,0,1,1,0,0,0.03285396468206891,0.0363523760471298,0.9304084720121029,0.08093278463648834,0.9802435102228348,0.7978257987538114
30,0,2,0,0,3,0,0,0,0.38482501912515726,0.3839786804914987,0.9716591023701462,0.6145404663923183,0.9140822421318631,0.720535595916744
55,0,1,0,0,1,1,1,0,0.277398608361323,0.27750692286247597,0.9591527987897126,0.4444444444444444,0.899724328049621,0.7040965133236113
36,0,5,1,0,2,4,1,0,0.22824357497558723,0.22929432736429894,0.9534039334341906,0.3662551440329218,0.8931771192281185,0.6966724115073578
27,0,10,0,0,10,1,1,0,0.5367110903049369,0.7331797448415857,0.897327281896117,0.16323731138545952,0.934413048472318,0.7744929073313005
19,0,7,1,0,8,2,1,1,0.5204043903477296,0.5201964902651237,0.9876954109934443,0.8395061728395061,0.9844934527911785,0.8018029961553759
27,0,7,0,0,8,3,1,1,0.5998744776701976,0.604413007596896,0.9970751386787695,0.9602194787379973,0.9643923730760395,0.7787352512263025
36,0,10,0,0,5,10,1,1,0.05694939343404378,0.08425771707014046,0.9332324760463944,0.09190672153635117,0.881346198024351,0.6828847938486013
37,0,3,0,1,3,2,1,0,0.34765895432230043,0.3479136793254974,0.967423096318709,0.5569272976680384,0.9091431196875718,0.7149675195545538
33,0,6,0,0,6,5,1,1,0.03006944388371924,0.13161280762069782,0.9300050428643469,0.04801097393689986,0.8666436940041351,0.6815590613814132
24,0,2,0,0,3,0,0,0,0.32638821001826623,0.3261891576256985,0.9649016641452345,0.522633744855967,0.9062715368711234,0.7116531883865835
27,0,4,0,0,4,0,1,0,0.2816336983587359,0.28180438243017836,0.9596570852244075,0.4513031550068587,0.9002986446129106,0.7047593795572054
56,0,1,0,0,1,0,1,1,0.00038984761063181066,0.0002265737239513611,0.9264750378214825,0.0027434842249657062,0.9169538249483115,0.7239825003314331
20,1,10,0,0,10,1,1,1,0.3581851675542744,0.5180120696059198,0.9686333837619768,0.5733882030178327,0.93429818515966,0.7630916081134826
41,0,1,0,0,1,0,1,0,0.10057934276835463,0.10063482667035606,0.9383761976802824,0.16186556927297668,0.8760624856420859,0.676786424499536
37,0,4,0,0,3,3,1,0,0.24886730115897257,0.2483036303288054,0.9558245083207262,0.39780521262002744,0.895933838731909,0.6995890229351717
26,0,2,0,0,2,0,0,0,0.19516099331776784,0.19485024332235643,0.9494704992435703,0.31275720164609055,0.888697450034459,0.6913694816386053
32,0,3,0,0,3,8,1,1,0.13161122449264367,0.1313341058458137,0.9384770549672213,0.16186556927297668,0.8801975648977717,0.6815590613814132
27,0,4,0,0,3,2,1,0,0.04308619072523405,0.042929650507894816,0.9316187594553706,0.06995884773662552,0.8683666436940042,0.6679040169693756
31,0,1,0,0,1,3,1,1,0.10508424628417465,0.10488038668820657,0.9388804841149773,0.16872427983539096,0.8766368022053757,0.6774492907331301
21,0,4,0,0,6,0,1,0,0.18627974174614406,0.18652951554919553,0.9484619263741806,0.29766803840877915,0.8875488169078797,0.6900437491714172
49,0,7,0,0,2,0,1,1,0.2249634542073464,0.22577956347729727,0.9530005042864347,0.3607681755829904,0.9015621410521479,0.7217287551372134
55,0,1,0,0,1,0,1,0,0.29881827796842764,0.2987234071808094,0.961674230963187,0.4787379972565158,0.9025959108660694,0.7074108444915816
36,0,8,0,0,3,5,1,1,0.2600148988865721,0.27587868376899893,0.957135653050933,0.4430727023319616,0.9136227888812314,0.7272968314994034
50,0,8,0,2,8,24,1,1,0.005180296400781817,0.032130550337203516,0.9270801815431164,0.00823045267489712,0.8733057661382955,0.6798356091740687
21,0,4,0,0,6,0,1,0,0.38377331548772203,0.38370532365494153,0.9716591023701462,0.6145404663923183,0.9139673788192052,0.720535595916744
56,0,1,0,0,1,1,1,0,0.027642363676066817,0.027691251207243237,0.929803328290469,0.04526748971193416,0.8662991040661613,0.665517698528437
29,0,6,0,0,3,4,1,1,0.0861796017702635,0.09137022054099737,0.9366616238023198,0.13854595336076816,0.8787043418332184,0.6797030359273498
24,0,3,0,0,5,2,1,0,0.03799017442594311,0.050040008055557236,0.9310136157337368,0.0850480109739369,0.8676774638180565,0.6689646029431261
30,0,10,0,0,7,9,1,1,0.10303715154470995,0.14525264316389988,0.9386787695410993,0.1646090534979424,0.9373994946014244,0.7483759777276946
48,0,1,0,0,1,0,1,0,0.18628686274929854,0.1856413517174176,0.9484619263741806,0.29766803840877915,0.941649437169768,0.7530160413628529
22,0,9,0,0,8,1,1,1,0.029389363253305673,0.029396972036802704,0.9300050428643469,0.04801097393689986,0.8883528600964852,0.7237173538379955
46,0,6,0,0,1,2,1,1,0.27402167373150627,0.2740781449256979,0.9587493696419567,0.438957475994513,0.9778313806570181,0.7942463210924036
20,0,8,0,0,7,0,0,0,0.38309940242071006,0.38225766002434886,0.9714573877962683,0.6117969821673526,0.9138525155065472,0.7202704494233064
48,0,2,0,0,1,0,1,0,0.33236585020740445,0.3324898364954555,0.9656076651538074,0.532235939643347,0.9070755800597289,0.7125812011136152
27,0,4,0,0,3,0,1,0,0.25927985642706936,0.2662285267723639,0.957034795763994,0.41426611796982166,0.8973121984838043,0.7023730611162667
52,0,1,0,0,1,6,1,1,0.23374338294189617,0.23443540298783444,0.9540090771558245,0.3731138545953361,0.9722030783367792,0.7877502320031817
21,0,7,0,0,8,1,1,1,0.23036167118165082,0.24753556865211157,0.9535047907211296,0.39643347050754457,0.9334941419710544,0.7458570860400371
23,0,4,0,0,4,0,1,0,0.2036441937242192,0.20361585276518943,0.9504790721129601,0.32647462277091904,0.8898460831610384,0.6926952141057935
63,0,1,0,0,1,0,1,0,0.036053132456289924,0.03543678215081491,0.9307110438729198,0.05761316872427984,0.8674477371927406,0.6667108577489063
45,0,6,0,0,7,19,1,1,0.3751468309634049,0.3760637805728361,0.9706505295007565,0.6008230452674898,0.9184470480128647,0.7409518759114411
38,0,3,0,0,1,2,1,1,0.12382531629047858,0.12532473604970848,0.9410993444276349,0.19890260631001372,0.8791637950838502,0.6806310486543815
30,0,6,0,0,3,0,0,1,0.1907541550531994,0.1924312116620514,0.9489662128088754,0.3058984910836763,0.9300482425913164,0.7394935701975341
59,0,2,0,0,2,13,1,1,0.37508037819896045,0.5823444725523955,0.9706505295007565,0.6008230452674898,0.9485412359292442,0.770648283176455
29,0,2,0,0,2,0,0,0,0.3150167029236962,0.3150493027344158,0.9635905194150277,0.50480109739369,0.9047783138065701,0.709929736179239
21,0,7,1,0,8,2,1,1,0.5572496921953836,0.5588062880993885,0.9920322743318205,0.8916323731138546,0.9681828623937514,0.7831101683680234
54,0,3,0,0,2,1,0,0,0.2774270228522923,0.2996735246099986,0.9590519415027736,0.5089163237311386,0.899724328049621,0.7075434177383004
23,0,7,0,0,6,2,1,1,0.22336320489874167,0.23558814126679947,0.9527987897125567,0.35802469135802467,0.895818975419251,0.6995890229351717
66,0,1,0,0,1,0,1,0,0.3672936754636679,0.36771154945500056,0.9697428139183056,0.588477366255144,0.9117849758787043,0.7180167042290866
47,0,2,0,0,1,3,1,0,0.31613456137565304,0.3170917944178954,0.9636913767019667,0.5061728395061729,0.9048931771192281,0.7101948826726766
34,1,6,0,0,2,5,1,0,0.18876509102702851,0.18822904697991164,0.9486636409480586,0.3017832647462277,0.8878934068458534,0.6903088956648549
38,0,1,0,0,1,1,1,1,0.4755721137583531,0.47555292269324606,0.9824508320726173,0.7613168724279835,0.9576154376292212,0.7710460029166114
39,0,10,1,0,6,13,1,1,0.4770982331261697,0.4774982914825159,0.9826525466464953,0.7640603566529492,0.9679531357684356,0.7923902956383402
32,0,8,0,0,6,2,1,1,0.31582882502822257,0.3316483961673057,0.9635905194150277,0.50480109739369,0.9150011486331265,0.7245127933183083
27,0,4,0,0,5,1,1,1,0.5160294823832192,0.5161495970348666,0.9871911245587494,0.8257887517146777,0.9511830921203768,0.7634893278536391
36,0,5,0,0,1,1,0,0,0.35710110655522503,0.3571665027469456,0.9684316691880989,0.5706447187928669,0.9104066161268091,0.7164258252684608
26,0,5,0,0,3,1,1,0,0.051639756971782386,0.051781891664875665,0.9326273323247605,0.0850480109739369,0.8695152768205835,0.6692297494365637
32,0,4,0,0,2,5,1,1,0.27656641436366525,0.2766561537293279,0.9590519415027736,0.4430727023319616,0.9282104295887893,0.7465199522736312
40,0,1,0,0,1,4,1,1,0.04741957440217267,0.06025861613248032,0.9321230458900656,0.07681755829903979,0.9172984148862853,0.7243802200715895
37,0,2,0,0,3,8,1,1,0.013763578186295592,0.013891464907414988,0.9281896116994452,0.02194787379972565,0.8733057661382955,0.6736046665782845
20,0,8,0,0,6,1,0,1,0.3125225243934333,0.3265204841929956,0.9632879475542108,0.5006858710562414,0.9044337238685963,0.7116531883865835
26,0,6,1,0,6,8,1,0,0.07762945201616307,0.1116277851711124,0.9356530509329299,0.19478737997256515,0.9754192510912014,0.7919925758981837
25,0,5,0,0,8,4,1,0,0.07133752431681051,0.07398372231817446,0.9349470499243571,0.34705075445816186,0.872157133011716,0.6726766538512529
67,0,1,0,0,1,2,1,0,0.26191341593120954,0.3007624514784164,0.9573373676248109,0.5281207133058985,0.8976567884217781,0.7076759909850192
20,0,7,0,0,8,0,1,1,0.19080026776958195,0.190793345718688,0.9489662128088754,0.3045267489711934,0.8881231334711693,0.6907066154050112
25,0,4,0,0,4,2,0,0,0.37861745098060834,0.3785459679449345,0.9710539586485124,0.6063100137174211,0.9132781989432576,0.7197401564364311
31,0,1,0,0,2,0,1,0,0.00010556365764159467,0.0037111754682749645,0.9265758951084215,0.0,0.8626234780611073,0.6618056476203102
31,0,2,0,0,1,0,1,0,0.19494867420279352,0.19416801857344212,0.9494704992435703,0.31275720164609055,0.888697450034459,0.6912369083918866
53,0,1,0,0,1,0,0,0,0.2989976636852705,0.2987101640529471,0.961674230963187,0.4787379972565158,0.9025959108660694,0.7074108444915816
27,0,9,0,0,4,3,1,1,0.5856015540909065,0.5857756447831082,0.9953605648008068,0.9368998628257887,0.9409602572938204,0.7516903088956649
29,0,10,0,0,5,11,1,0,0.049217831297794085,0.04915915625836792,0.9323247604639435,0.07956104252400549,0.8691706868826097,0.6688320296964073
25,0,5,0,0,5,0,1,1,0.3041575008580213,0.30302272456164775,0.962178517397882,0.48559670781893005,0.9104066161268091,0.7172212647487737
26,1,10,0,0,9,3,1,1,0.09718511711135246,0.09967549965412388,0.9379727685325264,0.15637860082304528,0.8756030323914542,0.6766538512528172
31,0,3,0,0,2,0,0,0,0.1290570686429248,0.12902614558048262,0.9417044881492688,0.21262002743484226,0.8798529749597979,0.6811613416412567
34,0,7,0,0,3,0,0,1,0.30465898037305533,0.30573157507116394,0.9622793746848209,0.4869684499314129,0.9511830921203768,0.7644173405806708
30,0,5,0,0,6,3,1,1,0.6249032146919584,0.6261634194626432,1.0,1.0,0.9627842866988284,0.7768792257722391
22,0,10,0,0,10,0,1,0,0.1099968545426652,0.11254090529485586,0.9394856278366112,0.17695473251028807,0.8773259820813232,0.6786424499535993
66,0,3,0,0,1,2,1,0,0.07931009814559842,0.12728396392627606,0.9358547655068079,0.12757201646090535,0.8731909028256375,0.6808961951478192
35,0,4,0,0,2,7,1,1,0.2154273087054482,0.21480431877772507,0.9517902168431669,0.37585733882030176,0.9408453939811624,0.751557735648946
37,0,3,0,0,2,1,0,0,0.02241628230381753,0.02257912567717413,0.9291981845688351,0.06995884773662552,0.8656099241902137,0.6647222590481241
36,0,7,1,0,2,6,0,1,0.35015991617913866,0.34961112444199666,0.967725668179526,0.588477366255144,0.9943716976797611,0.8138671616067877
31,0,8,0,0,8,0,1,1,0.27919846425486333,0.27984311791354194,0.9593545133635906,0.44718792866941015,0.9101768895014932,0.7164258252684608
28,0,5,0,0,4,2,1,0,0.2593745846391858,0.2592474114230214,0.74059505799294,0.4156378600823045,0.8973121984838043,0.7013124751425163
49,0,6,0,0,3,7,1,1,0.2543982548238763,0.26474155102102775,0.9563287947554211,0.4060356652949246,0.9403859407305307,0.7510274426620708
26,0,6,0,0,4,2,0,1,0.03177357839873389,0.0592830357350158,0.9303076147251639,0.05075445816186557,0.8668734206294509,0.670422908657033
63,0,1,0,0,1,1,0,0,0.26692825080820654,0.2663935542269178,0.9578416540595058,0.42661179698216734,0.8983459682977257,0.7023730611162667
36,10,7,0,0,5,14,1,1,0.0971402657163097,0.24558225199915845,0.9379727685325264,0.15637860082304528,0.8999540546749368,0.7530160413628529
43,0,1,0,0,1,0,0,0,0.10219536355953861,0.10246935256573284,0.9385779122541603,0.1646090534979424,0.8762922122674018,0.6770515709929736
23,0,4,0,0,5,0,1,0,0.34763952798733505,0.3470485444287418,0.967423096318709,0.5555555555555556,0.9091431196875718,0.7148349463078351
31,0,7,0,0,4,3,0,1,0.5124922308316177,0.5128310460325461,0.9248613212304589,0.17695473251028807,0.9311968757178957,0.7404215829245658
24,0,3,0,0,4,0,1,0,0.16769070565377162,0.1673842047674088,0.946243066061523,0.2716049382716049,0.885021824029405,0.6871271377436033
25,0,9,0,0,8,0,1,1,0.10398588368883178,0.10421443519018378,0.9387796268280383,0.1673525377229081,0.8861704571559844,0.7477131114941005
50,0,2,0,0,1,4,1,0,0.2798215073383924,0.3015985866075576,0.9594553706505295,0.4842249657064472,0.9000689179875948,0.707808564231738
26,0,5,0,0,4,3,0,0,0.10068200638008115,0.10069594574208056,0.9383761976802824,0.16186556927297668,0.8760624856420859,0.676786424499536
67,0,1,0,0,1,0,1,0,0.09962125499665744,0.13492631172957942,0.9382753403933434,0.15912208504801098,0.875947622329428,0.6820893543682884
30,0,1,0,0,2,0,1,0,0.38884860440405145,0.38886329842363365,0.9722642460917801,0.6227709190672154,0.9146565586951527,0.7213310353970569
25,0,2,0,0,4,0,1,1,0.06699975084434291,0.08353714387895428,0.9344427634896622,0.1083676268861454,0.8841029175281415,0.6960095452737638
32,0,3,0,0,2,0,0,0,0.3316070214123996,0.3314990955480151,0.9655068078668684,0.5308641975308642,0.906960716747071,0.7124486278668964
39,0,1,0,0,1,0,1,0,0.31681699581045664,0.31712592055758554,0.9637922339889057,0.5075445816186557,0.9050080404318861,0.7101948826726766
35,0,8,0,0,7,12,1,1,0.002853555795458212,0.0028214021941011572,0.9268784669692385,0.0054869684499314125,0.906960716747071,0.7124486278668964
61,0,2,0,0,1,20,1,1,0.011444921955543468,0.0369446707184677,0.9278870398386283,0.019204389574759947,0.8641167011256604,0.6669760042423439
35,0,2,0,0,2,1,1,0,0.3710011954644752,0.3711197026855205,0.9701462430660616,0.5939643347050755,0.9122444291293361,0.7185469972159618
21,0,10,0,0,9,0,1,1,0.037937079749703395,0.03800003773248284,0.9310136157337368,0.06721536351165981,0.874109809326901,0.6745326793053162
40,0,1,0,0,1,0,1,1,0.5964882172077979,0.5965887431287117,0.9966717095310136,0.9547325102880658,0.983574546289915,0.801007556675063
52,0,5,0,0,3,6,1,1,0.2541952317464928,0.2549851410217768,0.9564296520423601,0.4074074074074074,0.8966230186078566,0.7006496089089221
37,0,4,0,0,4,4,1,1,0.03204266690566223,0.1023300861243424,0.9303076147251639,0.05212620027434842,0.8914541695382495,0.6946838128065757
34,0,7,0,0,3,1,1,0,0.1880168195909543,0.23112013047928331,0.9486636409480586,0.3017832647462277,0.8877785435331955,0.6969375580007955
22,0,3,0,2,5,0,1,1,0.6017352245962905,0.6071795993360712,0.9972768532526475,0.9629629629629629,0.9431426602343211,0.7550046400636352
34,0,7,0,0,2,22,1,1,0.059441188364924416,0.059553650558602185,0.9335350479072113,0.09602194787379972,0.895818975419251,0.6995890229351717
44,0,1,0,0,1,0,1,0,0.10129967643333603,0.10138309816647852,0.9384770549672213,0.16186556927297668,0.8761773489547439,0.6769189977462549
28,0,8,0,0,6,2,1,0,0.28065166534491115,0.2826560357631612,0.9595562279374685,0.4499314128943759,0.9001837813002527,0.7048919528039241
32,0,7,0,0,4,6,1,1,0.2429878851277114,0.24570776863637678,0.9551185073121533,0.3895747599451303,0.8951297955433035,0.6991913031950152
23,0,5,0,0,4,3,0,1,0.40683962520640854,0.4068954711572573,0.9743822491174987,0.8820301783264746,0.9743854812772801,0.7905342701842768
27,0,2,0,0,3,0,0,0,0.08334718055599462,0.08329711839571895,0.9363590519415028,0.13305898491083676,0.8737652193889272,0.6741349595651598
28,0,9,0,0,10,7,1,1,0.10224866680072427,0.10245297003171565,0.9385779122541603,0.1646090534979424,0.8928325292901448,0.6961421185204826
41,0,4,0,0,2,7,0,1,0.09609406422078184,0.09623864470087763,0.9378719112455874,0.15363511659807957,0.877785435331955,0.6847408193026647
27,1,5,0,0,3,4,1,1,0.5692317880667103,0.5700628772385196,0.9934442763489663,0.9108367626886146,0.9475074661153228,0.7592469839586371
32,0,6,0,0,4,3,0,0,0.3700724656918361,0.3703542836735014,0.9700453857791226,0.5925925925925926,0.9121295658166781,0.718414423969243
21,0,4,0,0,8,0,1,1,0.514996956789147,0.5408781131620607,0.9853756933938477,0.8010973936899863,0.9315414656558695,0.7447965000662866
21,0,7,0,0,7,1,1,0,0.046361703201335855,0.048324243113268016,0.9320221886031266,0.07407407407407407,0.8688260969446359,0.6686994564496884
33,0,6,0,0,4,3,1,1,0.282599701666715,0.38053149331546415,0.9597579425113465,0.45267489711934156,0.9004135079255686,0.7200053029298688
32,0,4,0,0,4,3,1,0,0.12372902880709959,0.1968572974686382,0.9410993444276349,0.19890260631001372,0.9496898690558235,0.7620310221397322
22,0,5,0,0,5,0,1,1,0.2972598012389969,0.2970070064094255,0.9614725163893091,0.47599451303155005,0.9121295658166781,0.7182818507225242
46,0,3,0,0,2,13,1,0,0.0009890050420178415,0.12197148268758083,0.9266767523953605,0.0027434842249657062,0.8627383413737653,0.6801007556675063
53,0,1,0,0,1,4,0,1,0.16910060468837512,0.1684297959090935,0.9464447806354009,0.2716049382716049,0.9340684585343442,0.7446639268195678
35,0,7,0,0,4,2,1,0,0.01240137100266535,0.01222038682868506,0.9279878971255673,0.0205761316872428,0.8642315644383184,0.6631313800874984
35,0,3,0,0,2,3,1,0,0.0969762740788106,0.09724394017368804,0.9379727685325264,0.15637860082304528,0.9912703882379967,0.8096248177117857
31,1,9,0,0,5,7,1,1,0.08836590864531595,0.08850393278674484,0.9369641956631367,0.14266117969821673,0.9363657247875029,0.7463873790269123
21,0,5,0,0,7,0,0,0,0.02008714816744758,0.019781100137131448,0.9288956127080181,0.037037037037037035,0.8975419251091201,0.7015776216359538
26,0,2,0,0,2,0,0,0,0.18229473105058602,0.18134303775436927,0.9478567826525467,0.2908093278463649,0.8869745003445899,0.6892483096911043
25,0,8,0,0,4,2,1,0,0.031826047380135766,0.04147267794196309,0.9303076147251639,0.05075445816186557,0.927176659774868,0.7365769587697203
23,0,5,0,0,5,0,0,0,0.35219092162277316,0.3522247198052686,0.967927382753404,0.5637860082304527,0.9097174362508614,0.715630385788148
23,0,9,0,1,9,0,1,1,0.0020921249044611157,0.01743514908339424,0.9266767523953605,0.0027434842249657062,0.8628532046864231,0.6639268195678112
31,0,2,0,0,2,1,1,1,0.3915077776698868,0.3917603046710221,0.972566817952597,0.6268861454046639,0.9150011486331265,0.7217287551372134
30,0,9,0,0,5,3,1,1,0.33843172330034244,0.3382351683251722,0.9663136661623802,0.5939643347050755,0.9078796232483345,0.7135092138406469
29,0,1,0,0,2,0,1,0,0.0010919467403389565,0.0012237524409752152,0.9266767523953605,0.0027434842249657062,0.8627383413737653,0.6614079278801538
21,0,10,0,1,9,1,1,1,0.7028691912142394,0.7382452561511522,0.9972768532526475,0.9629629629629629,0.9566965311279577,0.7752883468116134
32,0,2,0,0,2,2,1,0,0.18913662464907333,0.1897856460171134,0.9487644982349975,0.30315500685871055,0.8878934068458534,0.6905740421582924
21,0,7,0,0,7,0,1,1,0.01372699986744208,0.014034844368261521,0.9281896116994452,0.023319615912208505,0.9887433953595222,0.8079013655044412
25,0,2,0,0,3,0,1,1,0.6094609270507255,0.6096664560780836,0.9981845688350983,0.9753086419753086,0.983459682977257,0.8007424101816254
22,0,8,0,1,7,1,1,1,0.02614023920869824,0.03040438362831879,0.929601613716591,0.0411522633744856,0.92706179646221,0.7364443855230015
23,0,10,0,0,10,1,1,1,0.014044197355235592,0.02687223378950991,0.9281896116994452,0.023319615912208505,0.8734206294509533,0.6775818639798489
45,0,3,0,0,1,2,0,0,0.10402999020906759,0.11347879294880238,0.9387796268280383,0.1673525377229081,0.9351022283482656,0.7455919395465995
43,0,6,0,0,2,9,1,1,0.0706086196257171,0.07062663411181963,0.9348461926374181,0.11385459533607682,0.8723868596370319,0.6828847938486013
22,0,4,0,0,6,0,1,1,0.1917411638307346,0.19337203009073112,0.9489662128088754,0.3058984910836763,0.8882379967838272,0.6911043351451677
39,0,4,0,0,2,3,1,0,0.022384024258844355,0.05440744856299098,0.9290973272818961,0.08916323731138547,0.9584194808178268,0.7723717353837996
22,0,6,0,0,4,1,1,1,0.3478767557158539,0.3485414612081812,0.967423096318709,0.5569272976680384,0.9218929473926029,0.729683149940342
23,0,4,0,0,4,1,0,0,0.1985926712800637,0.19852069592408414,0.9498739283913262,0.31824417009602196,0.8891569032850908,0.6918997746254806
26,0,6,0,0,4,3,0,1,0.18899285387966702,0.18914702523533153,0.9487644982349975,0.30315500685871055,0.9199402710774178,0.7300808696804985
43,0,6,0,0,1,0,0,0,0.2809805921279982,0.28011746823305944,0.9594553706505295,0.448559670781893,0.9260280266482885,0.7418798886384728
28,0,8,0,0,6,8,1,1,0.39769177797554367,0.4456472973155425,0.9251638930912759,0.07681755829903979,0.9158051918217321,0.7300808696804985
39,0,10,0,0,8,21,1,1,0.516947893156866,0.5168512145711682,0.9872919818456883,0.8271604938271605,0.9911555249253389,0.8189049449821026
23,0,4,0,0,6,2,1,0,0.18383431775491238,0.18394235676750012,0.9481593545133636,0.29492455418381347,0.9127038823799678,0.7206681691634628
62,0,1,0,0,1,2,0,1,0.2548656488677441,0.2895613086233059,0.9564296520423601,0.46502057613168724,0.9437169767976108,0.7554023598037916
36,0,7,0,0,3,6,1,0,0.1262368236488336,0.12745786318366642,0.9408976298537569,0.37448559670781895,0.9594532506317482,0.7744929073313005
43,0,2,0,0,1,2,0,1,0.3416575873876447,0.3425794805492876,0.9667170953101362,0.5473251028806584,0.9112106593154147,0.7173538379954925
23,0,4,0,0,5,0,1,0,0.09897183341329813,0.09871514935044245,0.9381744831064044,0.15912208504801098,0.8908798529749598,0.7039639400768924
27,0,2,0,0,2,0,1,0,0.23012663835089645,0.2302989671383555,0.9536056480080686,0.36899862825788754,0.8934068458534344,0.6968049847540766
21,0,9,2,1,6,3,1,1,0.05432400768945188,0.05442809313890832,0.9331316187594554,0.09053497942386832,0.9592235240064323,0.7764815060320828
45,0,3,0,0,1,4,1,1,0.14112432853384674,0.14017549816886685,0.9160867372667675,0.06858710562414266,0.9266023432115782,0.7351186530558134
44,0,6,0,0,5,3,1,0,0.11525838202406143,0.11689497352164246,0.940090771558245,0.18518518518518517,0.8844475074661153,0.7066154050112687
24,0,10,1,0,10,3,1,1,0.1170835934560305,0.1169342061637491,0.940191628845184,0.18792866941015088,0.8826096944635883,0.6843430995625083
32,0,1,0,0,2,0,1,1,0.33225634367911805,0.336507282890766,0.9656076651538074,0.532235939643347,0.9070755800597289,0.7132440673472094
38,0,5,0,0,4,9,1,1,0.49874928071164265,0.4997112392101417,0.9851739788199697,0.7983539094650206,0.9334941419710544,0.743073047858942
43,0,1,0,0,1,0,0,0,0.3046598543594955,0.30473816165456,0.9622793746848209,0.4869684499314129,0.903399954054675,0.7083388572186133
54,0,2,0,0,1,1,0,0,0.10050133947857036,0.10233004638502398,0.9383761976802824,0.16598079561042525,0.8760624856420859,0.6770515709929736
33,0,3,0,0,2,2,0,0,0.032155778628014296,0.031119433054245093,0.9302067574382249,0.05212620027434842,0.8782448885825868,0.684608246055946
24,0,6,0,0,4,2,0,1,0.5022526752203521,0.5024418668661501,0.9855774079677256,0.803840877914952,0.9298185159660005,0.7388307039639401
55,0,1,0,0,1,0,1,0,0.3856337148055716,0.3854225986913306,0.9718608169440242,0.6172839506172839,0.914197105444521,0.7208007424101817
23,0,4,0,0,5,0,0,0,0.35719746356025267,0.3573390608023394,0.9685325264750378,0.5720164609053497,0.9104066161268091,0.7164258252684608
22,0,9,0,0,4,3,0,1,0.6009568204913589,0.6025694608762386,0.9971759959657085,0.9615912208504801,0.9672639558924879,0.7832427416147422
31,0,2,0,0,2,0,1,0,0.34080107074462385,0.3407777097871156,0.9666162380231972,0.5445816186556928,0.9589937973811165,0.7763489327853639
24,0,6,0,0,4,0,1,1,0.45307477914387484,0.46984812496831413,0.9798285426122038,0.7256515775034293,0.923271307144498,0.7337929205886252
22,0,9,1,0,9,1,1,1,0.5639060424452905,0.5668037067127428,0.9928391326273324,0.9026063100137174,0.9380886744773719,0.7487736974678509
55,0,8,0,0,10,7,1,0,0.04554418820320713,0.04491691447360519,0.9319213313161876,0.07270233196159122,0.9239604870204456,0.7343232135755005
38,0,1,0,0,1,0,0,0,0.31340325443351225,0.31341246007850165,0.9633888048411497,0.5020576131687243,0.9045485871812543,0.7096645896858014
60,0,2,0,0,3,18,1,1,0.37330902618136624,0.37529909673820766,0.9704488149268785,0.6323731138545954,0.9125890190673099,0.7192098634495558
32,0,9,3,0,4,19,1,1,0.11512900223592547,0.11529865503568347,0.940090771558245,0.18518518518518517,0.8892717665977486,0.6918997746254806
29,0,4,0,0,2,6,1,1,0.38642657941342223,0.38626802288615164,0.9719616742309631,0.6186556927297668,0.9310820124052378,0.745989659286756
25,0,5,0,0,4,2,1,1,0.5073384619056275,0.5073348300551526,0.9861825516893595,0.8120713305898491,0.9670342292671721,0.784038181095055
23,0,9,0,0,9,2,1,1,0.3357949360053721,0.3416296015560089,0.9660110943015633,0.5377229080932785,0.9075350333103607,0.7140395068275222
55,0,9,0,0,3,33,1,1,0.06957035352979933,0.27652961380466035,0.9347453353504791,0.11248285322359397,0.9067309901217551,0.7441336338326926
52,0,1,0,0,1,0,0,0,0.3127325790889945,0.31200627436150613,0.9631870902672718,0.4993141289437586,0.9044337238685963,0.7093994431923638
32,0,4,0,0,5,3,1,0,0.07650783939517913,0.07643480373878238,0.935552193645991,0.12345679012345678,0.9606018837583276,0.7811215696672411
60,0,7,0,0,3,0,0,0,0.06701941553924651,0.07762471815012599,0.9344427634896622,0.10699588477366255,0.8715828164484264,0.6732069468381281
59,0,3,0,0,1,2,0,0,0.38557279397802685,0.4097760451964806,0.9288956127080181,0.5802469135802469,0.914197105444521,0.7245127933183083
31,0,1,0,0,1,0,1,0,0.36325659305327174,0.3649368012207203,0.9692385274836107,0.5816186556927297,0.9112106593154147,0.7176189844889301
35,0,1,0,0,1,0,0,1,0.4470998006407135,0.4481643162002329,0.9791225416036309,0.7160493827160493,0.9224672639558925,0.7304785894206549
40,0,8,0,0,5,3,1,1,0.38963933370412207,0.3897078185489607,0.9723651033787191,0.6241426611796982,0.9159200551343901,0.7229219143576826
42,0,1,0,0,1,4,1,0,0.3107209403903408,0.3100949124939712,0.7604639435199193,0.49657064471879286,0.9839191362278888,0.8029961553758451
44,0,1,0,0,1,0,1,1,0.33307676865482594,0.33421495011240215,0.9657085224407463,0.53360768175583,0.9883988054215483,0.8064430597905343
22,0,3,0,0,6,1,1,1,0.01314795405584382,0.025205248860576877,0.9280887544125063,0.02194787379972565,0.9423386170457156,0.760705289672544
27,0,3,0,0,3,3,1,1,0.3082072461401357,0.31790423497843084,0.9627836611195159,0.49382716049382713,0.9199402710774178,0.733925493835344
39,0,1,0,0,2,2,1,1,0.10851924142227747,0.19777520618025085,0.9391830559757942,0.3278463648834019,0.912474155754652,0.7742277608378629
23,0,6,0,0,5,3,1,1,0.5750817567139366,0.5760461184327659,0.9941502773575391,0.9204389574759945,0.9395818975419251,0.7502320031817579
38,0,4,0,0,2,0,1,0,0.03789622088362592,0.17273720024122957,0.9310136157337368,0.06035665294924554,0.8676774638180565,0.6879225772239163
36,0,6,0,0,4,11,1,1,0.07663308761105252,0.1067128958131737,0.935552193645991,0.12345679012345678,0.9176430048242591,0.7363118122762826
32,0,3,0,0,2,0,0,1,0.09032423417111986,0.09048190768677537,0.9371659102370147,0.14540466392318244,0.9661153227659086,0.7807238499270848
23,0,3,0,0,4,0,0,0,0.1957675796338952,0.21651728209806592,0.9495713565305093,0.31412894375857336,0.888812313347117,0.6946838128065757
24,0,2,0,0,4,1,1,0,0.024896457187709675,0.024252627854327462,0.929500756429652,0.05761316872427984,0.8659545141281875,0.6649874055415617
32,0,1,0,0,1,0,0,1,0.6135471811300448,0.6131216805312678,0.9985879979828542,0.9807956104252401,0.9447507466115322,0.7559326527906668
54,0,1,0,0,1,1,0,0,0.14868962468152008,0.14875060725404102,0.9440242057488654,0.24005486968449932,0.8824948311509304,0.6842105263157895
27,0,3,0,0,3,1,1,1,0.06176613133904724,0.062043636771939796,0.9338376197680283,0.10013717421124829,0.8774408453939812,0.6783773034601618
71,0,1,0,0,2,8,1,0,0.11613151434110942,0.13670501381741068,0.940191628845184,0.18655692729766804,0.8781300252699288,0.6823545008617261
54,0,1,0,0,1,0,1,1,0.053275363004557215,0.052579042522650346,0.9328290468986384,0.0850480109739369,0.9887433953595222,0.8069733527774096
21,0,3,0,0,6,1,1,0,0.05938340594323293,0.05963493733442302,0.9335350479072113,0.09602194787379972,0.8705490466345049,0.670422908657033
24,0,8,0,0,5,1,1,1,0.050135874599869394,0.04978540817729268,0.9324256177508825,0.08093278463648834,0.8877785435331955,0.6926952141057935
23,0,3,0,0,5,0,1,1,0.4849607541851461,0.4852238037444353,0.983560262228946,0.7750342935528121,0.9566965311279577,0.7697202704494233
55,0,1,0,0,1,0,1,0,0.2929136653053633,0.29297431998550233,0.9609682299546142,0.4691358024691358,0.9017918676774638,0.70648283176455
34,3,7,1,0,6,9,1,1,0.44564513959604407,0.4457356378203822,0.9789208270297529,0.7133058984910837,0.9262577532736044,0.7347209333156569
28,0,5,0,0,4,5,1,0,0.08843667175197663,0.08777061320917658,0.9369641956631367,0.1412894375857339,0.8744543992648748,0.6747978257987538
43,0,5,0,0,4,1,1,1,0.2696109223912853,0.27334996165503495,0.9582450832072618,0.43209876543209874,0.9759935676544912,0.7926554421317779
32,1,10,2,0,10,17,1,1,0.4995515108787327,0.6784860837725298,0.9768028240040343,0.6831275720164609,0.9294739260280267,0.7660082195412966
40,0,1,0,0,1,0,0,0,0.2979184394066343,0.2981408188379947,0.9615733736762481,0.4773662551440329,0.9024810475534114,0.7072782712448628
27,0,3,1,0,2,1,0,0,0.3734651221459116,0.37455201742163774,0.9704488149268785,0.598079561042524,0.9125890190673099,0.7190772902028371
25,0,2,0,0,3,0,1,0,0.19166570304695807,0.19167087928278956,0.9490670700958144,0.30727023319615915,0.8882379967838272,0.6908391886517301
21,0,8,0,0,6,1,1,0,0.309821479231783,0.30902413655924005,0.9628845184064548,0.49519890260631,0.9040891339306225,0.7090017234522074
24,0,5,0,0,3,3,1,1,0.5038047758214352,0.5033372135797318,0.9857791225416036,0.8052126200274349,0.9318860555938433,0.7412170224048787
44,0,1,0,0,1,0,0,0,0.21722017270746727,0.21657270851242727,0.9520927887039838,0.34705075445816186,0.8916838961635654,0.6946838128065757
27,0,4,0,0,3,2,0,1,0.46252804490891924,0.4626981671898497,0.9809379727685326,0.7585733882030178,0.9430277969216633,0.7569932387644174
50,0,3,0,0,1,3,0,1,0.23525276745571652,0.2345882900806121,0.9542107917297025,0.37585733882030176,0.8940960257293821,0.6974678509876707
20,0,10,0,0,10,0,1,1,0.4745587960026363,0.6534087955172538,0.9823499747856783,0.7599451303155007,0.9666896393291983,0.7994166777144373
44,0,2,0,0,3,0,1,1,0.41995399037429076,0.42687809931290815,0.9758951084215834,0.6721536351165981,0.9624396967608546,0.7780723849927085
29,0,3,0,0,3,5,1,1,0.05616088882672991,0.06725003390012231,0.9240544629349471,0.0411522633744856,0.8700895933838731,0.6716160678775023
19,0,4,0,0,7,0,1,1,0.5399905257883554,0.5399534388314876,0.9900151285930409,0.8641975308641975,0.9376292212267402,0.7552697865570728
30,0,6,0,0,5,0,1,1,0.2911004413919541,0.2912197396639498,0.9607665153807362,0.4663923182441701,0.9782908339076499,0.7961023465464669
55,0,1,0,0,1,2,1,0,0.11104468483110426,0.13425194543088195,0.9395864851235501,0.22085048010973937,0.8774408453939812,0.6819567811215697
28,0,1,0,0,2,6,1,0,0.3598677900848642,0.3599602066361105,0.9688350983358548,0.5761316872427984,0.9107512060647829,0.7168235450086172
33,0,6,0,0,2,11,1,1,0.19248139061889374,0.23013168447748147,0.9491679273827534,0.30864197530864196,0.8883528600964852,0.6968049847540766
49,0,1,0,0,1,3,1,0,0.3879298956804819,0.38797817464971457,0.9721633888048411,0.6213991769547325,0.9145416953824949,0.7211984621503381
43,0,3,0,0,2,3,1,1,0.2454737210601364,0.2466432520615591,0.9499747856782652,0.3635116598079561,0.8954743854812773,0.6993238764417341
28,0,7,0,0,7,9,1,1,0.5620788049538465,0.6069782004703367,0.9926374180534544,0.8998628257887518,0.937858947852056,0.7550046400636352
44,0,7,0,0,2,0,1,1,0.6068374481856394,0.6243177566232802,0.9978819969742814,0.9711934156378601,0.9438318401102688,0.7576561049980114
21,0,3,0,0,5,2,0,0,0.26346851589484876,0.26355628610993886,0.9635905194150277,0.5198902606310014,0.8978865150470939,0.7019753413761103
22,0,10,0,0,6,0,1,1,0.4472212350975753,0.44744750830946667,0.9791225416036309,0.7160493827160493,0.9267172065242362,0.7386981307172212
26,0,3,0,0,3,0,1,1,0.5852717235263871,0.5854495041968645,0.9953605648008068,0.9396433470507545,0.9409602572938204,0.7516903088956649
57,0,1,0,0,1,1,0,1,0.04142598396050153,0.04226635160937633,0.9314170448814927,0.07133058984910837,0.8681369170686882,0.6677714437226567
25,0,2,0,0,3,1,1,0,0.37255992048550823,0.37193953475928143,0.9703479576399395,0.5953360768175583,0.912474155754652,0.7186795704626806
38,0,2,0,0,1,0,0,0,0.003606564635304676,0.003711423839015067,0.9269793242561775,0.006858710562414266,0.8630829313117391,0.6618056476203102
49,0,1,0,0,1,0,1,0,0.2737569948834351,0.2732066318683364,0.9587493696419567,0.4375857338820302,0.8992648747989892,0.7034336470900172
42,0,5,0,0,5,0,1,0,0.24916345345055357,0.24920066596341983,0.9558245083207262,0.3991769547325103,0.895933838731909,0.6997215961818904
52,0,1,0,0,1,2,1,0,0.10899831510311833,0.10929676616627017,0.935350479072113,0.1755829903978052,0.8772111187686653,0.6781121569667241
33,0,5,0,0,4,6,1,0,0.020901236741464314,0.020833168787718015,0.9289964699949571,0.03429355281207133,0.8702044566965311,0.6722789341110964
45,0,2,0,0,1,1,1,0,0.059601405970068286,0.05838131086082825,0.9334341906202723,0.09465020576131687,0.8705490466345049,0.6702903354103142
21,0,5,0,0,7,0,1,0,0.29552827519441455,0.29554707326427176,0.9612708018154311,0.4732510288065844,0.9334941419710544,0.7447965000662866
23,0,4,0,0,5,0,0,0,0.3509805199248002,0.3520210458635547,0.967826525466465,0.5624142661179699,0.9096025729382036,0.715630385788148
33,0,1,0,0,2,0,1,1,0.34523454573228896,0.34774483689637553,0.9671205244578921,0.5569272976680384,0.92706179646221,0.737504971496752
26,0,2,0,0,3,1,1,0,0.09096246276904667,0.0912141741724056,0.9372667675239537,0.1467764060356653,0.8747989892028486,0.675328118785629
31,0,10,0,0,9,0,1,1,0.2858806765580678,0.28497443753440616,0.9601613716591024,0.4567901234567901,0.9063864001837812,0.7182818507225242
53,0,1,0,0,1,1,1,0,0.3555899840001885,0.3728938446865635,0.9683308119011599,0.5967078189300411,0.9101768895014932,0.7188121437093995
24,0,10,5,1,9,15,1,1,0.09117948949280094,0.09213538124744682,0.9372667675239537,0.1467764060356653,0.8747989892028486,0.6754606920323478
36,0,9,0,0,4,1,1,0,0.03280962973355898,0.04412195921317302,0.9304084720121029,0.07133058984910837,0.8669882839421089,0.6680365902160944
22,0,4,0,0,6,1,1,0,0.12287119125275439,0.1229710954378577,0.9409984871406959,0.19753086419753085,0.8790489317711923,0.680233328914225
24,0,5,0,0,4,2,1,1,0.4016853100388933,0.4019824098079658,0.9737771053958648,0.6433470507544582,0.9163795083850218,0.7233196340978391
50,0,5,0,0,5,1,1,0,0.11533328663464877,0.11505290709059618,0.940090771558245,0.2139917695473251,0.8780151619572708,0.6790401696937558
26,0,4,0,0,4,0,0,0,0.3029853360668054,0.3030306624905014,0.962178517397882,0.48559670781893005,0.9754192510912014,0.7913297096645897
24,0,4,0,0,4,0,0,0,0.24918279040054211,0.2490904787682806,0.9558245083207262,0.401920438957476,0.9694463588329888,0.7845684740819303
48,0,2,0,0,1,0,0,0,0.1229588282567086,0.12382669289819336,0.9409984871406959,0.19753086419753085,0.9062715368711234,0.7181492774758054
27,0,5,0,0,3,0,0,0,0.31012240865379265,0.31005352399384045,0.9629853756933938,0.49519890260631,0.9040891339306225,0.7091342966989261
27,0,3,0,0,3,2,1,1,0.5640274669704882,0.563328046315063,0.9928391326273324,0.9698216735253772,0.9915001148633127,0.8102876839453799
55,0,4,0,0,1,5,1,1,0.1110514482943514,0.11331686516108497,0.9395864851235501,0.17832647462277093,0.8774408453939812,0.6787750232003181
31,0,7,0,0,4,0,1,1,0.037778341962509336,0.06726558190845275,0.9309127584467978,0.06035665294924554,0.899609464736963,0.7083388572186133
64,0,1,0,0,1,1,1,0,0.1298846245534513,0.12987137107871158,0.9418053454362078,0.20987654320987653,0.8799678382724557,0.6812939148879756
42,0,10,0,0,9,17,1,1,0.5658441471030016,0.5934692165678503,0.9930408472012103,0.9053497942386831,0.9454399264874799,0.7616333023995757
30,0,8,0,0,3,1,1,0,0.008613315137730183,0.008707927822151528,0.9275844679778114,0.015089163237311385,0.9438318401102688,0.755137213310354
21,0,9,1,0,6,2,0,0,0.24993122074324184,0.2500515245100343,0.9559253656076652,0.40054869684499317,0.896048702044567,0.6998541694286093
34,0,9,0,0,9,14,1,1,0.3513212355931653,0.3855529734602253,0.967826525466465,0.5624142661179699,0.9377440845393982,0.7514251624022272
35,0,2,0,0,2,0,1,0,0.283547063241192,0.28330257460413755,0.9597579425113465,0.45267489711934156,0.9005283712382265,0.705024526050643
33,0,2,0,0,1,0,0,0,0.27833695198480385,0.27820810326627493,0.9592536560766516,0.4458161865569273,0.9476223294279807,0.7665385125281718
44,0,1,0,0,1,1,1,0,0.08434136992666887,0.08436731811033302,0.9364599092284418,0.13580246913580246,0.8738800827015851,0.6742675328118786
28,0,8,0,0,4,9,1,1,0.3030207027226396,0.30328065260782966,0.962178517397882,0.48559670781893005,0.9055823569951758,0.7108577489062707
25,0,2,0,0,4,0,1,0,0.35974471690342713,0.35993135589094016,0.9688350983358548,0.5761316872427984,0.9107512060647829,0.7168235450086172
23,0,9,0,0,5,2,1,0,0.10928663131173019,0.17015080644141367,0.9393847705496722,0.1755829903978052,0.8772111187686653,0.6875248574837598
24,0,6,0,0,5,3,0,1,0.5665064599863533,0.5683668726723129,0.9931417044881493,0.906721536351166,0.9384332644153457,0.7490388439612886
26,0,9,2,2,10,27,1,1,0.610223251791491,0.6181839232818946,0.9982854261220373,0.9766803840877915,0.9499195956811395,0.7618984488930134
50,0,1,0,0,1,2,0,1,0.06641340525963649,0.06609309318823475,0.9343419062027232,0.10699588477366255,0.9249942568343671,0.73326262760175
21,0,3,0,0,6,0,1,0,0.3235028728977113,0.32361345370253664,0.9645990922844175,0.5171467764060357,0.9059269469331496,0.7112554686464272
49,0,3,0,0,2,10,1,1,0.09649766718618208,0.10412976063746794,0.9378719112455874,0.1550068587105624,0.8877785435331955,0.7279596977329975
20,1,10,0,0,10,2,1,1,0.44709715881806483,0.447447349352193,0.9791225416036309,0.7626886145404664,0.9224672639558925,0.7303460161739361
56,0,2,0,0,1,1,1,0,0.2626994972124848,0.2629106513384565,0.9574382249117499,0.41975308641975306,0.8977716517344361,0.7018427681293915
43,0,2,0,0,1,2,1,1,0.22072545423235432,0.22431448409040858,0.9524962178517398,0.35253772290809327,0.8921433494141972,0.6958769720270449
36,0,3,0,0,2,5,1,1,0.5598548570718827,0.5596979589260167,0.9923348461926375,0.8957475994513031,0.9388927176659775,0.7519554553891025
27,0,3,0,0,3,0,0,0,0.10411610766841563,0.10428084952608727,0.9387796268280383,0.1673525377229081,0.9958649207443143,0.8150603208272571
52,0,1,0,0,1,1,1,0,0.07807609881374118,0.07819937849891659,0.9356530509329299,0.12482853223593965,0.8730760395129795,0.6733395200848469
22,0,10,1,1,7,3,1,1,0.007785769158867802,0.008097631239570975,0.9274836106908724,0.013717421124828532,0.8642315644383184,0.6632639533342172
35,0,8,0,0,3,4,1,1,0.09215487822334766,0.39516867646779336,0.9373676248108926,0.14814814814814814,0.8749138525155066,0.7222590481240886
50,0,1,0,0,1,0,1,1,0.3357104274756071,0.36568911619249167,0.9660110943015633,0.5363511659807956,0.914197105444521,0.7311414556542489
28,0,7,0,0,9,4,1,0,0.0707308287523781,0.09556250006768102,0.9348461926374181,0.11385459533607682,0.8720422696990581,0.6759909850192232
29,0,6,0,0,3,0,0,0,0.07933184848996148,0.07810670640836945,0.9357539082198689,0.12757201646090535,0.8731909028256375,0.6733395200848469
31,0,1,0,0,1,0,1,0,0.07329976291826694,0.14265380102259004,0.935148764498235,0.11796982167352538,0.8723868596370319,0.6832825135887578
27,0,8,0,0,7,0,1,1,0.2705612138066697,0.3221039854969768,0.9583459404942007,0.4334705075445816,0.9298185159660005,0.743073047858942
21,0,5,0,0,5,1,1,1,0.40278963163269177,0.4286747536378341,0.9738779626828038,0.6858710562414266,0.9455547898001379,0.7682619647355163
25,0,9,0,0,8,0,1,1,0.03284784677698779,0.04059079292249495,0.9304084720121029,0.053497942386831275,0.8747989892028486,0.6779795837200053
48,0,1,0,0,1,4,1,1,0.3211241598941904,0.3238968645866531,0.9642965204236006,0.51440329218107,0.9200551343900758,0.7275619779928411
40,0,1,0,0,1,1,1,1,0.3509562171427653,0.350474759179482,0.967725668179526,0.5610425240054869,0.9840339995405467,0.8020681426488134
58,0,1,0,0,1,1,1,0,0.3656001876925607,0.3666423531581765,0.9695410993444277,0.5871056241426612,0.9115552492533885,0.7178841309823678
29,0,2,0,0,2,1,1,1,0.4454555739235062,0.4449343441386626,0.9789208270297529,0.7119341563786008,0.9430277969216633,0.7543417738300411
25,0,2,0,0,2,0,1,1,0.5749290275835186,0.575127087085408,0.9940494200706002,0.9190672153635117,0.9660004594532506,0.7805912766803659
33,0,1,0,0,1,0,1,1,0.014768761909120487,0.014010275534650554,0.9282904689863842,0.023319615912208505,0.9116701125660464,0.7177515577356489
23,0,3,0,0,4,1,1,1,0.3605490128566484,0.3608593087152826,0.9689359556227938,0.5775034293552812,0.9239604870204456,0.7319368951345618
60,0,1,0,0,1,1,1,0,0.09296010775299367,0.10763885173676568,0.9374684820978316,0.1728395061728395,0.8750287158281644,0.6778470104732864
52,0,1,0,0,1,0,0,1,0.026085187994632254,0.026055113924230967,0.929601613716591,0.04252400548696845,0.8660693774408454,0.6652525520349993
37,0,2,0,0,1,5,1,0,0.04303714816794416,0.04321337930655863,0.9316187594553706,0.06995884773662552,0.8683666436940042,0.6679040169693756
40,0,2,0,0,1,0,0,0,0.20091332377529844,0.20021850862927873,0.9501765002521432,0.32098765432098764,0.8895014932230646,0.6921649211189183
30,0,4,0,0,2,3,1,1,0.12553488342575195,0.12651807797726553,0.9413010590015128,0.20164609053497942,0.8793935217091661,0.6807636219011004
35,0,5,0,0,5,2,1,0,0.11508477653572055,0.1187499850356629,0.940090771558245,0.18518518518518517,0.8780151619572708,0.679570462680631
30,0,3,1,1,3,3,1,0,0.05322773074356849,0.10847447025476747,0.9328290468986384,0.08641975308641975,0.8697450034458993,0.6779795837200053
26,0,2,0,0,2,2,1,1,0.6162793223319695,0.6191763134110493,0.9989914271306102,0.9862825788751715,0.9956351941189984,0.8147951743338194
26,0,7,0,0,6,6,1,1,0.006046059423073009,0.006961037058712627,0.9272818961169944,0.010973936899862825,0.9310820124052378,0.740289009677847
21,0,5,0,0,6,0,0,0,0.12310404904907246,0.12299159099133097,0.9409984871406959,0.19753086419753085,0.895818975419251,0.7080737107251757
35,0,8,0,1,5,5,1,0,0.29002197191978896,0.29480513025460714,0.9609682299546142,0.4897119341563786,0.914197105444521,0.7246453665650272
47,0,1,0,0,1,0,1,0,0.240424780848645,0.24059272226640407,0.9548159354513364,0.38545953360768176,0.8947852056053297,0.6983958637147024
37,0,1,0,0,1,1,1,1,0.25774841368729906,0.25754618113644295,0.956833081190116,0.41289437585733885,0.9523317252469561,0.7648150603208272
41,0,9,0,0,9,25,1,1,0.030176239067708336,0.188977596651263,0.9301059001512859,0.04938271604938271,0.9002986446129106,0.7367095320164391
32,0,8,0,0,2,17,1,1,0.55691235329281,0.5564805742935549,0.9920322743318205,0.8902606310013718,0.9967838272455778,0.8159883335542888
49,0,1,0,0,1,0,1,0,0.0017675879169030775,0.0010867908800529374,0.9267776096822995,0.0027434842249657062,0.8628532046864231,0.6614079278801538
22,0,4,0,0,5,0,1,0,0.12025519093073012,0.12040346853116396,0.940695915279879,0.1934156378600823,0.8787043418332184,0.6798356091740687
51,0,1,0,0,1,1,1,0,0.1973599531328744,0.2027919772157797,0.9497730711043872,0.3388203017832647,0.9931082012405238,0.8133368686199125
36,0,2,0,0,2,2,1,0,0.047235054014993894,0.046625556143068264,0.9321230458900656,0.08093278463648834,0.8689409602572938,0.6684343099562509
37,0,1,0,0,1,0,0,0,0.14425182941997464,0.14454825381013878,0.9435199193141705,0.23182441700960219,0.8819205145876408,0.6835476600821954
39,0,5,0,0,1,2,0,1,0.10754049578926742,0.10754627899451458,0.9391830559757942,0.1728395061728395,0.8982311049850678,0.7076759909850192
21,0,4,0,0,6,0,1,0,0.35122668615100255,0.38912233917073125,0.967826525466465,0.5624142661179699,0.9096025729382036,0.7213310353970569
42,0,5,0,0,3,3,1,1,0.21407223245663654,0.2128770611828235,0.9515885022692889,0.34156378600823045,0.9163795083850218,0.7400238631844094
54,0,1,0,0,1,0,0,0,0.11933225131825709,0.11868411711538765,0.94059505799294,0.1906721536351166,0.8785894785205606,0.679570462680631
34,0,6,0,0,6,4,1,0,0.020599999437867812,0.01977006254144128,0.9288956127080181,0.03292181069958848,0.8653801975648978,0.6643245393079676
31,0,10,0,2,5,14,0,0,0.18455148321904818,0.18461837224791186,0.9481593545133636,0.29492455418381347,0.8873190902825637,0.6897786026779796
38,0,1,0,0,1,1,1,1,0.17455606777451002,0.17447295406068228,0.9470499243570348,0.31550068587105623,0.8970824718584884,0.7027707808564232
52,0,1,0,0,1,4,1,0,0.14884156921047473,0.15232107573063294,0.9440242057488654,0.24417009602194786,0.8824948311509304,0.6847408193026647
26,0,2,0,0,3,0,1,0,0.0072025321850224125,0.0068722892258591016,0.9273827534039334,0.012345679012345678,0.8635423845623708,0.6623359406071855
23,0,2,0,0,3,2,1,0,0.29638752304506094,0.2964086316223699,0.9613716591023701,0.47462277091906724,0.9022513209280956,0.7070131247514252
24,0,8,0,0,10,3,0,0,0.019720411539159544,0.018919303343122817,0.9287947554210791,0.03292181069958848,0.8718125430737422,0.6722789341110964
50,0,1,0,0,1,0,1,0,0.0952569143227418,0.09461691292079132,0.9376701966717095,0.1522633744855967,0.8753733057661383,0.6758584117725043
28,0,4,0,0,3,0,1,1,0.07476825877101755,0.07493390929117087,0.935350479072113,0.12071330589849108,0.8774408453939812,0.6782447302134429
51,0,1,0,0,1,1,1,1,0.05781227627374809,0.057505883480602774,0.9333333333333333,0.09465020576131687,0.879508385021824,0.6856688320296964
27,0,2,0,0,2,0,0,0,0.10311485688457145,0.10340468696847109,0.9386787695410993,0.1646090534979424,0.8764070755800597,0.6771841442396924
38,0,3,0,0,2,5,1,0,0.28508341222302414,0.2853816463302195,0.9600605143721634,0.4567901234567901,0.9007580978635424,0.7052896725440806
25,0,5,0,0,4,1,0,1,0.025239735225410686,0.025150577493265453,0.929500756429652,0.0411522633744856,0.8659545141281875,0.6651199787882806
25,0,4,0,0,3,2,1,1,0.04212818240684961,0.04217350069189631,0.9315179021684317,0.06721536351165981,0.8819205145876408,0.6903088956648549
50,0,3,0,0,1,3,1,0,0.07321674413811584,0.08445060178690428,0.935148764498235,0.11796982167352538,0.8723868596370319,0.6742675328118786
25,0,10,0,0,8,7,1,1,0.007072169162141279,0.043290890847129906,0.9273827534039334,0.012345679012345678,0.9212037675166552,0.7384329842237837
24,0,8,0,0,7,3,1,1,0.017247943626603358,0.024074585772992183,0.9285930408472012,0.02880658436213992,0.8790489317711923,0.6815590613814132
37,0,1,0,0,1,1,1,1,0.3399120179700352,0.3401801397212579,0.9665153807362582,0.5445816186556928,0.9665747760165403,0.7811215696672411
47,0,1,0,0,1,7,1,1,0.4960409755035406,0.49638630011238577,0.9848714069591528,0.7942386831275721,0.9692166322076728,0.7843033275884926
43,0,2,0,0,2,8,1,0,0.3673366994325176,0.36765157288868056,0.9697428139183056,0.588477366255144,0.9117849758787043,0.7180167042290866
27,0,3,0,0,3,8,1,1,0.1066751598285322,0.12045564625624475,0.9390821986888552,0.17146776406035666,0.8903055364116701,0.6932255070926687
33,0,9,0,0,3,5,0,1,0.4849980575154784,0.48515802523762647,0.983560262228946,0.7764060356652949,0.9285550195267631,0.7422776083786292
25,0,8,0,0,5,6,1,1,0.28943510988854976,0.2896654057678978,0.9344427634896622,0.3662551440329218,0.9013324144268321,0.7059525387776747
20,0,4,0,0,6,0,1,1,0.5220869632199988,0.52212162180649,0.9878971255673222,0.8367626886145405,0.9324603721571331,0.7418798886384728
37,0,5,0,0,5,4,1,1,0.4593481842896945,0.45944113265243786,0.9805345436207766,0.7585733882030178,0.988973121984838,0.8178443590083521
35,0,10,0,0,6,27,1,0,0.22400204925984224,0.22427094966708336,0.9631870902672718,0.4993141289437586,0.8926028026648288,0.6958769720270449
27,0,10,0,0,5,15,1,1,0.4978520641091698,0.5230316124589082,0.9850731215330307,0.7969821673525377,0.9292441994027107,0.7420124618851915
23,0,5,0,2,6,1,1,1,0.0858326390851841,0.10151243971309444,0.9366616238023198,0.1646090534979424,0.8875488169078797,0.6990587299482964
25,0,8,0,1,8,1,1,0,0.5984080376719142,0.6876649721920642,0.9342410489157842,0.1056241426611797,0.9426832069836895,0.7674665252552035
43,0,2,0,0,1,0,0,0,0.3725103714133496,0.37194252514299225,0.9703479576399395,0.5953360768175583,0.994486560992419,0.813734588360069
40,0,4,0,0,1,5,1,0,0.22059736556055043,0.21996623767377,0.9523953605648008,0.35253772290809327,0.9785205605329658,0.7961023465464669
32,0,7,0,0,3,0,1,1,0.1853797939360457,0.19954414233058126,0.9483610690872416,0.29766803840877915,0.8907649896623019,0.6954792522868886
38,0,4,0,0,3,5,1,1,0.012254243330795694,0.01385326548758718,0.9279878971255673,0.0205761316872428,0.8706639099471629,0.6705554819037518
28,0,5,0,0,5,1,0,0,0.0428978069207232,0.043211143969897704,0.9316187594553706,0.12757201646090535,0.8957041121065932,0.6999867426753281
26,1,10,1,0,7,18,1,1,0.26284403272002627,0.4319496211943853,0.9574382249117499,0.42112482853223593,0.9647369630140133,0.7922577223916214
23,0,6,0,1,5,1,1,0,0.338931434979168,0.3391299090141481,0.9663136661623802,0.541838134430727,0.9079944865609925,0.7136417870873658
23,0,3,0,0,5,0,1,0,0.24402085764666775,0.254353017618556,0.9552193645990923,0.39094650205761317,0.8952446588559614,0.7005170356622034
27,0,4,0,0,9,5,1,1,0.30476916225450007,0.3590677509579436,0.9623802319717599,0.4869684499314129,0.903399954054675,0.7166909717618984
31,0,2,0,0,2,0,0,0,0.056935796985900844,0.05689345090965734,0.9332324760463944,0.09190672153635117,0.8702044566965311,0.6700251889168766
26,0,2,0,0,2,3,0,1,0.45503075086528877,0.4549354191865741,0.9800302571860817,0.7283950617283951,0.9462439696760855,0.7576561049980114
61,0,1,0,0,1,0,0,0,0.2883833963194504,0.2886965413152457,0.9604639435199193,0.46227709190672156,0.9012175511141741,0.7058199655309558
40,0,1,0,0,1,0,1,0,0.09710961660091955,0.09815720931987558,0.9379727685325264,0.15637860082304528,0.8756030323914542,0.6763887047593795
25,0,3,0,0,3,1,1,0,0.0680009817648589,0.06814116824595189,0.9345436207766011,0.10973936899862825,0.9778313806570181,0.7965000662866234
47,0,1,0,0,1,0,0,0,0.20260251113585354,0.20280198158919105,0.9503782148260211,0.32373113854595337,0.8897312198483804,0.6925626408590746
70,0,1,0,0,1,1,1,0,0.08101091548480609,0.09132915989024358,0.9360564800806859,0.1467764060356653,0.8734206294509533,0.675328118785629
28,0,3,0,0,3,2,1,1,0.02324197106149457,0.02426173809307443,0.9271810388300554,0.03292181069958848,0.8657247875028716,0.6649874055415617
30,0,5,0,0,6,22,1,1,0.5871146629787617,0.5891105882542755,0.9955622793746848,0.9396433470507545,0.9411899839191362,0.7522206018825401
30,0,7,0,0,7,3,1,0,0.10052011032370561,0.2766817061110697,0.9383761976802824,0.16186556927297668,0.8760624856420859,0.7039639400768924
24,0,7,0,0,5,2,0,1,0.6327834637713403,0.6388978542447041,0.9025718608169441,0.23045267489711935,0.9472777394900069,0.7599098501922312
48,0,5,0,0,3,0,0,0,0.3229765642224454,0.3307449028934486,0.9644982349974786,0.5171467764060357,0.9058120836204916,0.7123160546201777
23,0,8,0,0,9,2,1,1,0.21383856026386286,0.2190028572470593,0.9516893595562279,0.3429355281207133,0.8967378819205146,0.702903354103142
34,0,3,0,0,2,1,1,1,0.43626293488758316,0.4363486246554713,0.9778113968734241,0.6982167352537723,0.9263726165862624,0.755137213310354
37,0,3,0,0,2,4,1,0,0.07464593046438743,0.07493755537363558,0.935350479072113,0.12071330589849108,0.8726165862623478,0.6728092270979716
33,0,1,1,0,1,5,1,1,0.38803936248211196,0.38823716572266415,0.9721633888048411,0.6213991769547325,0.9216632207672869,0.7306111626673737
22,0,6,0,1,6,0,1,1,0.06705412670525059,0.06633912924338056,0.9343419062027232,0.10699588477366255,0.8982311049850678,0.7023730611162667
25,0,2,0,0,3,0,1,0,0.050714453623255294,0.050800688153855224,0.9325264750378215,0.08093278463648834,0.8694004135079255,0.6690971761898449
29,0,4,1,1,3,4,1,1,0.2824291054725942,0.28331980159867104,0.9597579425113465,0.45267489711934156,0.9004135079255686,0.705024526050643
42,0,5,0,0,4,1,0,0,0.3864854841131562,0.3862653504169881,0.9719616742309631,0.6186556927297668,0.9143119687571789,0.7209333156569004
22,0,7,0,0,5,1,1,1,0.38099824963358864,0.3803100260939293,0.9713565305093294,0.6090534979423868,0.9705949919595681,0.7907994166777145
23,0,7,0,0,5,0,0,0,0.010415991623872864,0.010315780645280893,0.9277861825516893,0.01783264746227709,0.8640018378130025,0.6628662335940607
57,0,1,0,0,1,0,1,0,0.21652287057151692,0.21632618565063086,0.9519919314170449,0.34705075445816186,0.9937973811164714,0.8126740023863185
26,0,4,0,0,3,0,1,1,0.026763222702242722,0.026755280975410314,0.92970247100353,0.0438957475994513,0.866758557316793,0.6660479915153122
25,0,5,0,0,6,2,1,0,0.03466992973476766,0.03559212314650479,0.9306101865859808,0.056241426611796985,0.9206294509533655,0.7355163727959698
24,0,5,0,0,5,0,1,1,0.27139470885232364,0.271494711705104,0.9584467977811397,0.4348422496570645,0.9185619113255227,0.7259710990322154
48,0,1,0,0,1,0,1,0,0.2274244311845473,0.23474208124288373,0.9532022188603126,0.3635116598079561,0.8930622559154606,0.6974678509876707
67,0,1,0,0,1,0,0,0,0.0225198298336483,0.02332618512408488,0.9291981845688351,0.037037037037037035,0.8656099241902137,0.6648548322948429
68,0,7,0,0,6,7,1,1,0.030164211822492043,0.033791375671782004,0.9300050428643469,0.04938271604938271,0.9186767746381805,0.7279596977329975
29,0,5,0,0,4,2,1,0,0.17538682168087436,0.1763013501661933,0.9471507816439738,0.2825788751714678,0.8978865150470939,0.7042290865703301
23,0,4,0,0,6,0,1,0,0.08083013933499027,0.08101544568952034,0.9360564800806859,0.13031550068587106,0.8734206294509533,0.6737372398250033
21,0,9,1,1,6,1,1,1,0.09553529886726093,0.09709518597002569,0.9377710539586485,0.15363511659807957,0.879508385021824,0.6883202969640726
26,0,6,0,0,4,3,1,1,0.18219497741643867,0.18224237826945183,0.9479576399394857,0.29218106995884774,0.8940960257293821,0.6987935834548588
30,0,8,0,0,8,4,1,1,0.2643657225656575,0.2773219264004178,0.9576399394856279,0.42386831275720166,0.8980013783597519,0.7040965133236113
24,0,5,0,2,5,2,1,1,0.03276022963636175,0.03261894656054162,0.9304084720121029,0.053497942386831275,0.8803124282104295,0.6824870741084449
44,0,9,0,0,1,29,1,1,0.71077414034222,0.7273404394586436,0.9801311144730207,0.7297668038408779,0.9577303009418792,0.7735648946042688
36,0,5,0,0,3,2,0,0,0.24728686552023282,0.24734874418140626,0.9556227937468482,0.39780521262002744,0.8957041121065932,0.6994564496884529
49,0,1,0,0,1,0,1,0,0.2011519320051262,0.20089702768675072,0.9501765002521432,0.32510288065843623,0.8895014932230646,0.692297494365637
51,0,6,0,0,7,8,1,1,0.029315501467448064,0.029206263047722184,0.9300050428643469,0.04801097393689986,0.8711233631977946,0.671085774890627
39,0,5,0,0,1,9,1,0,0.09787185195670815,0.09724328447493417,0.9380736258194654,0.15637860082304528,0.8757178957041121,0.6762561315126607
26,0,8,0,0,6,7,1,0,0.15902354103333066,0.15901290871156298,0.9452344931921332,0.32098765432098764,0.9239604870204456,0.7325997613681559
22,0,10,0,0,8,11,1,1,0.6075256628489449,0.606875931334392,0.9978819969742814,0.9711934156378601,0.9473926028026648,0.7591144107119183
61,0,1,0,0,1,0,1,0,0.16242540414002013,0.16225776314788018,0.9456379223398891,0.2606310013717421,0.8843326441534574,0.6863316982632904
37,0,3,0,0,1,0,1,0,0.2267678985296976,0.22837362696556754,0.9532022188603126,0.3635116598079561,0.8929473926028026,0.696539838260639
31,1,9,1,1,8,13,1,1,0.5657511867270937,0.5666364836608464,0.9930408472012103,0.9053497942386831,0.9383184011026878,0.7487736974678509
48,0,4,0,0,1,3,1,0,0.15278565151830661,0.15218934982491203,0.9445284921835603,0.25377229080932784,0.9608316103836435,0.7746254805780194
29,0,1,0,0,2,0,1,0,0.08582863662455473,0.08680560347041083,0.9366616238023198,0.13854595336076816,0.8982311049850678,0.7026382076097044
30,0,2,0,0,2,0,1,0,0.011360780897349886,0.012950467651802383,0.9278870398386283,0.019204389574759947,0.8641167011256604,0.6632639533342172
22,0,4,0,0,6,2,1,1,0.2600279987515104,0.28267574646509575,0.957034795763994,0.47050754458161864,0.9100620261888352,0.7265013920190906
37,0,2,0,0,2,6,1,1,0.09726322964944176,0.09732145171425932,0.9379727685325264,0.15637860082304528,0.8915690328509074,0.6948163860532944
37,0,7,0,0,3,11,1,1,0.4404696997790036,0.44034660871958736,0.978315683308119,0.7050754458161865,0.93429818515966,0.7441336338326926
29,0,4,0,0,2,0,0,1,0.48409353120823334,0.48436824602341805,0.983459404942007,0.7750342935528121,0.9847231794164943,0.8024658623889699
34,0,3,0,0,2,2,1,0,0.09957575804344866,0.0989375504459601,0.9382753403933434,0.15912208504801098,0.9883988054215483,0.8065756330372531
31,0,6,0,0,4,0,0,1,0.16224898799074103,0.16310468750197143,0.9453353504790721,0.262002743484225,0.9254537100849989,0.7506297229219143
23,0,10,0,0,10,1,1,1,0.5938018411140125,0.7214105383645416,0.848209783156833,0.6323731138545954,0.9421088904203997,0.7726368818772372
20,0,4,0,0,6,0,0,0,0.34772922084575647,0.34802035952578636,0.967423096318709,0.5569272976680384,0.9091431196875718,0.7149675195545538
22,0,6,0,0,7,0,0,0,0.06012052412053103,0.06034030030148532,0.9335350479072113,0.09602194787379972,0.8706639099471629,0.6705554819037518
58,0,1,0,0,1,1,1,0,0.07502693889397671,0.0756226810927943,0.594957135653051,0.12071330589849108,0.8726165862623478,0.6729418003446904
25,0,3,0,0,3,1,0,1,0.5915733643932224,0.5916904051968934,0.9960665658093797,0.9465020576131687,0.9417643004824259,0.7526183216226965
24,0,3,0,1,4,2,1,1,0.10310196558457908,0.10395656675297947,0.9386787695410993,0.1646090534979424,0.9038594073053067,0.7325997613681559
39,0,3,0,0,2,0,1,0,0.01044248930367226,0.009679931680958565,0.9277861825516893,0.01646090534979424,0.8640018378130025,0.6627336603473419
61,0,8,0,0,5,29,1,1,0.011428773069728695,0.026836170358046987,0.9278870398386283,0.08641975308641975,0.8799678382724557,0.6811613416412567
31,0,5,0,0,4,2,1,1,0.08706359932782895,0.08610218772995094,0.9366616238023198,0.13854595336076816,0.916149781759706,0.7230544876044014
29,0,5,0,0,3,3,1,1,0.572379499889267,0.5726586594523113,0.9938477054967222,0.9149519890260631,0.9392373076039513,0.7497017101948826
29,0,4,0,0,2,1,0,1,0.4130852018294403,0.4175234836273362,0.9750882501260716,0.7215363511659808,0.9356765449115553,0.7455919395465995
23,0,7,0,0,5,0,1,0,0.11018179205973586,0.11267756881089001,0.9394856278366112,0.17695473251028807,0.8773259820813232,0.6786424499535993
33,0,9,0,0,9,7,0,1,0.007714718033948434,0.029342370213298507,0.9274836106908724,0.013717421124828532,0.8953595221686194,0.701445048389235
23,1,6,2,2,6,6,1,0,0.09279653324538646,0.09272633471678816,0.9374684820978316,0.149519890260631,0.8942108890420399,0.7005170356622034
29,0,2,0,0,2,0,1,0,0.30749686400257525,0.30729970844553606,0.9626828038325769,0.4924554183813443,0.9037445439926487,0.7087365769587697
30,0,9,0,0,5,9,0,1,0.03525222320052424,0.24307845637267111,0.9307110438729198,0.05761316872427984,0.919595681139444,0.7298157231870609
37,0,7,0,0,3,7,1,0,0.24715523124434782,0.2474411778360429,0.9556227937468482,0.39643347050754457,0.9154606018837583,0.7222590481240886
35,0,2,0,0,2,2,1,0,0.22065741240165504,0.22157167633330555,0.9524962178517398,0.35390946502057613,0.8921433494141972,0.6954792522868886
34,0,2,0,0,1,0,1,0,0.08531477232439703,0.08520619525244497,0.9365607665153808,0.13717421124828533,0.8739949460142431,0.6744001060585973
23,0,6,0,0,5,1,1,1,0.09122176858684368,0.09368445961863825,0.9372667675239537,0.1467764060356653,0.8747989892028486,0.6757258385257855
24,0,3,0,0,4,0,1,0,0.0706382557113698,0.0706028799342362,0.9348461926374181,0.11385459533607682,0.8720422696990581,0.6721463608643776
31,0,1,0,0,2,1,1,0,0.11161373938862523,0.11179626994636852,0.9396873424104891,0.17969821673525377,0.8775557087066391,0.6785098767068806
39,0,2,0,0,1,1,1,1,0.05097206112649245,0.050910815740016796,0.9325264750378215,0.0823045267489712,0.8694004135079255,0.6690971761898449
20,0,6,0,0,8,0,1,1,0.5518733745404035,0.5519586670554364,0.9914271306101866,0.8820301783264746,0.9751895244658856,0.792522868885059
47,0,2,0,0,3,5,1,0,0.07756215506027075,0.0809264097466083,0.9356530509329299,0.12482853223593965,0.8729611762003217,0.6737372398250033
50,0,1,0,0,1,2,1,0,0.27823847953532443,0.2783729419590663,0.9592536560766516,0.4883401920438957,0.8998391913622789,0.7042290865703301
50,0,2,0,0,1,3,0,0,0.3676580880825583,0.36679005426990086,0.9696419566313667,0.5871056241426612,0.9117849758787043,0.7178841309823678
28,0,8,0,0,7,8,1,1,0.013155065127334213,0.014884610083619573,0.9280887544125063,0.02194787379972565,0.8643464277509764,0.6635290998276547
50,0,6,0,0,4,9,1,1,0.25850796749378263,0.2586161225454873,0.956933938477055,0.41426611796982166,0.9172984148862853,0.7245127933183083
36,0,7,0,0,4,0,1,1,0.5117858610863506,0.5161719305318166,0.9866868381240544,0.8189300411522634,0.9318860555938433,0.7412170224048787
25,0,10,0,0,10,7,1,0,0.2818592563819458,0.2938949011662785,0.9201210287443268,0.09602194787379972,0.9002986446129106,0.7066154050112687
39,0,9,0,0,5,4,1,0,0.18900536777642385,0.29024064233680547,0.9487644982349975,0.30315500685871055,0.8878934068458534,0.7060851120243935
40,0,4,0,0,1,4,0,0,0.006941269829399138,0.0079137971525765,0.9273827534039334,0.012345679012345678,0.9284401562141052,0.7446639268195678
23,0,6,0,1,5,5,1,1,0.4067241497480024,0.4069480264058631,0.9742813918305597,0.6502057613168725,0.9419940271077418,0.7527508948694154
27,0,2,0,0,3,1,1,1,0.42848993784873857,0.4292718865711892,0.9769036812909733,0.6858710562414266,0.9318860555938433,0.7495691369481638
21,0,10,0,0,7,0,1,0,0.35276238957466866,0.35278980297832085,0.9680282400403429,0.5651577503429356,0.9098322995635194,0.7157629590348668
54,0,6,0,0,1,21,1,0,0.07322633812562941,0.07321383263283346,0.935148764498235,0.11796982167352538,0.8723868596370319,0.672544080604534
30,0,1,0,0,2,1,1,0,0.2929199222537417,0.29898409710962126,0.9609682299546142,0.48010973936899864,0.9017918676774638,0.7074108444915816
29,0,6,0,0,2,3,1,0,0.11082216589710671,0.2627579530074413,0.9395864851235501,0.17832647462277093,0.8774408453939812,0.7018427681293915
25,0,8,0,0,7,5,1,1,0.03717392074915416,0.03717841738939323,0.9309127584467978,0.06035665294924554,0.8675626005053986,0.6669760042423439
51,0,1,0,0,1,0,1,0,0.19756022513930424,0.19764178141866764,0.9497730711043872,0.3168724279835391,0.8890420399724328,0.6917672013787618
28,0,10,2,0,10,21,1,0,0.01049777887767647,0.010563575165266636,0.9277861825516893,0.01783264746227709,0.954399264874799,0.7811215696672411
47,0,6,0,0,1,5,1,0,0.3220298482061344,0.32312713385858577,0.9643973777105396,0.5157750342935528,0.9056972203078337,0.7111228953997083
29,0,8,0,0,4,0,1,0,0.11347998845662546,0.11511172128185251,0.9398890569843671,0.18244170096021947,0.9606018837583276,0.7884130982367759
45,0,9,0,0,1,3,1,0,0.18634227150327187,0.21668145515727386,0.9443267776096823,0.289437585733882,0.8875488169078797,0.6946838128065757
27,0,2,0,0,3,0,1,0,0.08942081027858904,0.1261993388390768,0.9370650529500757,0.1440329218106996,0.8745692625775328,0.6807636219011004
21,0,3,0,0,5,0,1,1,0.3951152460866239,0.3940383610992448,0.972869389813414,0.6323731138545954,0.9154606018837583,0.7221264748773697
41,0,5,0,0,2,4,1,0,0.24913268515519432,0.24918167056921675,0.9558245083207262,0.3991769547325103,0.895933838731909,0.6997215961818904
64,0,1,0,0,1,0,1,0,0.2586584520681156,0.25862358360252,0.956933938477055,0.41426611796982166,0.8971973351711463,0.7011799018957974
20,0,8,0,1,6,0,1,1,0.5715635640257289,0.5899623409355543,0.9937468482097832,0.9149519890260631,0.9554330346887204,0.7714437226567679
34,0,2,0,0,2,0,1,0,0.2454928693085072,0.33746917309303603,0.9554210791729703,0.3936899862825789,0.8954743854812773,0.7133766405939281
52,0,6,0,0,2,3,1,1,0.29470854543519315,0.31534983132994016,0.9610690872415532,0.47050754458161864,0.906960716747071,0.7178841309823678
50,0,8,0,0,4,15,1,0,0.28768622329513327,0.28781390124872763,0.9603630862329803,0.4609053497942387,0.9011026878015161,0.705687392284237
38,2,8,2,1,5,22,1,1,0.4997924828446145,0.5282340853293971,0.9851739788199697,0.8449931412894376,0.9753043877785436,0.7949091873259976
26,0,4,0,0,6,4,1,0,0.5426576940437854,0.554650240896271,0.9201210287443268,0.010973936899862825,0.9352170916609235,0.7469176720137877
54,0,4,0,0,3,2,1,1,0.22513446753135904,0.22431686844951357,0.9361573373676249,0.26886145404663925,0.8927176659774868,0.6958769720270449
31,0,2,0,0,2,6,1,1,0.2600321303237729,0.260338752455033,0.957034795763994,0.4170096021947874,0.8974270617964623,0.701445048389235
27,0,3,0,0,3,1,1,1,0.04318802007717678,0.04331657238165653,0.9316187594553706,0.06995884773662552,0.9093728463128876,0.7158955322815855
42,0,3,0,0,1,0,1,0,0.03433482545661496,0.035480862989768346,0.9306101865859808,0.056241426611796985,0.8672180105674248,0.6667108577489063
21,0,9,0,0,6,3,1,1,0.05063460304394977,0.05519086948625277,0.9325264750378215,0.0823045267489712,0.872271996324374,0.7123160546201777
24,0,9,0,2,10,8,1,1,0.048912035360379025,0.0784096491674876,0.9323247604639435,0.07956104252400549,0.8691706868826097,0.6733395200848469
26,0,7,0,0,5,4,0,1,0.2188811740053272,0.21890185976930393,0.9522945032778618,0.3497942386831276,0.9100620261888352,0.7261036722789341
28,0,2,0,0,3,0,1,0,0.18917087895852916,0.18824739661019044,0.9486636409480586,0.3017832647462277,0.8878934068458534,0.6903088956648549
23,0,6,0,0,4,0,0,1,0.4232933137921883,0.4240571441861392,0.9762985375693394,0.6776406035665294,0.9473926028026648,0.7591144107119183
34,0,2,0,0,2,1,1,0,0.14095254054003484,0.1420501210365258,0.9431164901664145,0.22908093278463648,0.9475074661153228,0.7596447036987936
31,0,3,0,0,2,0,1,0,0.08105345280211523,0.08093111885584064,0.9360564800806859,0.13031550068587106,0.8734206294509533,0.6737372398250033
37,0,1,0,0,1,0,1,0,0.28086046865079667,0.28094245648338484,0.9595562279374685,0.4499314128943759,0.9001837813002527,0.7046268063104866
26,0,2,0,0,3,0,1,0,0.09783824320541837,0.09807885331878795,0.9380736258194654,0.15775034293552812,0.8757178957041121,0.6763887047593795
23,0,2,0,0,4,0,1,1,0.1854313889310074,0.1856333839840751,0.9483610690872416,0.29766803840877915,0.9910406616126809,0.809492244465067
27,0,4,0,1,5,6,1,1,0.4953319540039608,0.4955563841865767,0.9847705496722138,0.7928669410150891,0.9777165173443602,0.7941137478456848
28,0,2,0,0,2,0,0,0,0.2568957604616102,0.2569022054815045,0.956732223903177,0.411522633744856,0.8969676085458305,0.7009147554023598
27,0,5,0,0,4,2,1,0,0.3460103973995487,0.3632314380450266,0.9672213817448311,0.5541838134430727,0.9089133930622559,0.7173538379954925
44,0,5,0,0,5,4,1,1,0.013154300389199073,0.014010364948116992,0.9280887544125063,0.3374485596707819,0.9228118538938663,0.7357815192894074
19,0,4,0,0,7,1,1,1,0.5768594848598783,0.584007533223635,0.994351991931417,0.9355281207133059,0.9529060418102459,0.7661407927880154
38,0,9,1,0,10,16,1,1,0.11597706703280342,0.3227804182402319,0.940191628845184,0.18655692729766804,0.8781300252699288,0.7111228953997083
29,0,9,0,0,3,1,1,0,0.2997720752612368,0.2998400820283115,0.961775088250126,0.48148148148148145,0.9027107741787274,0.7075434177383004
56,0,5,0,0,2,16,1,0,0.03983256763679261,0.03950128983396009,0.9312153303076147,0.0644718792866941,0.9175281415116012,0.7434707675990985
31,0,2,1,0,2,5,1,0,0.10311011948079922,0.10340852181269827,0.9386787695410993,0.1646090534979424,0.8764070755800597,0.6771841442396924
31,0,1,0,0,2,2,1,1,0.4036983689655122,0.4318880153160102,0.9738779626828038,0.644718792866941,0.9166092350103378,0.7279596977329975
25,0,2,0,0,3,2,1,1,0.37247972229795945,0.37254397972722514,0.9703479576399395,0.5967078189300411,0.912474155754652,0.7188121437093995
56,0,1,0,0,1,1,1,1,0.3246639539517997,0.3244940571289858,0.9646999495713565,0.5212620027434842,0.9807029634734665,0.7994166777144373
21,0,10,0,0,6,2,1,1,0.19998928174811112,0.2730895797059408,0.9500756429652042,0.3196159122085048,0.9182173213875489,0.7261036722789341
40,0,9,0,0,7,15,1,1,0.026741283656261886,0.08792302343013325,0.92970247100353,0.0438957475994513,0.8896163565357225,0.7291528569534668
50,1,2,0,0,1,5,1,0,0.25525765164948405,0.2815763482862752,0.9365607665153808,0.3676268861454047,0.8967378819205146,0.7047593795572054
52,0,1,0,0,1,1,1,0,0.35871602493169474,0.3588124059674587,0.9687342410489158,0.5747599451303155,0.910636342752125,0.7166909717618984
28,0,10,0,0,9,6,0,1,0.04758737979868338,0.07325309507942891,0.9321230458900656,0.07681755829903979,0.8784746152079026,0.679570462680631
35,0,10,0,0,7,22,1,1,0.018112892252438947,0.01905352289107436,0.9286938981341402,0.02880658436213992,0.865035607626924,0.6641919660612489
27,0,6,0,0,3,2,1,0,0.07906820253495596,0.19154527323210477,0.9358547655068079,0.12757201646090535,0.8731909028256375,0.6908391886517301
24,0,3,0,0,3,0,0,0,0.3372863044805282,0.33671673890330944,0.9662128088754413,0.5390946502057613,0.9077647599356765,0.7132440673472094
24,0,5,0,0,4,0,0,0,0.27735390594124165,0.2774893481489063,0.9591527987897126,0.4444444444444444,0.899724328049621,0.7040965133236113
37,0,6,0,0,4,5,1,0,0.018114977901898418,0.0173357312435459,0.9286938981341402,0.06858710562414266,0.865035607626924,0.6639268195678112
24,0,2,0,0,3,0,1,0,0.08496279414895079,0.0851951477219252,0.9365607665153808,0.13580246913580246,0.9472777394900069,0.7596447036987936
59,0,1,0,0,1,1,1,1,0.045464476667198904,0.0449188716350372,0.9318204740292486,0.07544581618655692,0.9029405008040432,0.7084714304653321
29,0,9,0,0,8,2,1,1,0.6523889162986265,0.6523857961780889,0.8977307110438729,0.04663923182441701,0.9499195956811395,0.7620310221397322
26,0,3,0,0,2,4,1,1,0.33129305171543627,0.33089130254249477,0.9655068078668684,0.5294924554183813,0.9245348035837354,0.7348535065623757
25,0,2,0,0,3,0,1,0,0.3425196856258857,0.34189171216545416,0.9668179525970751,0.5486968449931413,0.9084539398116241,0.7140395068275222
28,0,2,0,0,3,0,1,1,0.6147451185895814,0.6148563216498049,0.9987897125567322,0.9835390946502057,0.9518722719963244,0.7641521940872332
30,0,9,0,0,7,7,1,0,0.26428237604059135,0.2646365994810899,0.9576399394856279,0.42386831275720166,0.8980013783597519,0.7021079146228291
34,0,1,0,0,1,1,0,0,0.26375349506432544,0.26474146160756135,0.9575390821986889,0.4348422496570645,0.8978865150470939,0.7021079146228291
27,0,6,0,0,7,0,1,0,0.34846219751912794,0.3494576114549539,0.967523953605648,0.5582990397805213,0.9092579830002298,0.7152326660479915
21,0,6,0,0,8,0,0,0,0.20188599122988374,0.20198063942133035,0.9502773575390822,0.32373113854595337,0.8896163565357225,0.6924300676123558
23,0,7,2,1,9,3,1,1,0.05516430592500932,0.06212558918134411,0.9330307614725164,0.08916323731138547,0.8847920974040892,0.6917672013787618
21,0,4,0,0,6,1,1,1,0.31327447054522184,0.31369853349695204,0.9633888048411497,0.5006858710562414,0.9110957960027567,0.7215961818904945
31,0,9,0,0,5,0,0,0,0.2687158212332642,0.2721894642741491,0.9581442259203228,0.43072702331961593,0.8985756949230416,0.7033010738432984
43,0,4,0,0,1,0,1,0,0.3872763723198523,0.38744465443031456,0.9720625315179021,0.6200274348422496,0.9144268320698369,0.7210658889036192
44,0,1,0,0,1,0,0,1,0.08266122038043815,0.08266046471019868,0.9362581946545638,0.13305898491083676,0.9628991500114863,0.7813867161606788
55,0,1,0,0,1,0,1,0,0.014779130566433294,0.014589019098408451,0.9282904689863842,0.024691358024691357,0.8645761543762922,0.6635290998276547
34,0,2,0,0,2,1,1,0,0.22502849667548966,0.2251680449106754,0.9530005042864347,0.3607681755829904,0.8927176659774868,0.6960095452737638
27,0,6,0,0,4,2,0,0,0.1297950111483426,0.13682181760906623,0.9418053454362078,0.262002743484225,0.8799678382724557,0.6823545008617261
32,0,9,0,0,8,21,1,1,0.08157921523585601,0.13574776318056575,0.9361573373676249,0.13168724279835392,0.8735354927636113,0.6822219276150073
46,0,1,0,0,1,1,0,1,0.29970643689324794,0.32563027378631926,0.924558749369642,0.013717421124828532,0.9027107741787274,0.7115206151398648
44,0,1,0,0,1,0,1,0,0.008629136278629896,0.007960470982056616,0.9275844679778114,0.013717421124828532,0.8637721111876866,0.6624685138539043
47,0,6,0,0,6,4,0,0,0.34101124462015414,0.3410773740524644,0.9666162380231972,0.5459533607681756,0.9082242131863083,0.7139069335808034
34,0,2,0,0,2,1,1,0,0.36750649116184686,0.36859282844986285,0.9697428139183056,0.588477366255144,0.9117849758787043,0.7181492774758054
41,0,6,0,0,3,5,0,0,0.26431610397185024,0.2637613211233085,0.9575390821986889,0.4224965706447188,0.8980013783597519,0.7019753413761103
46,0,1,0,0,1,3,1,1,0.2689766465956674,0.2859021916621565,0.9581442259203228,0.45953360768175583,0.9573857110039053,0.7717088691502055
25,0,2,0,2,3,0,1,0,0.11325800583248892,0.11247331864905909,0.9397881996974281,0.18106995884773663,0.8988054215483574,0.7031685005965796
26,0,7,1,2,7,5,1,1,0.30052811325863155,0.30496798406779196,0.961875945537065,0.48148148148148145,0.9047783138065701,0.7115206151398648
30,0,3,0,0,3,4,0,0,0.05090579706366577,0.050650056267397686,0.9325264750378215,0.0877914951989026,0.8708936365724788,0.6708206283971895
55,0,1,0,0,2,0,1,1,0.24126141430015222,0.2664162553125632,0.9549167927382753,0.3868312757201646,0.8949000689179876,0.7023730611162667
41,0,1,0,0,1,1,1,0,0.37870206875867835,0.3788853715286998,0.9710539586485124,0.6063100137174211,0.9132781989432576,0.7197401564364311
43,0,1,0,0,1,1,1,0,0.18361445057522757,0.21819487742501614,0.9481593545133636,0.35390946502057613,0.8872042269699059,0.6949489593000132
25,0,9,0,0,7,10,1,1,0.1718883830725472,0.24159264299639865,0.9467473524962179,0.3868312757201646,0.954284401562141,0.7877502320031817
42,0,1,0,0,1,0,1,0,0.03092476872704898,0.03028014858411938,0.9302067574382249,0.04938271604938271,0.866758557316793,0.6659154182685934
52,0,1,0,0,1,0,0,0,0.1813341107045452,0.18134537243932622,0.9478567826525467,0.2908093278463649,0.886859637031932,0.6892483096911043
49,0,2,0,0,1,0,1,0,0.12036205563636786,0.12043188214383171,0.940695915279879,0.1934156378600823,0.8787043418332184,0.6798356091740687
38,0,1,0,0,1,2,1,0,0.06617419119829906,0.06639413839489852,0.9343419062027232,0.10699588477366255,0.8785894785205606,0.679570462680631
53,0,1,0,0,1,1,1,0,0.06635218648216892,0.06632958187213102,0.9253656076651539,0.10699588477366255,0.8714679531357684,0.6714834946307835
31,0,1,0,0,1,1,0,1,0.5914377673833644,0.5918078746221325,0.9960665658093797,0.9465020576131687,0.9794394670342292,0.7961023465464669
35,0,8,0,0,7,4,1,1,0.4241917420576805,0.5169236792183006,0.9119515885022693,0.5459533607681756,0.9193659545141282,0.7410844491581599
22,0,3,0,0,5,0,1,1,0.2123204358856409,0.21230032445464567,0.95148764498235,0.3443072702331962,0.9099471628761774,0.7158955322815855
51,0,1,0,0,1,4,1,0,0.3160254024556099,0.31590243635700965,0.9636913767019667,0.5404663923182441,0.9048931771192281,0.7100623094259578
42,0,7,0,0,8,2,1,1,0.572486295073256,0.5728140898614676,0.9938477054967222,0.9163237311385459,0.9557776246266942,0.7686596844756728
38,0,1,0,0,1,0,1,0,0.18876856710946097,0.1889348172749877,0.9486636409480586,0.3017832647462277,0.8878934068458534,0.6904414689115737
39,0,8,0,0,6,7,1,1,0.07640987346056848,0.07572556618817447,0.935451336359052,0.12208504801097393,0.888582586721801,0.6957443987803261
20,0,6,0,0,6,0,1,0,0.3400854744834147,0.3401504544504008,0.9665153807362582,0.5445816186556928,0.9081093498736503,0.7137743603340846
24,0,2,0,0,3,0,1,0,0.0020970808048433867,0.0010755446529410837,0.9266767523953605,0.0027434842249657062,0.8628532046864231,0.6614079278801538
29,0,10,1,0,10,13,1,1,0.6062146732570409,0.6070090381814278,0.9977811396873424,0.9684499314128944,0.9444061566735584,0.8012727031685006
36,0,1,0,0,1,0,0,0,0.3459108523303473,0.346111491300482,0.9672213817448311,0.5528120713305898,0.9089133930622559,0.7147023730611163
29,0,8,0,0,7,5,1,1,0.23691082898100502,0.23634493684672225,0.9543116490166415,0.3786008230452675,0.9639329198254077,0.7782049582394273
56,0,2,0,0,1,2,0,0,0.27410105752259945,0.2747801896596724,0.9587493696419567,0.5020576131687243,0.8992648747989892,0.7036987935834549
32,0,10,0,0,10,19,1,1,0.3476912123672736,0.35982245028881993,0.967423096318709,0.5569272976680384,0.9091431196875718,0.7168235450086172
29,0,9,0,0,6,2,1,0,0.03384204607932613,0.17036432579926525,0.9304084720121029,0.053497942386831275,0.9101768895014932,0.7227893411109638
21,0,6,0,1,8,1,1,0,0.28174603541128873,0.2815747487787089,0.9596570852244075,0.4787379972565158,0.9002986446129106,0.7047593795572054
25,0,8,0,0,5,4,1,1,0.4534018884324329,0.45335632769514866,0.9900151285930409,0.8641975308641975,0.9548587181254308,0.7677316717486411
29,0,9,4,1,7,15,1,1,0.6679607327029567,0.8274622414630729,0.9820474029248614,0.7558299039780522,0.9519871353089823,0.7890759644703699
38,0,1,0,0,1,0,1,0,0.09018476381226569,0.09131975160660849,0.9371659102370147,0.14540466392318244,0.9373994946014244,0.7478456847408192
26,0,7,0,0,4,3,1,1,0.06796970695463089,0.06807099854445806,0.9345436207766011,0.10973936899862825,0.9392373076039513,0.7495691369481638
23,0,2,1,2,4,1,1,1,0.34192760947099776,0.3418813501381771,0.9667170953101362,0.5473251028806584,0.9083390764989663,0.7140395068275222
24,0,8,0,0,8,0,1,1,0.013942596431566995,0.014673216779303295,0.9281896116994452,0.023319615912208505,0.9284401562141052,0.7372398250033143
32,0,8,0,0,8,9,1,0,0.18123526085183028,0.27652961380466035,0.9478567826525467,0.2908093278463649,0.886859637031932,0.7039639400768924
20,0,10,0,1,9,0,1,1,0.5922082062936935,0.5916888652983048,0.9961674230963187,0.9465020576131687,0.9442912933609006,0.7554023598037916
62,0,1,0,0,1,0,1,0,0.2634482056417791,0.26374087524398326,0.9574382249117499,0.42386831275720166,0.8978865150470939,0.7019753413761103
35,0,2,0,0,1,2,0,1,0.37081133184201454,0.3969035659570705,0.9701462430660616,0.7229080932784636,0.9377440845393982,0.7510274426620708
28,0,6,0,0,6,8,1,1,0.4628152388394886,0.4629147365403897,0.9809379727685326,0.7407407407407407,0.9245348035837354,0.7327323346148747
26,0,10,1,1,9,9,1,1,0.00280030221259301,0.0035316034231806536,0.9268784669692385,0.0054869684499314125,0.9071904433723869,0.7140395068275222
31,0,1,0,0,2,0,1,0,0.31088599471589784,0.310976052401219,0.9630862329803328,0.49794238683127573,0.9042039972432805,0.7092668699456449
23,0,5,0,0,6,3,1,0,0.275789758231614,0.28333405807915296,0.9589510842158346,0.44170096021947874,0.899494601424305,0.705024526050643
22,0,3,0,0,5,0,1,0,0.22159290563754128,0.22167894268854113,0.9525970751386788,0.35665294924554186,0.892258212726855,0.6954792522868886
21,0,5,1,0,5,0,0,1,0.37079219352530784,0.3712363872592208,0.9701462430660616,0.5939643347050755,0.9287847461520791,0.7400238631844094
24,0,3,0,0,3,1,0,0,0.05786406990199166,0.0575223752977456,0.9333333333333333,0.09465020576131687,0.8703193200091891,0.6701577621635953
39,0,5,0,0,1,6,1,0,0.340033561675202,0.3616875853942069,0.9665153807362582,0.5445816186556928,0.9081093498736503,0.7170886915020549
32,0,4,0,0,2,1,1,1,0.08166452823041254,0.08425776674428849,0.9361573373676249,0.13168724279835392,0.8735354927636113,0.6742675328118786
32,0,3,0,0,2,1,1,0,0.3604988877479724,0.3599331540950985,0.9689359556227938,0.5761316872427984,0.9108660693774409,0.7168235450086172
34,0,4,0,0,2,6,0,0,0.09548717002306759,0.13936220321298548,0.9377710539586485,0.15363511659807957,0.9677234091431197,0.782579875381148
52,0,7,0,0,6,13,1,1,0.11442453937016425,0.11510504507635855,0.9399899142713061,0.18381344307270234,0.8821502412129566,0.6836802333289143
26,0,9,0,0,10,0,1,0,0.20273143406744124,0.20281536380466778,0.9503782148260211,0.32510288065843623,0.8965081552951987,0.7079411374784569
24,0,4,0,0,4,1,0,0,0.10823780785688186,0.10814737592488172,0.9392839132627332,0.20438957475994513,0.9264874798989203,0.7404215829245658
23,0,4,0,0,5,2,1,0,0.030381169024597664,0.031193934341446322,0.9301059001512859,0.04938271604938271,0.87583275901677,0.6763887047593795
26,0,3,0,0,3,0,1,0,0.07043036611858083,0.07161194070746657,0.9348461926374181,0.11385459533607682,0.877785435331955,0.6820893543682884
24,0,4,0,0,3,2,1,0,0.4636286222653548,0.4681739670924069,0.9148764498234997,0.46227709190672156,0.9246496668963933,0.7335277740951875
31,0,7,0,0,2,1,1,1,0.5845029332722973,0.6121218988888877,0.9952597075138678,0.9355281207133059,0.9887433953595222,0.8098899642052234
24,0,5,0,0,5,0,1,1,0.38566951845462594,0.4166665151605152,0.9717599596570852,0.6159122085048011,0.9238456237077878,0.7348535065623757
29,0,5,0,0,4,0,0,0,0.36071438499545644,0.36253556284023625,0.9689359556227938,0.5775034293552812,0.9108660693774409,0.7172212647487737
50,0,1,0,0,1,0,1,0,0.35782664441219103,0.35882934485193374,0.9686333837619768,0.5733882030178327,0.910521479439467,0.7166909717618984
34,0,3,0,0,2,2,1,1,0.6179829404004512,0.6258544760664441,0.9991931417044881,0.9890260631001372,0.9827705031013094,0.804454461089752
53,0,1,0,0,1,1,1,0,0.34591229242164073,0.3461492436529776,0.9671205244578921,0.5555555555555556,0.9089133930622559,0.7147023730611163
20,0,5,0,0,7,0,0,0,0.21561833433260771,0.21568760460816738,0.9518910741301059,0.345679012345679,0.8914541695382495,0.6945512395598569
45,0,3,0,0,1,0,1,0,0.16928016917517164,0.16937822441724998,0.9464447806354009,0.27709190672153633,0.8852515506547208,0.687392284237041
21,0,8,0,0,8,0,1,0,0.06624187548909101,0.06634899452917745,0.9343419062027232,0.10699588477366255,0.9251091201470251,0.7356489460426886
26,0,2,0,0,3,1,1,0,0.03609756672144079,0.036307401073511984,0.9308119011598588,0.05898491083676269,0.8674477371927406,0.666843430995625
33,0,2,0,0,1,0,0,0,0.13054624222031647,0.13050731939132995,0.9419062027231467,0.2112482853223594,0.8800827015851137,0.6814264881346944
73,0,1,0,0,1,0,1,0,0.38527678072974314,0.3854274468881774,0.9718608169440242,0.6172839506172839,0.914197105444521,0.7208007424101817
24,0,2,0,0,3,1,1,0,0.1828562772700529,0.23215790291006955,0.9479576399394857,0.3731138545953361,0.8870893636572479,0.6970701312475143
61,0,9,0,0,3,4,1,1,0.1185940108629165,0.12033645810548423,0.82178517397882,0.1906721536351166,0.8784746152079026,0.6798356091740687
40,0,1,0,0,1,0,0,0,0.05077689399540627,0.050016055181381726,0.9325264750378215,0.08093278463648834,0.8694004135079255,0.6689646029431261
24,0,8,1,0,5,4,1,1,0.18302645633428177,0.20529710410943397,0.9480584972264247,0.3292181069958848,0.8951297955433035,0.6987935834548588
20,0,4,0,5,7,0,1,0,0.25327984019873023,0.2535177865589087,0.9563287947554211,0.4060356652949246,0.8965081552951987,0.7003844624154846
31,0,7,0,0,7,11,1,1,0.2900810553894766,0.2902289490423614,0.9605648008068582,0.46364883401920437,0.9318860555938433,0.7410844491581599
23,0,6,0,4,4,4,1,1,0.5581659577295862,0.5571010938157981,0.9920322743318205,0.8916323731138546,0.9546289915001148,0.7679968182420788
23,0,9,0,0,8,0,1,0,0.12043814211498223,0.12041848999352538,0.940695915279879,0.1934156378600823,0.8787043418332184,0.6798356091740687
41,0,6,0,0,4,1,1,0,0.24720065867590796,0.25183633651807213,0.9555219364599092,0.40329218106995884,0.9005283712382265,0.7055548190375183
43,0,1,0,0,1,0,1,0,0.35019727909945547,0.34977400597335606,0.967725668179526,0.5596707818930041,0.9094877096255456,0.7152326660479915
23,0,7,0,0,6,0,1,0,0.11014183697509082,0.11011518749422725,0.9394856278366112,0.17695473251028807,0.8773259820813232,0.6782447302134429
74,0,1,0,0,1,0,1,0,0.25093954287192005,0.2509337274440498,0.9559253656076652,0.40054869684499317,0.8961635653572249,0.6999867426753281
31,0,1,0,0,2,1,1,0,0.2104368064054784,0.21071310627260403,0.951285930408472,0.3374485596707819,0.8907649896623019,0.693755800079544
24,0,5,1,0,4,5,1,1,0.3872497058017633,0.3881120067393115,0.9720625315179021,0.6200274348422496,0.987250172294969,0.8051173273233462
27,0,9,0,0,8,7,1,1,0.03790291482522441,0.040557491373661964,0.9310136157337368,0.06172839506172839,0.8676774638180565,0.6675062972292192
63,0,1,0,0,1,0,1,0,0.2532894341862438,0.25321770503071656,0.9563287947554211,0.4060356652949246,0.8965081552951987,0.7003844624154846
41,0,4,0,0,2,8,1,0,0.0569850083814803,0.05752681616657864,0.9332324760463944,0.09190672153635117,0.9929933379278658,0.8116134164125679
19,0,9,0,0,7,1,0,1,0.49875229993752684,0.8705998378894114,0.9851739788199697,0.7983539094650206,0.9293590627153687,0.7957046268063105
25,0,6,0,0,5,1,1,1,0.03025473894069725,0.05426557919624427,0.9301059001512859,0.04938271604938271,0.9238456237077878,0.7324671881214371
39,0,8,0,0,5,10,1,1,0.09034062141687285,0.09041281094687878,0.9371659102370147,0.14540466392318244,0.9065012634964392,0.7181492774758054
40,0,1,0,0,1,3,0,1,0.06549988086472337,0.06526018687871488,0.9342410489157842,0.1056241426611797,0.9275212497128417,0.7361792390295638
47,0,1,0,0,1,0,1,0,0.10650141529689404,0.10682966980034042,0.9390821986888552,0.1700960219478738,0.8768665288306915,0.6777144372265677
49,0,1,0,0,1,0,1,1,0.35095897814538307,0.35394007741954403,0.967826525466465,0.5624142661179699,0.9437169767976108,0.7548720668169163
62,0,1,0,0,1,0,1,0,0.24295817952041007,0.24315361335862623,0.9551185073121533,0.38820301783264743,0.8951297955433035,0.6987935834548588
27,0,3,0,0,3,0,0,1,0.40603927212383206,0.4087357691886341,0.9742813918305597,0.6502057613168725,0.9169538249483115,0.7243802200715895
20,0,7,0,1,6,0,1,1,0.5663640995132482,0.5667846715792213,0.9931417044881493,0.906721536351166,0.9388927176659775,0.7530160413628529
60,0,1,0,0,1,0,1,0,0.10307997688027778,0.10313070423764892,0.9386787695410993,0.16598079561042525,0.8764070755800597,0.6771841442396924
21,0,5,0,0,8,0,1,0,0.07578950199468039,0.07754529912227072,0.935451336359052,0.12208504801097393,0.8727314495750057,0.6732069468381281
29,0,2,0,0,3,0,1,1,0.04748422953541632,0.04762274479492172,0.9321230458900656,0.07681755829903979,0.9151160119457845,0.7235847805912767
38,0,3,0,0,2,4,1,0,0.3444924219962881,0.34363273144459705,0.9669188098840141,0.5500685871056241,0.9086836664369401,0.7143046533209598
58,0,1,0,0,1,0,1,0,0.23449681884329862,0.23558764452531925,0.9541099344427635,0.37585733882030176,0.8939811624167241,0.6976004242343895
34,0,6,0,0,2,4,1,1,0.6189272430223878,0.6191630504135278,0.9992939989914271,0.99039780521262,0.9454399264874799,0.7568606655176985
29,0,1,0,0,2,0,1,0,0.30993637865367174,0.30990297158601976,0.9629853756933938,0.49519890260631,0.9040891339306225,0.7091342966989261
60,0,1,0,0,1,0,1,0,0.11858142744451103,0.11866001521876808,0.940494200706001,0.1906721536351166,0.968872042269699,0.7844359008352114
55,0,6,0,0,2,12,1,1,0.08069409540024809,0.13943141917083735,0.9359556227937469,0.22359396433470508,0.9147714220078107,0.7316717486411243
24,0,6,0,0,5,2,1,1,0.4574466778141651,0.45761393866130895,0.9803328290468987,0.7311385459533608,0.9238456237077878,0.7319368951345618
47,0,3,0,0,2,4,1,0,0.07559872465912319,0.07491951372307451,0.935451336359052,0.12071330589849108,0.8727314495750057,0.6728092270979716
37,0,4,0,0,2,11,1,0,0.33057372114852823,0.33143301899631816,0.9654059505799294,0.5294924554183813,0.9954054674936825,0.8159883335542888
42,0,2,0,0,2,1,1,1,0.06358318887479619,0.0635379941016718,0.9339384770549672,0.10150891632373114,0.8711233631977946,0.671085774890627
36,0,2,0,0,1,1,1,0,0.37858477580574323,0.37854576924834243,0.9710539586485124,0.607681755829904,0.9132781989432576,0.7197401564364311
45,1,8,0,0,6,12,1,1,0.0750175336080809,0.07747600368578204,0.935350479072113,0.12071330589849108,0.8849069607167471,0.6881877237173538
26,0,9,2,2,6,20,1,1,0.47992515219853127,0.5048214572529268,0.9829551185073121,0.7681755829903978,0.9268320698368941,0.7392284237040965
37,0,8,0,0,6,11,1,1,0.2815804547075348,0.28191898068966176,0.9596570852244075,0.4513031550068587,0.9059269469331496,0.7433381943523797
57,0,4,0,0,2,3,1,0,0.012364256373950831,0.038067137571629,0.9279878971255673,0.2606310013717421,0.8642315644383184,0.6671085774890627
24,0,2,0,0,3,0,1,0,0.38129136283595727,0.38226004438345385,0.9713565305093294,0.6104252400548696,0.9136227888812314,0.7202704494233064
21,0,9,0,0,9,1,0,0,0.0987897164888298,0.10145140012000678,0.9381744831064044,0.15912208504801098,0.9801286469101769,0.801007556675063
25,0,4,0,0,3,0,1,0,0.30239023075436916,0.30312136748478696,0.962077660110943,0.4842249657064472,0.9030553641167012,0.7080737107251757
41,2,3,0,0,2,6,1,1,0.24925015687808308,0.2498225962314668,0.9558245083207262,0.3991769547325103,0.9011026878015161,0.7149675195545538
39,0,1,0,0,1,0,1,0,0.11269181159422664,0.1145075445543081,0.9397881996974281,0.18106995884773663,0.877670572019297,0.678907596447037
56,0,5,0,0,4,12,1,1,0.07153124142493915,0.07215181921781318,0.9349470499243571,0.11522633744855967,0.872157133011716,0.6724115073578152
33,0,4,0,0,3,9,1,0,0.08838690418320798,0.0877655861853969,0.9369641956631367,0.1412894375857339,0.8812313347116931,0.6827522206018826
61,0,8,0,0,10,2,1,0,0.24322637417757006,0.24307361811065392,0.9550176500252143,0.38820301783264743,0.8951297955433035,0.6987935834548588
22,0,8,0,2,6,5,1,1,0.5794566050884623,0.5829400258478435,0.9946545637922339,0.9286694101508917,0.9410751206064782,0.7563303725308232
46,0,1,0,0,1,0,1,0,0.307494162589942,0.3073020630001522,0.9626828038325769,0.4924554183813443,0.9037445439926487,0.7087365769587697
25,0,5,0,0,3,0,1,1,0.36995919506285857,0.3708965862822714,0.9700453857791226,0.5925925925925926,0.9121295658166781,0.7185469972159618
53,0,1,0,0,1,0,1,0,0.2103165140899873,0.2097259120593323,0.951285930408472,0.33607681755829905,0.8907649896623019,0.6936232268328252
30,0,10,3,2,9,10,0,1,0.3158004304005815,0.31528879173685254,0.9636913767019667,0.50480109739369,0.9625545600735125,1.0
20,0,7,0,0,9,0,1,1,0.1900259257152643,0.18973645867574346,0.9488653555219364,0.30315500685871055,0.8880082701585114,0.6905740421582924
28,0,5,0,0,2,1,0,0,0.18566731561153016,0.1854221297673733,0.9483610690872416,0.299039780521262,0.8874339535952217,0.6899111759246984
27,0,4,0,0,4,6,1,1,0.0482217847059345,0.04837193029536775,0.9322239031770045,0.07818930041152264,0.8690558235699517,0.6686994564496884
26,0,8,0,0,6,1,1,1,0.47984434817947286,0.4807412483663787,0.9829551185073121,0.7681755829903978,0.9746152079025959,0.791860002651465
52,0,1,0,0,1,2,1,0,0.35540305021863516,0.36395522018617493,0.9683308119011599,0.5692729766803841,0.9135079255685734,0.7223916213708074
29,0,6,0,0,3,1,1,0,0.09798655274531506,0.09795955588490178,0.9380736258194654,0.262002743484225,0.8757178957041121,0.6763887047593795
27,0,8,0,0,6,3,1,1,0.5186890727789465,0.5184809736935746,0.9874936964195663,0.8299039780521262,0.937858947852056,0.7490388439612886
28,0,5,0,0,5,4,1,0,0.08065402113563394,0.0798404235877533,0.9359556227937469,0.1289437585733882,0.9375143579140822,0.7477131114941005
33,0,2,0,0,1,2,0,0,0.06470498026573379,0.06439193244546357,0.9341401916288452,0.14266117969821673,0.8712382265104526,0.6712183481373459
26,0,7,1,1,4,11,1,1,0.35791422182616073,0.35820319228130504,0.9686333837619768,0.5733882030178327,0.9229267172065242,0.7308763091608114
36,0,3,0,0,1,2,1,1,0.3358324479006503,0.33765671287147286,0.9660110943015633,0.5377229080932785,0.976338157592465,0.8025984356356887
56,0,1,0,0,1,0,0,0,0.32630500253649736,0.32618924703916496,0.9649016641452345,0.522633744855967,0.9062715368711234,0.7116531883865835
34,0,3,0,0,1,0,0,0,0.21450637528912192,0.21472785039426223,0.9516893595562279,0.345679012345679,0.8913393062255915,0.694418666313138
32,0,6,0,0,3,4,1,1,0.07893088734720992,0.0789721890241612,0.9358547655068079,0.12757201646090535,0.8731909028256375,0.6734720933315657
24,2,8,0,0,7,7,1,1,0.25431619941514216,0.2560284471526525,0.9564296520423601,0.4074074074074074,0.9002986446129106,0.7060851120243935
21,0,4,1,0,7,1,1,1,0.07473966551009459,0.074925524294985,0.935350479072113,0.12071330589849108,0.9838042729152309,0.801007556675063
42,0,1,0,0,1,1,0,0,0.23520489683478957,0.2532509271009127,0.9542107917297025,0.4430727023319616,0.8940960257293821,0.7003844624154846
56,0,1,0,0,1,0,1,0,0.29523882677609614,0.29554726202603426,0.9611699445284921,0.4718792866941015,0.9021364576154376,0.7068805515047063
46,0,7,0,0,1,0,1,1,0.4153825049823931,0.41484926593382,0.9753908219868885,0.663923182441701,0.9730071215253848,0.7885456714834946
26,0,6,0,0,6,0,1,1,0.09370788260586327,0.09729348516892375,0.9375693393847705,0.149519890260631,0.8751435791408224,0.6762561315126607
26,0,5,0,0,3,0,1,0,0.04746966971585638,0.04740519189625089,0.9321230458900656,0.07681755829903979,0.9530209051229037,0.7656104998011402
37,0,3,0,0,3,0,0,0,0.14103374182565698,0.14078149297022882,0.9431164901664145,0.22908093278463648,0.881461061337009,0.6830173670953201
35,0,5,0,0,2,1,0,0,0.2157874308454505,0.2397615644868945,0.9518910741301059,0.38545953360768176,0.8914541695382495,0.6982632904679835
33,0,6,0,0,4,3,1,1,0.10745530197467999,0.11687202406525697,0.9391830559757942,0.1728395061728395,0.9293590627153687,0.7383004109770648
31,0,1,0,0,1,1,1,0,0.2034200857239668,0.20258406110182486,0.9503782148260211,0.32510288065843623,0.9957500574316563,0.8154580405674134
41,0,2,0,0,1,3,1,1,0.3227238331662778,0.3239306132028183,0.9644982349974786,0.5171467764060357,0.9058120836204916,0.7112554686464272
51,0,7,0,0,4,3,1,0,0.3316036744416004,0.33073618011305617,0.9654059505799294,0.5294924554183813,0.906960716747071,0.7123160546201777
50,0,7,0,0,5,5,1,1,0.5912465729179153,0.6002604574537992,0.9960665658093797,0.9451303155006858,0.9417643004824259,0.7539440540898846
20,0,10,0,0,9,0,1,1,0.21911803426227466,0.21908906176353418,0.9522945032778618,0.3511659807956104,0.947162876177349,0.7596447036987936
30,0,8,0,0,4,4,1,1,0.10304549414254785,0.10645278210447887,0.9385779122541603,0.1646090534979424,0.9015621410521479,0.7128463476070529
23,0,3,0,0,3,0,0,0,0.33639459995162685,0.33586631748919754,0.9661119515885023,0.5377229080932785,0.9076498966230186,0.7131114941004906
21,0,7,0,0,7,2,1,1,0.4241395809578655,0.424291586295137,0.9763993948562784,0.6790123456790124,0.96714909257983,0.7820495823942728
50,0,1,0,0,1,0,1,0,0.34079163566373577,0.34201975224939196,0.9666162380231972,0.5473251028806584,0.9082242131863083,0.7140395068275222
29,0,2,0,0,2,0,1,1,0.5475623669026658,0.5496451631551862,0.9909228441754917,0.8751714677640604,0.9501493223064553,0.7624287418798886
45,0,1,0,0,1,1,1,1,0.18478420197206896,0.1883470826904381,0.9482602118003026,0.2962962962962963,0.9077647599356765,0.7133766405939281
22,0,9,0,0,7,1,1,0,0.2755738140592458,0.27896768059848687,0.9589510842158346,0.44170096021947874,0.899494601424305,0.7043616598170489
28,0,7,0,1,3,12,1,1,0.3157636733117743,0.3159267667547101,0.9636913767019667,0.5075445816186557,0.9615207902595911,1.0
44,0,5,0,0,5,7,1,1,0.1623664597136298,0.18482501670367738,0.9456379223398891,0.32647462277091904,0.9575005743165633,0.7767466525255203
34,0,2,0,0,2,1,1,0,0.22765290911700048,0.23032643694221086,0.9533030761472516,0.36488340192043894,0.93429818515966,0.7506297229219143
48,0,1,0,0,1,1,1,1,0.30634324162822046,0.3058098615284443,0.9624810892586989,0.4897119341563786,0.9625545600735125,0.7766140792788016
50,0,9,0,0,6,11,1,0,0.21539381913412753,0.2164430192467752,0.9518910741301059,0.3443072702331962,0.8914541695382495,0.6946838128065757
36,0,6,0,0,4,5,0,1,0.00015348393688900216,1.6124228447472555e-05,0.9265758951084215,0.0,0.8711233631977946,0.6709532016439083
29,0,4,0,0,3,0,1,0,0.09706998926118957,0.09639259482042294,0.9378719112455874,0.1550068587105624,0.8756030323914542,0.676123558265942
53,0,1,0,0,1,2,1,0,0.10310406116570266,0.1031427452511291,0.9386787695410993,0.1673525377229081,0.8764070755800597,0.6771841442396924
34,0,3,0,0,1,1,0,0,0.129896165147127,0.13236269849404575,0.9418053454362078,0.2139917695473251,0.8799678382724557,0.6816916346281321
29,0,4,0,0,2,0,0,0,0.08101234564443544,0.0806905568918067,0.9360564800806859,0.13305898491083676,0.8734206294509533,0.6737372398250033
36,0,10,0,0,9,1,1,1,0.6019271837998748,0.6354809682989622,0.9878971255673222,0.9725651577503429,0.9805881001608087,0.8051173273233462
34,0,4,0,0,2,5,1,1,0.025255963564538204,0.026836140553558173,0.929500756429652,0.0411522633744856,0.8659545141281875,0.6653851252817181
24,0,3,0,0,5,1,1,0,0.017504706938392626,0.017195242818114163,0.9285930408472012,0.02880658436213992,0.864920744314266,0.6639268195678112
37,2,8,3,0,4,24,1,0,0.016373023610018668,0.032660951020107805,0.9284921835602622,0.027434842249657063,0.864805881001608,0.6663131380087498
51,0,1,0,0,1,0,1,0,0.05874320094415166,0.05953617519332856,0.9334341906202723,0.09465020576131687,0.870434183321847,0.670422908657033
21,0,8,0,0,7,0,1,1,0.3011790245916048,0.3299868853294845,0.961976802824004,0.4828532235939643,0.9174132781989432,0.7250430863051837
38,0,5,0,0,1,0,1,0,0.07294893681585546,0.07321546194488854,0.935047907211296,0.11659807956104253,0.8723868596370319,0.672544080604534
24,0,3,0,0,4,0,1,0,0.3613357496277538,0.36163589447577676,0.9690368129097328,0.578875171467764,0.9109809326900988,0.7170886915020549
24,0,10,1,0,10,9,1,1,0.06301726279146443,0.06615782853793514,0.9339384770549672,0.10150891632373114,0.8710084998851367,0.6714834946307835
25,0,5,0,0,3,2,1,0,0.024278886451095726,0.03119986543471998,0.929399899142713,0.039780521262002745,0.8658396508155295,0.6660479915153122
44,0,5,0,0,4,0,1,0,0.0061582971589849165,0.034635786513983434,0.9272818961169944,0.010973936899862825,0.8634275212497129,0.6665782845021875
34,0,2,0,0,1,0,1,1,0.24897453333618175,0.27391166698602176,0.9558245083207262,0.3991769547325103,0.9704801286469101,0.7860267797958372
30,0,2,0,0,2,0,0,0,0.32263703042210734,0.32210405504078404,0.9644982349974786,0.5157750342935528,0.9058120836204916,0.7109903221529895
29,1,9,0,0,6,3,1,1,0.0930078790572797,0.09301292474637796,0.9374684820978316,0.149519890260631,0.9915001148633127,1.0
38,0,6,0,0,5,15,1,0,0.04204766640604987,0.08877805460518148,0.9314170448814927,0.06721536351165981,0.9364805881001608,0.7465199522736312
20,0,10,2,1,8,3,0,1,0.3846217576878355,0.3845565299205922,0.9717599596570852,0.6159122085048011,0.9172984148862853,0.729020283706748
21,0,5,0,0,6,0,0,0,0.3082233950259505,0.3083832208318196,0.9627836611195159,0.49382716049382713,0.9038594073053067,0.7088691502054886
38,0,5,0,0,6,3,1,0,0.08753469788240335,0.08778426366505263,0.9367624810892587,0.13991769547325103,0.8743395359522168,0.6747978257987538
26,0,5,0,0,3,0,1,0,0.2921217541372656,0.2918915129721206,0.9608673726676752,0.4691358024691358,0.9016770043648059,0.7063502585178311
46,0,4,0,0,2,9,1,0,0.25348409480246126,0.257062901350351,0.9563287947554211,0.4060356652949246,0.8965081552951987,0.7009147554023598
48,0,6,0,0,2,0,1,1,0.5072522153346463,0.507336777281755,0.9861825516893595,0.8189300411522634,0.930507695841948,0.7396261434442529
26,0,4,0,0,3,9,1,1,0.5328659770297891,0.533260214974413,0.989208270297529,0.8518518518518519,0.9339535952216862,0.7436033408458174
63,0,1,0,0,1,2,1,0,0.38734836695286046,0.3881104966452117,0.9720625315179021,0.6200274348422496,0.9144268320698369,0.7211984621503381
31,0,3,0,0,2,7,1,1,0.33464863326745364,0.3348350424369724,0.9658093797276853,0.5349794238683128,0.9074201699977027,0.7129789208537717
40,0,7,0,0,7,4,1,0,0.23081149611173862,0.23101995759238506,0.9536056480080686,0.36899862825788754,0.9022513209280956,0.7086040037120509
42,0,10,0,0,6,0,1,1,0.5501138014764233,0.5786748644111842,0.9912254160363086,0.879286694101509,0.9362508614748449,0.7506297229219143
52,0,2,0,0,1,7,1,0,0.26810519272985106,0.26804324261751006,0.9580433686333838,0.45953360768175583,0.8984608316103836,0.7026382076097044
32,0,3,0,0,2,0,1,1,0.03297649162198088,0.03286444613488882,0.9304084720121029,0.053497942386831275,0.8710084998851367,0.6709532016439083
29,1,8,0,0,8,3,1,1,0.29098197650265606,0.34192908699442487,0.9607665153807362,0.4663923182441701,0.9015621410521479,0.7140395068275222
20,0,2,0,0,5,0,1,1,0.43527510178192824,0.43546218948404447,0.9777105395864851,0.6968449931412894,0.9439467034229267,0.755137213310354
23,0,8,0,0,7,3,0,0,0.09554421750161621,0.1265004138502294,0.9377710539586485,0.2030178326474623,0.9011026878015161,0.7153652392947103
22,0,7,0,0,6,2,0,1,0.5895968341271365,0.5908529388005853,0.9958648512355017,0.943758573388203,0.950838502182403,0.7673339520084846
32,2,9,0,1,6,15,1,1,0.2782436241373245,0.33834011986511003,0.9592536560766516,0.4458161865569273,0.9109809326900988,0.7279596977329975
27,0,2,0,0,3,2,1,0,0.29792451758505906,0.2987722468031432,0.9615733736762481,0.4773662551440329,0.9024810475534114,0.7074108444915816
48,0,1,0,0,1,0,1,0,0.2293547692809379,0.2569757331554045,0.9535047907211296,0.3676268861454047,0.8932919825407765,0.7009147554023598
47,0,2,0,0,1,0,1,0,0.11355896504949083,0.11522015994698138,0.9398890569843671,0.18244170096021947,0.877785435331955,0.6790401696937558
26,0,8,0,0,4,0,0,0,0.031012236892713627,0.03120649196606592,0.9302067574382249,0.05075445816186557,0.866758557316793,0.6660479915153122
26,0,9,0,0,7,1,0,0,0.10661327562957042,0.10841045021279859,0.9390821986888552,0.17146776406035666,0.9012175511141741,0.7058199655309558
24,0,6,0,0,5,2,1,0,0.21127329088202423,0.2105037595431862,0.951386787695411,0.37448559670781895,0.8974270617964623,0.7030359273498608
28,0,2,0,0,2,1,1,1,0.21291657409114273,0.21231242507710346,0.9515885022692889,0.3401920438957476,0.8911095796002757,0.6940209465729815
21,0,10,2,2,7,2,1,1,0.21831712500650896,0.21840085624719818,0.9521936459909228,0.3497942386831276,0.8985756949230416,0.7026382076097044
24,0,3,0,0,4,0,1,0,0.06904709387540992,0.06782261786952566,0.9344427634896622,0.10973936899862825,0.8718125430737422,0.6717486411242212
21,0,5,0,0,6,0,1,0,0.1648487202469814,0.16481533600701453,0.945940494200706,0.2674897119341564,0.8846772340914312,0.6867294180034469
26,1,10,2,0,6,9,1,1,0.04490018930844244,0.04586823401717647,0.9318204740292486,0.07270233196159122,0.86859637031932,0.668301736709532
37,1,9,0,0,7,17,1,1,0.4513818872726132,0.45239124841257566,0.9795259707513868,0.7215363511659808,0.9421088904203997,0.7528834681161342
27,0,4,0,0,4,0,1,1,0.574341817944036,0.5814038925596263,0.9940494200706002,0.9190672153635117,0.9394670342292671,0.7510274426620708
61,0,2,0,0,2,14,1,0,0.25249607299518856,0.2525965198748899,0.9562279374684821,0.4046639231824417,0.8963932919825408,0.7002518891687658
46,0,10,0,0,8,2,0,1,0.5692646718065213,0.5769374018010396,0.9934442763489663,0.9108367626886146,0.9550884447507466,0.7679968182420788
48,0,1,0,0,1,1,1,0,0.02576020408219004,0.02589905762080959,0.929500756429652,0.0411522633744856,0.8660693774408454,0.6652525520349993
27,0,2,0,0,2,0,1,0,0.004599949541187411,0.005298234693042924,0.9270801815431164,0.00823045267489712,0.8631977946243969,0.6620707941137478
21,0,9,0,0,9,1,1,1,0.19757211334122324,0.5358302659795301,0.9309127584467978,0.26886145404663925,0.8890420399724328,0.7440010605859737
28,1,5,0,0,5,12,1,0,0.37253893487928025,0.3733971729587966,0.9703479576399395,0.5967078189300411,0.912474155754652,0.7189447169561183
24,0,4,0,0,5,1,0,1,0.6093198378306243,0.6088431567487909,0.9981845688350983,0.9739368998628258,0.9441764300482426,0.7552697865570728
50,0,1,0,0,1,2,1,0,0.3596771418609402,0.35978119094147404,0.9688350983358548,0.5747599451303155,0.9107512060647829,0.7168235450086172
37,0,4,0,0,3,0,1,0,0.014718636800444494,0.01400004266015832,0.9282904689863842,0.023319615912208505,0.8645761543762922,0.663396526580936
41,0,1,0,0,1,0,0,0,0.06958986924974153,0.06971760713787305,0.9347453353504791,0.1111111111111111,0.8719274063864002,0.6720137876176587
21,0,4,0,0,7,1,1,0,0.29290867960998873,0.30161966831597753,0.9609682299546142,0.4828532235939643,0.9017918676774638,0.707808564231738
21,0,9,1,0,7,2,1,0,0.3794996111803166,0.3797053724945639,0.9711548159354514,0.607681755829904,0.9133930622559154,0.71987272968315
41,0,6,0,3,3,12,1,1,0.4703104571653237,0.469803984520383,0.9818456883509834,0.7517146776406035,0.9447507466115322,0.7560652260373857
27,0,6,0,0,2,4,0,1,0.35297113329056956,0.35309038124799325,0.9680282400403429,0.5651577503429356,0.9608316103836435,0.7756860665517699
45,0,1,0,0,1,0,0,0,0.249836125059554,0.2500514649010567,0.9559253656076652,0.3991769547325103,0.896048702044567,0.6998541694286093
27,0,3,0,0,3,2,1,0,0.35734011205161653,0.357337113575737,0.9685325264750378,0.5720164609053497,0.9104066161268091,0.7164258252684608
54,0,1,0,0,1,0,1,0,0.026123295789756047,0.025129585198311963,0.929500756429652,0.0411522633744856,0.8660693774408454,0.6651199787882806
26,0,2,0,0,2,0,1,0,0.8950609347815328,0.9023050086274557,0.9537065052950076,0.37037037037037035,0.9824259131633356,0.8006098369349065
23,0,4,0,0,4,2,1,1,0.4771078072503551,0.47749766558825085,0.9826525466464953,0.7640603566529492,0.9904663450493912,0.8088293782314729
33,0,2,0,0,2,3,0,0,0.37007413421140367,0.37035418432520534,0.9700453857791226,0.5925925925925926,0.9121295658166781,0.718414423969243
24,0,3,0,0,3,1,1,1,0.0654012495086185,0.06542972474590904,0.9342410489157842,0.1056241426611797,0.9754192510912014,0.7921251491449025
57,0,6,0,0,5,11,1,0,0.24208411362693735,0.3616730209340073,0.9550176500252143,0.38820301783264743,0.8950149322306455,0.7170886915020549
28,0,3,0,0,2,0,1,0,0.07499519729553636,0.07492546468600737,0.935350479072113,0.12071330589849108,0.8726165862623478,0.6728092270979716
39,0,1,0,0,1,1,1,0,0.16223750698704983,0.18660734500431414,0.9456379223398891,0.299039780521262,0.8843326441534574,0.6900437491714172
46,0,1,0,0,1,0,1,0,0.09795229843585924,0.09884806743571586,0.9380736258194654,0.15775034293552812,0.8931771192281185,0.6973352777409518
37,0,3,0,0,2,1,1,0,0.14424493684509426,0.1435108887073663,0.9435199193141705,0.23182441700960219,0.8819205145876408,0.6834150868354766
21,0,10,0,1,10,1,1,1,0.4908544618810367,0.4910205880566717,0.9842662632375189,0.7846364883401921,0.9480817826786124,0.7832427416147422
62,0,1,0,0,1,0,1,0,0.11256041567827987,0.11439560882915857,0.9397881996974281,0.18106995884773663,0.877670572019297,0.678907596447037
22,0,5,0,0,5,1,1,0,0.29042713415645177,0.2973726379433456,0.9605648008068582,0.46364883401920437,0.90144727773949,0.707145697998144
61,0,1,0,0,1,0,0,0,0.018873032027103987,0.018062990575055657,0.9287947554210791,0.03155006858710562,0.8651504709395819,0.6640593928145301
23,0,5,0,0,6,1,1,0,0.2051435472573059,0.20616737531309492,0.9506807866868381,0.4074074074074074,0.9101768895014932,0.7182818507225242
57,0,5,0,0,2,16,1,1,0.44280577614857436,0.4525257063964377,0.978517397881997,0.7078189300411523,0.9322306455318171,0.7890759644703699
21,0,5,0,0,7,0,1,1,0.19502480040806427,0.23037617069920904,0.9494704992435703,0.31275720164609055,0.888697450034459,0.6968049847540766
62,0,8,0,0,2,22,1,1,0.5192102567155404,0.5470748240400106,0.9875945537065053,0.8299039780521262,0.9594532506317482,0.7831101683680234
28,0,8,0,0,7,8,1,1,0.054947398381224165,0.07153173682807258,0.9329299041855774,0.0877914951989026,0.879623248334482,0.7463873790269123
28,0,6,0,0,4,1,1,0,0.25678912418424665,0.2568795043958591,0.956732223903177,0.411522633744856,0.8969676085458305,0.7009147554023598
56,0,4,0,0,4,17,1,1,0.2635135957181656,0.28268835376386336,0.9480584972264247,0.36488340192043894,0.8978865150470939,0.7048919528039241
32,0,6,0,0,5,11,1,1,0.6135570432724888,0.6140017176724296,0.9986888552697932,0.9835390946502057,0.9477371927406386,0.7641521940872332
46,0,2,0,0,1,2,1,0,0.2543974205640925,0.29302342784823543,0.827029752899647,0.0411522633744856,0.8966230186078566,0.70648283176455
66,0,1,0,0,1,0,1,0,0.08187134520347948,0.08155103235347798,0.9361573373676249,0.13168724279835392,0.8735354927636113,0.6738698130717221
33,0,1,0,0,2,0,1,0,0.36049707025344346,0.3657097806380682,0.9689359556227938,0.5775034293552812,0.9108660693774409,0.7177515577356489
29,0,8,0,0,5,11,0,0,0.2620888190507512,0.2620249811489092,0.9573373676248109,0.41975308641975306,0.8976567884217781,0.7017101948826727
24,1,10,0,0,9,2,1,1,0.10812449750124793,0.5418156431621414,0.9392839132627332,0.17421124828532236,0.8770962554560073,0.7449290733130054
45,0,1,0,0,1,0,1,0,0.15891566329795545,0.15818899342283482,0.9452344931921332,0.262002743484225,0.8838731909028257,0.6856688320296964
31,0,3,0,0,1,0,0,0,0.3539303632036374,0.3530886724573013,0.9680282400403429,0.5651577503429356,0.9390075809786355,0.7497017101948826
27,0,5,0,0,2,2,0,1,0.5946639592155817,0.5940227057947546,0.9963691376701966,0.9506172839506173,0.9649666896393292,0.7803261301869283
30,2,9,0,0,5,20,1,1,0.20260591769663733,0.4740121597744333,0.9503782148260211,0.32373113854595337,0.9362508614748449,0.7790003977197402
26,0,4,0,0,3,1,0,0,0.1298058068672114,0.1296406644656449,0.9418053454362078,0.20987654320987653,0.9684125890190673,0.7835078881081797
54,0,2,0,0,1,2,1,1,0.21380525939415995,0.21393179236774398,0.9516893595562279,0.3429355281207133,0.9519871353089823,0.7645499138273897
56,0,1,0,0,1,0,0,0,0.23173376037105334,0.23370763698001487,0.9537065052950076,0.37037037037037035,0.8936365724787503,0.6973352777409518
37,0,5,0,0,3,5,1,1,0.0257359509584756,0.030434337139575187,0.929500756429652,0.0411522633744856,0.8660693774408454,0.6659154182685934
36,0,3,0,0,2,1,0,1,0.4146666902245739,0.4146063891544883,0.9752899646999496,0.663923182441701,0.9320009189065013,0.7429404746122232
32,0,6,0,0,3,1,1,1,0.600181912332188,0.6183127680870304,0.9970751386787695,0.9602194787379973,0.9564668045026419,0.7902691236908392
33,0,4,0,0,4,3,1,0,0.3510761817133414,0.350474659831186,0.967826525466465,0.5610425240054869,0.9096025729382036,0.7153652392947103
40,0,2,0,0,1,3,1,0,0.03875191319852708,0.038841537669610265,0.9311144730206757,0.06310013717421124,0.8677923271307144,0.6672411507357815
50,0,3,0,0,1,0,0,1,0.1887625087943644,0.1881721402759393,0.9486636409480586,0.3058984910836763,0.94153457385711,0.7523531751292589
38,0,1,0,0,1,4,1,0,0.07582370664581574,0.07573075216922782,0.935451336359052,0.12208504801097393,0.8727314495750057,0.6729418003446904
32,0,5,0,0,2,0,1,0,0.21111634079436686,0.21641407908813842,0.951386787695411,0.3374485596707819,0.8908798529749598,0.6946838128065757
45,0,3,0,0,4,2,1,0,0.025838217303638413,0.33312777177399466,0.929601613716591,0.04252400548696845,0.8660693774408454,0.7127137743603341
38,0,2,0,0,1,0,1,0,0.07378819222668316,0.0739132545717925,0.935148764498235,0.11796982167352538,0.8725017229496899,0.6726766538512529
27,0,2,0,0,2,1,1,0,0.24061047317218673,0.24060768411978786,0.9548159354513364,0.38545953360768176,0.8947852056053297,0.6983958637147024
29,0,4,0,0,3,2,1,1,0.22330754785316603,0.22319603090840734,0.9527987897125567,0.35802469135802467,0.9348725017229497,0.7446639268195678
40,0,1,0,0,1,2,0,0,0.03803693270049167,0.03816182643258579,0.9310136157337368,0.06172839506172839,0.8676774638180565,0.6671085774890627
39,0,1,0,0,1,0,1,0,0.2020127987170197,0.2019807685741152,0.9502773575390822,0.32373113854595337,0.8896163565357225,0.6924300676123558
30,0,7,0,0,5,8,0,1,0.09357013042489715,0.13155003936725904,0.9375693393847705,0.15089163237311384,0.8870893636572479,0.6948163860532944
27,0,4,0,0,4,0,1,1,0.5047121922429314,0.5050364072262413,0.9858799798285426,0.8079561042524005,0.9357914082242131,0.7457245127933183
29,0,2,0,0,3,0,1,0,0.08505291406892819,0.08511867933846234,0.9365607665153808,0.13580246913580246,0.8739949460142431,0.6744001060585973
22,0,8,1,0,6,1,1,1,0.20444723828776482,0.22079525946491466,0.9505799293998991,0.3278463648834019,0.8991500114863312,0.7047593795572054
30,0,2,0,0,2,0,1,0,0.04644022293765296,0.04568839373168285,0.9320221886031266,0.07407407407407407,0.8688260969446359,0.668301736709532
32,0,4,0,0,2,4,1,1,0.5650037396191392,0.6029457425474943,0.9928391326273324,0.9026063100137174,0.96714909257983,0.7841707543417739
30,0,10,0,0,7,7,1,1,0.06716763569416637,0.5838970181791188,0.9344427634896622,0.1083676268861454,0.9408453939811624,0.7552697865570728
21,0,3,0,1,7,0,1,1,0.1599618747251474,0.15987846087116195,0.9453353504790721,0.2578875171467764,0.9496898690558235,0.7617658756462946
46,0,1,0,0,1,0,1,0,0.37599834204772303,0.3759699063679069,0.9707513867876955,0.6021947873799726,0.9129336090052838,0.7193424366962747
44,0,1,0,0,1,0,1,1,0.5896419536771097,0.5899930693635199,0.9958648512355017,0.943758573388203,0.94153457385711,0.7523531751292589
25,0,8,0,0,9,9,1,1,0.6094599934743008,0.6096638134134088,0.9981845688350983,0.9753086419753086,0.969101768895015,0.7843033275884926
28,0,4,0,0,2,1,1,1,0.32034840754357163,0.3204096996562917,0.9641956631366616,0.5130315500685871,0.9414197105444521,0.7547394935701975
32,0,6,0,1,7,7,1,1,0.019069430684537664,0.06203725861133396,0.9287947554210791,0.03155006858710562,0.8976567884217781,0.7021079146228291
20,0,8,0,0,8,0,1,0,0.2756643908357715,0.30072889162401373,0.9589510842158346,0.44170096021947874,0.899494601424305,0.7076759909850192
36,0,3,0,0,1,0,1,1,0.12373680530008418,0.1238688265105444,0.9410993444276349,0.19890260631001372,0.8791637950838502,0.680365902160944
29,0,3,0,0,3,2,1,0,0.01840167524926317,0.019255070779252963,0.9285930408472012,0.02880658436213992,0.865035607626924,0.6641919660612489
36,0,6,0,0,6,2,1,1,0.5055195769436855,0.5073787817413211,0.9859808371154816,0.8093278463648834,0.9473926028026648,0.7597772769455124
32,0,4,0,0,3,1,1,0,0.01327064983404537,0.01221533993524617,0.9280887544125063,0.0205761316872428,0.8643464277509764,0.6631313800874984
38,0,4,0,0,1,0,0,0,0.38212399382683515,0.3822578785906002,0.9714573877962683,0.6117969821673526,0.9137376521938892,0.7202704494233064
21,0,6,0,0,6,0,0,1,0.6223971876864328,0.622331565619167,0.999697428139183,0.9958847736625515,0.9586492074431426,0.7721065888903619
31,0,4,0,0,2,7,1,0,0.2558628276693103,0.25604553505957156,0.956631366616238,0.4101508916323731,0.8968527452331725,0.700782182155641
57,0,4,0,0,2,8,1,1,0.5735834559372437,0.5725532111708933,0.9938477054967222,0.9163237311385459,0.9393521709166093,0.7497017101948826
23,1,9,0,0,9,1,1,0,0.1923207062255375,0.19583176474792421,0.9491679273827534,0.30864197530864196,0.8883528600964852,0.6915020548853241
41,0,1,0,0,1,5,1,0,0.21729217727213954,0.21742820662446688,0.9520927887039838,0.3484224965706447,0.8916838961635654,0.6948163860532944
22,0,4,0,0,5,0,0,0,0.23853557970492648,0.23889627063286523,0.9545133635905194,0.38271604938271603,0.8945554789800138,0.6981307172212647
52,0,6,0,0,4,0,1,1,0.5966437073408336,0.5994625813534634,0.9966717095310136,0.9547325102880658,0.9485412359292442,0.7759512130452074
59,0,1,0,0,1,2,1,1,0.5717814051459388,0.5719330989766639,0.9937468482097832,0.934156378600823,0.9439467034229267,0.755137213310354
35,0,1,0,0,1,0,1,1,0.2749533432767168,0.2749385806480507,0.9588502269288957,0.4403292181069959,0.8993797381116472,0.7036987935834549
27,0,5,0,0,3,2,1,1,0.0019689722697113017,0.014013444745294265,0.9267776096822995,0.00411522633744856,0.8654950608775557,0.6679040169693756
34,0,4,0,0,3,2,1,1,0.5555506724873767,0.5754070406488223,0.9918305597579425,0.8888888888888888,0.9509533654950609,0.7632241813602015
27,0,2,0,0,3,1,1,0,0.06019942126008366,0.0600986057668765,0.9336359051941503,0.09739368998628258,0.9310820124052378,0.7441336338326926
37,0,5,0,0,1,1,1,0,0.36049683189350523,0.361422931468383,0.9689359556227938,0.5761316872427984,0.9108660693774409,0.7170886915020549
40,0,1,0,0,1,1,1,0,0.21652101335033158,0.21732292723515212,0.9519919314170449,0.34705075445816186,0.8915690328509074,0.6948163860532944
60,0,2,0,0,1,2,1,0,0.21311741220242586,0.22164794602017632,0.9515885022692889,0.34156378600823045,0.8911095796002757,0.6954792522868886
57,0,5,0,0,2,8,1,1,0.18121475196547882,0.26618021369599915,0.9478567826525467,0.2908093278463649,0.8985756949230416,0.7271642582526846
26,0,10,1,0,9,6,1,1,0.6239055393071876,0.626970127626497,0.999899142713061,0.9986282578875172,0.9461291063634275,0.7580538247381678
39,0,3,0,0,1,0,1,0,0.21312215953786218,0.21741694052769583,0.9515885022692889,0.34156378600823045,0.8911095796002757,0.6948163860532944
41,0,1,0,0,1,1,1,0,0.12906270982812948,0.1289993016708923,0.9417044881492688,0.2112482853223594,0.8798529749597979,0.6811613416412567
21,0,8,1,0,8,1,1,0,0.00032515275073178733,2.7519478003388153e-06,0.9265758951084215,0.0,0.8626234780611073,0.661275354633435
23,0,7,0,0,5,0,1,0,0.03472972828426997,0.03456052024490269,0.9305093292990418,0.05486968449931413,0.8672180105674248,0.6665782845021875
35,0,7,0,0,4,8,1,1,0.2232046458815013,0.27571595126008364,0.9527987897125567,0.35665294924554186,0.892487939352171,0.7038313668301737
30,0,5,0,0,2,4,0,0,0.2499329091261376,0.2500511767909982,0.9559253656076652,0.40054869684499317,0.896048702044567,0.6998541694286093
41,0,6,0,0,2,6,1,1,0.2867118873209804,0.3196263383420075,0.9602622289460413,0.45953360768175583,0.9009878244888583,0.7105926024128331
24,0,10,0,1,8,9,1,1,0.1956542692782613,0.20353098945071113,0.9495713565305093,0.3443072702331962,0.8957041121065932,0.7463873790269123
29,0,10,0,2,10,14,1,1,0.4867271503023581,0.4860949194086126,0.983761976802824,0.7777777777777778,0.9318860555938433,0.7428079013655045
33,0,2,0,0,1,0,0,0,0.17766207653954127,0.17771223505759157,0.9473524962178518,0.28669410150891633,0.8920284861015392,0.6952141057934509
21,0,4,0,0,7,1,1,1,0.2963853778056169,0.2961583235904943,0.9613716591023701,0.47462277091906724,0.9221226740179187,0.7299482964337797
29,0,5,0,0,6,4,1,0,0.3151824921923961,0.31528934808731035,0.9635905194150277,0.50480109739369,0.9047783138065701,0.709929736179239
36,0,2,0,0,1,3,1,1,0.008000044811668387,0.008019940872066825,0.9274836106908724,0.013717421124828532,0.8636572478750287,0.6624685138539043
26,0,4,0,1,4,3,1,0,0.08580589311378238,0.08694080656649318,0.9366616238023198,0.14266117969821673,0.8866299104066161,0.7001193159220469
27,0,2,0,0,2,0,1,0,0.19853741150105175,0.19851708958093786,0.9498739283913262,0.31824417009602196,0.8891569032850908,0.6918997746254806
32,0,1,0,0,1,1,1,0,0.23606636937819273,0.2377993164221273,0.9543116490166415,0.39780521262002744,0.8942108890420399,0.697998143974546
48,0,8,0,0,3,0,1,1,0.03457640325400645,0.09217388864699234,0.9306101865859808,0.056241426611796985,0.8672180105674248,0.6754606920323478
20,0,6,0,0,7,0,1,1,0.5913275855019197,0.612302096828247,0.9960665658093797,0.9465020576131687,0.9417643004824259,0.755800079543948
20,0,8,0,0,7,0,1,1,0.36218325825144254,0.3622538309423229,0.9691376701966717,0.5802469135802469,0.9117849758787043,0.738167837730346
43,0,2,0,0,1,3,0,1,0.1880989941796575,0.18817233897253138,0.9467473524962179,0.2880658436213992,0.8877785435331955,0.6903088956648549
61,0,4,0,0,1,2,1,1,0.04559230711573639,0.047373668681917044,0.9319213313161876,0.07407407407407407,0.8782448885825868,0.702240487869548
52,0,1,0,0,1,0,0,0,0.06819490743793348,0.06713240551760964,0.9344427634896622,0.1083676268861454,0.8716976797610843,0.6716160678775023
25,0,6,0,0,4,2,1,0,0.04492041017653523,0.04491075487925064,0.9318204740292486,0.07270233196159122,0.86859637031932,0.6681691634628132
21,0,9,2,1,8,2,1,1,0.5588132738001579,0.5632254195252524,0.9922339889056985,0.8943758573388203,0.9373994946014244,0.7482434044809757
22,0,7,0,1,9,1,1,1,0.024167731266569927,0.024336249315105266,0.9264750378214825,0.0,0.8658396508155295,0.6649874055415617
26,0,9,1,3,8,14,1,1,0.19260231856088678,0.19174061185178082,0.9490670700958144,0.30727023319615915,0.8893866299104066,0.6949489593000132
20,0,3,0,0,5,0,1,1,0.5922719377821766,0.592684980988561,0.9961674230963187,0.9478737997256516,0.9965541006202618,0.8158557603075699
24,0,5,0,1,5,0,0,0,0.22667413368899814,0.2266382407348102,0.9532022188603126,0.36213991769547327,0.8929473926028026,0.6962746917672014
42,0,1,0,0,1,0,0,0,0.3844796256430045,0.3839378980159738,0.9717599596570852,0.6145404663923183,0.9140822421318631,0.720535595916744
25,0,7,0,0,3,5,1,1,0.4113686130076534,0.41212453956659645,0.9745839636913767,0.6584362139917695,0.9176430048242591,0.7249105130584648
36,0,9,0,0,3,1,1,0,0.06266622812410699,0.0628408373038625,0.9339384770549672,0.10150891632373114,0.8710084998851367,0.6709532016439083
28,0,5,0,0,3,2,1,1,0.6094586427679842,0.6105502585196653,0.9981845688350983,0.9753086419753086,0.9740408913393063,0.7897388307039639
36,0,5,0,0,4,2,1,0,0.05855545276614275,0.058381211512532206,0.9334341906202723,0.09465020576131687,0.870434183321847,0.6702903354103142
33,0,6,0,0,2,4,1,0,0.22949987089333262,0.22857497615715405,0.9534039334341906,0.3662551440329218,0.8993797381116472,0.7036987935834549
20,0,5,0,0,6,0,1,1,0.3202748039809804,0.3211136022034021,0.9641956631366616,0.5130315500685871,0.9054674936825178,0.7108577489062707
21,0,7,0,0,8,1,1,1,0.038084435849847185,0.03810576418912979,0.9310136157337368,0.06172839506172839,0.8754881690787962,0.681028768394538
23,0,5,0,0,8,0,1,0,0.08179026309782647,0.08428234551272905,0.9361573373676249,0.13168724279835392,0.8735354927636113,0.6742675328118786
61,0,1,0,0,1,1,0,0,0.021844536265327424,0.020866996882520014,0.9289964699949571,0.03429355281207133,0.8654950608775557,0.6644571125546864
45,0,1,0,0,1,1,0,0,0.14365373467664652,0.1453570880275279,0.9434190620272315,0.2345679012345679,0.8818056512749828,0.6836802333289143
23,0,3,0,0,3,0,0,0,0.27807427933287937,0.27755507698156706,0.9592536560766516,0.4458161865569273,0.961635653572249,0.7811215696672411
25,0,2,0,0,3,1,1,1,0.10410148825887112,0.10411303038441462,0.9387796268280383,0.27709190672153633,0.9097174362508614,0.7154978125414292
21,0,5,0,0,6,0,1,0,0.34100683496129697,0.3427293176493768,0.9666162380231972,0.5459533607681756,0.9082242131863083,0.714172080074241
23,0,8,1,0,7,7,1,1,0.1990744265102096,0.19934254476825464,0.9499747856782652,0.3196159122085048,0.9983919136227889,0.8183746519952274
40,0,3,0,0,1,5,1,0,0.05956412250306419,0.05922487724251333,0.9335350479072113,0.09602194787379972,0.8705490466345049,0.670422908657033
63,0,7,0,0,5,10,1,1,0.10496642695304262,0.13491336664660528,0.8513363590519415,0.2194787379972565,0.8766368022053757,0.6820893543682884
38,0,10,0,0,9,7,0,1,0.015499831702986116,0.0483135631714436,0.9282904689863842,0.024691358024691357,0.8788192051458764,0.7076759909850192
23,0,9,0,0,7,3,0,1,0.5098484019868056,0.5134679182843177,0.9864851235501765,0.8148148148148148,0.9409602572938204,0.7629590348667639
44,0,1,0,0,1,3,1,0,0.07560207162992244,0.0749252759242449,0.935451336359052,0.12071330589849108,0.8727314495750057,0.6728092270979716
30,0,10,0,1,8,7,1,1,0.6010179300205215,0.6010968806929988,0.9971759959657085,0.9615912208504801,0.9575005743165633,0.770648283176455
32,0,3,0,0,2,4,1,0,0.05701151599294379,0.05582475135431349,0.9331316187594554,0.09053497942386832,0.8702044566965311,0.6698926156701578
27,0,10,0,0,5,0,1,1,0.029513936116020746,0.052524778483352685,0.9300050428643469,0.04801097393689986,0.8946703422926717,0.7208007424101817
20,0,6,0,0,9,0,1,1,0.33408025406309094,0.3341519434230529,0.9658093797276853,0.5349794238683128,0.9365954514128187,0.74665252552035
29,0,2,0,0,2,0,0,0,0.25584916169951866,0.2567218982590195,0.956631366616238,0.4101508916323731,0.8968527452331725,0.7009147554023598
22,0,3,0,1,6,0,1,0,0.19834500537258334,0.19852134168800842,0.9498739283913262,0.31824417009602196,0.8891569032850908,0.6918997746254806
49,0,1,0,0,2,4,1,0,0.22772695960447584,0.23181040244017695,0.9527987897125567,0.3786008230452675,0.8930622559154606,0.6970701312475143
37,0,3,0,0,2,0,1,1,0.49624282664456115,0.49798619513700226,0.9848714069591528,0.7942386831275721,0.9290144727773949,0.738167837730346
48,0,1,0,0,1,1,1,0,0.04980095902333446,0.19264317125165512,0.9323247604639435,0.07956104252400549,0.8692855501952677,0.6909717618984489
31,0,1,0,0,2,2,1,0,0.1161984537570944,0.11685139935899884,0.940191628845184,0.18655692729766804,0.8781300252699288,0.6793053161871935
27,0,3,0,0,3,0,0,0,0.3323195885160605,0.33250839475715593,0.9656076651538074,0.532235939643347,0.9070755800597289,0.7125812011136152
51,0,3,0,0,1,7,1,0,0.32005611866932265,0.31959127832833456,0.9544125063035804,0.46364883401920437,0.9054674936825178,0.7105926024128331
25,0,6,0,0,3,4,1,0,0.3047703242591989,0.30491240863098656,0.9623802319717599,0.4883401920438957,0.903399954054675,0.7083388572186133
34,0,6,0,0,6,16,1,1,0.32198277211833487,0.32214158882702837,0.9643973777105396,0.5157750342935528,0.9056972203078337,0.7109903221529895
23,0,9,1,1,6,8,1,1,0.09966823176781604,0.3178031083478906,0.9382753403933434,0.15912208504801098,0.875947622329428,0.7103274559193955
30,0,2,0,0,2,0,1,1,0.42334490878715003,0.4234360583786086,0.9762985375693394,0.6776406035665294,0.9802435102228348,0.7968977860267797
48,0,4,0,0,4,11,1,1,0.26885285833441563,0.31623952512547715,0.9581442259203228,0.43072702331961593,0.8985756949230416,0.7100623094259578
30,0,2,0,0,2,3,1,0,0.22490369538450045,0.22501377687658275,0.9530005042864347,0.5871056241426612,0.9665747760165403,0.782579875381148
59,0,1,0,0,1,1,1,0,0.20885254707606296,0.20858038646665986,0.951084215834594,0.3676268861454047,0.8905352630369859,0.6934906535861063
20,0,4,0,0,7,0,1,0,0.2319379355214716,0.23178039925477253,0.9538073625819465,0.3731138545953361,0.9279807029634735,0.7380352644836272
30,0,8,0,0,4,2,1,1,0.3802796242148312,0.3803395325378535,0.9712556732223904,0.6090534979423868,0.9222375373305766,0.7300808696804985
56,0,2,0,0,1,10,1,1,0.31528279206806853,0.3257133786359576,0.9635905194150277,0.50480109739369,0.9047783138065701,0.7115206151398648
51,0,2,0,0,1,3,1,0,0.2618571828491165,0.2629531028653549,0.9645990922844175,0.5363511659807956,0.8976567884217781,0.7018427681293915
39,0,1,0,0,1,0,1,1,0.5700544675301673,0.5717883286396728,0.9935451336359052,0.9122085048010974,0.9392373076039513,0.7507622961686332
22,0,3,0,0,6,0,1,0,0.007109015635925296,0.006877028139580263,0.9273827534039334,0.012345679012345678,0.8635423845623708,0.6623359406071855
37,0,1,0,0,2,6,1,0,0.3081800035855294,0.3084068955307662,0.9627836611195159,0.49382716049382713,0.9038594073053067,0.7088691502054886
29,0,8,2,1,7,7,1,1,0.06779105618093093,0.06890218612845642,0.9345436207766011,0.1083676268861454,0.8716976797610843,0.67188121437094
30,0,10,3,2,7,14,0,1,0.005270585159048797,0.008856970135872406,0.9271810388300554,0.00823045267489712,0.8735354927636113,0.674665252552035
27,0,2,0,0,2,0,0,0,0.3193039639525882,0.319498467150173,0.9640948058497226,0.5116598079561042,0.9053526303698599,0.7105926024128331
44,2,9,0,0,6,19,1,1,0.4968419840759472,0.511089530011923,0.9849722642460917,0.8175582990397805,0.9537100849988513,0.7751557735648946
33,0,1,0,0,1,0,1,0,0.36561664445996234,0.3650732064311848,0.9695410993444277,0.5843621399176955,0.9115552492533885,0.7176189844889301
51,0,2,0,0,2,7,0,0,0.03718296849514264,0.037782315941708736,0.9309127584467978,0.06035665294924554,0.9284401562141052,0.738167837730346
30,0,2,0,0,2,1,1,1,0.29434338794149584,0.29357281399051316,0.9610690872415532,0.47050754458161864,0.9179875947622329,0.7251756595519024
26,0,9,0,0,7,6,1,1,0.18545931677043617,0.1866072357211885,0.9483610690872416,0.29766803840877915,0.8874339535952217,0.6900437491714172
27,0,9,0,0,7,5,1,1,0.3801649134945602,0.38049915544510277,0.9712556732223904,0.6090534979423868,0.9692166322076728,0.7841707543417739
33,0,4,0,0,2,5,1,0,0.23809531896736,0.23712570517047973,0.9544125063035804,0.37997256515775035,0.8944406156673559,0.6978655707278272
25,0,9,1,0,9,9,1,1,0.18567726713895105,0.26042034721057156,0.9483610690872416,0.29766803840877915,0.9529060418102459,0.7656104998011402
38,0,1,0,0,1,0,0,0,0.2619104562953099,0.26192290077472696,0.9572365103378719,0.41975308641975306,0.8976567884217781,0.7017101948826727
30,0,4,0,0,3,1,1,1,0.04729643169908695,0.15977478098941345,0.9321230458900656,0.07681755829903979,0.8939811624167241,0.6974678509876707
40,0,8,0,0,9,7,1,0,0.16430631234422122,0.19411589052250935,0.9250630358043369,0.0850480109739369,0.8845623707787733,0.6912369083918866
22,0,5,0,0,4,5,1,1,0.3323613809585627,0.3321987161835662,0.9656076651538074,0.532235939643347,0.9467034229267172,0.7589818374651995
48,0,1,0,0,1,0,0,0,0.3373942219425598,0.33767461543441946,0.9662128088754413,0.5404663923182441,0.9077647599356765,0.7133766405939281
30,0,7,0,0,2,21,1,1,0.5838992569337491,0.5837782274215424,0.9950579929399899,0.9327846364883402,0.9409602572938204,0.7516903088956649
35,0,2,0,0,1,0,0,0,0.3048365883220256,0.3047143180635102,0.9623802319717599,0.4883401920438957,0.903399954054675,0.7083388572186133
34,0,5,0,0,2,7,1,1,0.5564501137826062,0.5553924819508238,0.9918305597579425,0.8888888888888888,0.9370549046634505,0.7470502452605065
23,0,3,0,0,4,0,1,1,0.4516464767357075,0.45765644979718495,0.9796268280383258,0.7229080932784636,0.9432575235469791,0.7589818374651995
61,0,1,0,0,1,0,1,0,0.10912496368362878,0.113606912511377,0.9393847705496722,0.17421124828532236,0.8772111187686653,0.6787750232003181
27,0,1,0,0,1,3,1,0,0.17850915810167403,0.1777120959699771,0.9475542107917297,0.31550068587105623,0.8865150470939582,0.688718016704229
53,0,1,0,0,1,0,1,0,0.27553979810972823,0.27471587157281535,0.9589510842158346,0.4403292181069959,0.899494601424305,0.7036987935834549
28,0,4,0,0,2,4,1,1,0.5828282759363098,0.5854739240080313,0.9950579929399899,0.9327846364883402,0.943372386859637,0.7544743470767599
53,0,6,0,0,3,6,1,1,0.05756328945494342,0.06364687983413285,0.9333333333333333,0.09327846364883402,0.8703193200091891,0.671085774890627
37,0,1,0,0,1,0,1,0,0.10386873971085807,0.11432852885967161,0.9387796268280383,0.1673525377229081,0.8765219388927177,0.678907596447037
30,0,2,0,0,2,4,1,1,0.5245263785544544,0.5247465627451698,0.9881996974281392,0.8395061728395061,0.992878474615208,0.8116134164125679
24,0,3,0,1,5,0,1,0,0.009831165583772639,0.008588312473718029,0.9275844679778114,0.015089163237311385,0.8638869745003446,0.662601087100623
63,0,1,0,0,1,0,1,0,0.12392357024334792,0.12386807146349449,0.9410993444276349,0.19890260631001372,0.8791637950838502,0.680365902160944
21,0,6,0,0,6,3,1,1,0.21721897097611206,0.27058313147994917,0.9448310640443772,0.3004115226337449,0.8916838961635654,0.7030359273498608
29,4,9,1,0,5,10,1,1,0.011440164688443052,0.012950119932766239,0.9278870398386283,0.019204389574759947,0.8641167011256604,0.6632639533342172
48,0,2,0,0,2,7,1,0,0.11429313352255338,0.11419308732767877,0.9399899142713061,0.18381344307270234,0.8779002986446129,0.678907596447037
27,0,8,0,0,4,0,0,1,0.4285211927956384,0.4336621473822236,0.9769036812909733,0.6858710562414266,0.9199402710774178,0.7282248442264351
68,0,4,0,0,1,6,1,0,0.22598850125835673,0.22759473632460522,0.9531013615733737,0.36213991769547327,0.9664599127038824,0.78125414291396
19,0,4,2,0,7,3,1,1,0.5699948278872904,0.5952135342104218,0.9935451336359052,0.9122085048010974,0.9388927176659775,0.7531486146095718
46,0,6,0,0,7,7,1,1,0.01387083022683295,0.0440334696858892,0.9281896116994452,0.02194787379972565,0.8644612910636342,0.6680365902160944
30,0,3,0,0,2,3,0,1,0.5466218482447487,0.5468131406282383,0.9908219868885527,0.8751714677640604,0.9357914082242131,0.7457245127933183
49,0,1,0,0,1,1,0,0,0.16991306446948065,0.16949099466808623,0.9464447806354009,0.30727023319615915,0.8853664139673788,0.687392284237041
46,0,1,0,0,1,1,1,0,0.3339185069816768,0.33392424706335627,0.9658093797276853,0.5363511659807956,0.9073053066850448,0.7128463476070529
22,0,4,0,0,5,0,1,1,0.4284077334650431,0.43289024092647294,0.9769036812909733,0.6858710562414266,0.9495750057431657,0.7626938883733263
55,0,3,0,0,1,5,1,1,0.5830526123648364,0.6845296989262803,0.9950579929399899,0.9327846364883402,0.9406156673558466,0.7669362322683283
33,0,4,0,0,2,2,0,1,0.1306467307976067,0.13762734352819717,0.9419062027231467,0.2222222222222222,0.892373076039513,0.7096645896858014
56,0,1,0,0,1,0,1,0,0.017170983161548817,0.016660301918080794,0.9284921835602622,0.027434842249657063,0.864920744314266,0.6637942463210924
41,0,4,0,0,2,3,1,1,0.3442800432913293,0.34448977939005493,0.9670196671709531,0.551440329218107,0.9286698828394211,0.737504971496752
63,0,4,0,0,2,23,1,1,0.38806654544673375,0.38911249375459356,0.9721633888048411,0.6213991769547325,0.9287847461520791,0.7449290733130054
25,0,3,0,0,3,1,0,0,0.046518971102244185,0.04918151955980678,0.9320221886031266,0.07544581618655692,0.8688260969446359,0.6688320296964073
25,0,3,0,0,6,0,1,0,0.2396151416601418,0.2395730312254973,0.9547150781643974,0.3840877914951989,0.8946703422926717,0.6982632904679835
49,0,1,0,0,1,2,0,1,0.33042786472966246,0.3298565701695674,0.9654059505799294,0.5281207133058985,0.9226969905812084,0.7306111626673737
55,0,1,0,0,1,1,1,0,0.17772520219651464,0.19266851500197518,0.9474533535047908,0.345679012345679,0.8864001837813003,0.6909717618984489
30,0,4,0,0,4,3,0,0,0.321985036537748,0.3436474250575815,0.9643973777105396,0.5157750342935528,0.9056972203078337,0.7143046533209598
22,0,9,0,1,7,0,1,1,0.0,0.017447458337273736,0.9265758951084215,0.0,0.9043188605559385,0.710725175659552
31,0,8,0,0,5,4,0,0,0.09307978430531104,0.09293983420498052,0.9374684820978316,0.14814814814814814,0.8750287158281644,0.6755932652790667
27,1,10,1,2,9,15,1,1,0.5192708795931625,0.5195797360433005,0.9875945537065053,0.831275720164609,0.9372846312887664,0.7479782579875381
51,0,2,0,0,1,3,1,0,0.3364654921699207,0.33676552885149524,0.9661119515885023,0.5390946502057613,0.9076498966230186,0.7132440673472094
39,0,4,0,0,2,8,1,0,0.08583105995059334,0.11950955243304523,0.9366616238023198,0.13854595336076816,0.874109809326901,0.6797030359273498
39,0,1,0,0,1,0,0,0,0.1220894004503672,0.1222664676481861,0.9408976298537569,0.19615912208504802,0.8789340684585344,0.6801007556675063
36,0,1,0,0,2,2,1,1,0.062159534485424245,0.06099519433415873,0.9337367624810893,0.09876543209876543,0.9086836664369401,0.7144372265676786
61,0,3,0,0,3,11,1,0,0.049052548543962925,0.04918202623611658,0.9323247604639435,0.07956104252400549,0.8691706868826097,0.6688320296964073
54,0,1,0,0,1,0,1,0,0.04316975574691025,0.06631364640544601,0.9316187594553706,0.06995884773662552,0.8683666436940042,0.6714834946307835
49,0,1,0,0,1,2,1,0,0.19084684727417683,0.2244196740662569,0.9489662128088754,0.35939643347050754,0.8881231334711693,0.6958769720270449
25,0,5,0,0,4,2,1,1,0.5074767702597829,0.5075527505425187,0.9861825516893595,0.8477366255144033,0.9933379278658396,0.8121437093994432
55,0,1,0,0,1,4,1,0,0.32104834157050655,0.3248603542964894,0.9642965204236006,0.51440329218107,0.9055823569951758,0.711388041893146
38,0,6,0,0,4,1,0,1,0.03353222781795351,0.03373003803380622,0.9305093292990418,0.05486968449931413,0.9282104295887893,0.7413495956515975
22,0,5,0,0,4,2,0,1,0.2591553928126593,0.2746715026238034,0.9420070600100857,0.34705075445816186,0.8973121984838043,0.7036987935834549
43,0,1,0,0,2,1,1,0,0.019814533919766317,0.02002870589535471,0.9288956127080181,0.03292181069958848,0.8652653342522398,0.6643245393079676
42,0,1,0,0,1,0,0,1,0.11183343773002044,0.11178347388583841,0.9396873424104891,0.17969821673525377,0.8898460831610384,0.6983958637147024
22,0,7,0,0,8,2,1,1,0.4960365757763475,0.6483045085677424,0.8964195663136661,0.2908093278463649,0.9290144727773949,0.7613681559061382
25,0,10,0,2,7,4,1,0,0.05418279928938149,0.05432101554543521,0.9335350479072113,0.10013717421124829,0.8882379967838272,0.701445048389235
25,0,10,0,1,8,5,1,1,0.06627776852312212,0.2682150555606836,0.9343419062027232,0.10699588477366255,0.9353319549735815,0.7451942198064431
27,0,5,0,0,3,3,0,0,0.10572018066769605,0.1056643838315854,0.9389813414019162,0.1700960219478738,0.919710544452102,0.7279596977329975
30,0,1,0,0,2,0,1,0,0.014834817407001214,0.014596380807145098,0.9282904689863842,0.024691358024691357,0.8645761543762922,0.6635290998276547
27,0,9,0,1,4,2,1,0,0.0002782157062295598,0.00035620338062580467,0.9265758951084215,0.0013717421124828531,0.9052377670572019,0.7132440673472094
32,0,2,0,0,1,0,0,0,0.34277372766171355,0.34280247773458145,0.9668179525970751,0.5486968449931413,0.9084539398116241,0.714172080074241
21,0,4,0,0,6,0,1,0,0.0019589313573135547,0.004596219763557215,0.9267776096822995,0.00411522633744856,0.8628532046864231,0.661938220867029
29,0,2,0,0,2,1,1,1,0.11082945573855077,0.11010436846478837,0.9395864851235501,0.20987654320987653,0.9308522857799219,0.7398912899376906
21,0,9,0,0,8,0,1,1,0.040671207284446564,0.04589013038162393,0.9313161875945537,0.06584362139917696,0.8963932919825408,0.7075434177383004
28,0,5,0,0,3,6,0,1,0.12622536250847058,0.12719605061910927,0.9414019162884518,0.2030178326474623,0.879508385021824,0.6808961951478192
27,0,7,0,0,6,2,1,1,0.5349421417500532,0.5350170206977968,0.989409984871407,0.8559670781893004,0.9468182862393751,0.7588492642184808
21,0,7,1,0,6,4,1,1,0.2995543831159883,0.32718334595901155,0.961775088250126,0.48010973936899864,0.9262577532736044,0.7666710857748906
30,0,7,0,1,3,6,1,1,0.10903570781842745,0.10836712442089505,0.9393847705496722,0.17421124828532236,0.9203997243280496,0.7279596977329975
34,0,1,0,0,1,1,1,0,0.34244831668771536,0.3418916326868173,0.9668179525970751,0.5473251028806584,0.9084539398116241,0.7140395068275222
29,0,9,0,0,6,8,1,1,0.11588359021036268,0.11613670758693828,0.940090771558245,0.18518518518518517,0.8934068458534344,0.6968049847540766
31,0,3,0,0,2,7,1,1,0.46339795936680117,0.4653734479101336,0.9716591023701462,0.710562414266118,0.9246496668963933,0.7331300543550312
43,0,1,0,0,1,0,1,0,0.04291250578358044,0.04226691789466376,0.9316187594553706,0.06858710562414266,0.8683666436940042,0.6677714437226567
21,0,6,0,0,6,1,0,0,0.3374388747043207,0.33829298903346816,0.9576399394856279,0.5404663923182441,0.9557776246266942,0.7710460029166114
40,0,2,0,0,1,1,0,0,0.020100714820598244,0.02002067855303459,0.9288956127080181,0.10699588477366255,0.8945554789800138,0.697998143974546
50,0,7,0,0,2,26,1,1,0.44903730939857905,0.4492489710919209,0.9869894099848714,0.8436213991769548,0.9512979554330346,0.7937160281055283
49,0,1,0,0,1,0,1,0,0.268948112924729,0.33149947307154004,0.9581442259203228,0.43072702331961593,0.9386629910406616,0.7500994299350391
21,0,5,0,0,8,0,1,0,0.03864068849235263,0.07813621285229365,0.9311144730206757,0.06310013717421124,0.8677923271307144,0.6733395200848469
25,0,3,0,0,3,1,1,0,0.07722335620307555,0.07643489315224881,0.935552193645991,0.12345679012345678,0.8729611762003217,0.6730743735914092
42,0,3,0,0,1,1,0,1,0.26513446316142686,0.282624770854397,0.9577407967725668,0.4252400548696845,0.8981162416724099,0.7048919528039241
21,0,7,0,0,7,0,1,1,0.25317544847745155,0.25519584882285035,0.9563287947554211,0.4060356652949246,0.9039742706179646,0.7092668699456449
26,0,10,0,0,10,20,1,1,0.6196800234339601,0.6567541804943351,0.9993948562783661,0.99039780521262,0.9455547898001379,0.7626938883733263
22,0,3,0,0,5,0,1,0,0.07481664583847732,0.07478468815051711,0.935350479072113,0.12071330589849108,0.8726165862623478,0.6728092270979716
44,0,5,0,0,2,1,0,0,0.07929837878196899,0.08266415053198181,0.9358547655068079,0.13443072702331962,0.9236158970824718,0.7315391753944054
54,0,1,0,0,1,0,1,1,0.41895982086694467,0.4191184609112987,0.9757942511346445,0.6707818930041153,0.9968986905582357,0.8162534800477264
47,0,3,0,0,2,5,1,1,0.19322288866005674,0.19255678790824735,0.9492687846696923,0.30864197530864196,0.8971973351711463,0.7026382076097044
29,0,10,0,0,10,2,0,0,0.06178345216122495,0.06296884758331146,0.9239536056480081,0.010973936899862825,0.8708936365724788,0.6709532016439083
20,0,4,0,0,7,0,1,0,0.19428849662722178,0.19401280673053709,0.9493696419566313,0.3113854595336077,0.888582586721801,0.6912369083918866
40,0,5,0,0,3,21,1,0,0.12119240234450437,0.14607655845262804,0.9407967725668179,0.19478737997256515,0.8788192051458764,0.683812806575633
45,0,3,0,0,1,6,0,1,0.5312474633909178,0.5322502998058367,0.989006555723651,0.850480109739369,0.9586492074431426,0.7719740156436431
21,0,7,1,2,9,1,1,0,0.335734948754252,0.33563679312085376,0.9660110943015633,0.5377229080932785,0.9323455088444751,0.7438684873392549
34,0,1,0,0,2,1,0,0,0.1384455799580846,0.1385751461420886,0.9428139183055976,0.2496570644718793,0.8811164713990352,0.6826196473551638
20,0,6,0,1,9,0,1,1,0.21893971123348974,0.2190965923643741,0.9522945032778618,0.3511659807956104,0.9114403859407305,0.7174864112422114
31,0,5,0,0,4,1,0,1,0.34699690959387924,0.3554420547635824,0.9673222390317701,0.5555555555555556,0.9090282563749138,0.7161606787750232
55,0,3,0,0,2,1,1,0,0.04210848791695373,0.042058395756103074,0.9315179021684317,0.06721536351165981,0.8834137376521939,0.6861991250165717
26,0,1,0,0,2,1,1,0,0.21475919573026636,0.24152565244037813,0.9517902168431669,0.3443072702331962,0.8913393062255915,0.6985284369614212
28,0,5,0,0,3,0,0,0,0.01042005367448679,0.010502167983483624,0.9277861825516893,0.01783264746227709,0.8640018378130025,0.6628662335940607
30,0,2,0,0,3,1,1,0,0.0655674459755462,0.06543096659960955,0.9342410489157842,0.1056241426611797,0.8713530898231105,0.6713509213840647
22,0,7,0,0,6,1,1,1,0.2921443188780843,0.29121447420425967,0.9607665153807362,0.4663923182441701,0.9747300712152539,0.7982235184939679
50,0,1,0,0,1,1,0,1,0.3959449571682585,0.3960005694246936,0.9730711043872919,0.6337448559670782,0.9254537100849989,0.7363118122762826
25,0,6,0,0,5,4,1,1,0.08670077577519344,0.12300363200481115,0.9367624810892587,0.13854595336076816,0.8901906730990122,0.7682619647355163
53,0,8,0,0,5,9,1,1,0.58010007760503,0.6913109354388178,0.9947554210791729,0.9286694101508917,0.9558924879393522,0.781917009147554
23,0,4,0,0,5,0,1,0,0.03716548876633944,0.037922317560489874,0.9309127584467978,0.06035665294924554,0.8675626005053986,0.6671085774890627
35,0,2,0,0,1,1,1,0,0.2995337749129959,0.29896985056396896,0.961775088250126,0.4787379972565158,0.9027107741787274,0.7074108444915816
24,0,6,0,0,4,5,1,1,0.10748237569099676,0.20701618728481097,0.9304084720121029,0.053497942386831275,0.8769813921433495,0.6932255070926687
35,0,3,0,0,2,0,1,1,0.4498423700899355,0.4500938786756026,0.9794251134644478,0.720164609053498,0.947162876177349,0.759379557205356
33,0,3,0,0,2,4,1,1,0.3323265903392459,0.33315499320710995,0.9656076651538074,0.532235939643347,0.9138525155065472,0.7202704494233064
44,0,3,0,0,1,1,0,0,0.26454642919382465,0.2902364796432013,0.9576399394856279,0.46502057613168724,0.8980013783597519,0.7060851120243935
38,0,3,0,0,3,0,1,1,0.04723069401445719,0.04672240086204914,0.9261724659606656,0.0027434842249657062,0.8689409602572938,0.6684343099562509
30,0,1,0,0,1,0,1,0,0.2419841117011877,0.2414690636509531,0.9549167927382753,0.3868312757201646,0.8950149322306455,0.6985284369614212
32,0,2,0,0,2,0,1,0,0.29353447376447145,0.29299414990539213,0.9610690872415532,0.4691358024691358,0.9019067309901218,0.70648283176455
33,0,2,0,0,2,1,0,0,0.190773710499798,0.19059382453574863,0.9489662128088754,0.3058984910836763,0.8881231334711693,0.6907066154050112
30,0,2,0,0,2,1,1,0,0.14586937968742889,0.14622031543699954,0.9436207766011094,0.345679012345679,0.8821502412129566,0.683812806575633
34,0,2,0,0,2,0,1,1,0.3588677112373829,0.35997376767852013,0.9687342410489158,0.5747599451303155,0.9529060418102459,0.7669362322683283
49,0,1,0,0,1,1,1,0,0.03436647767007848,0.05496346123661467,0.9306101865859808,0.05486968449931413,0.8672180105674248,0.6697600424234389
54,0,3,0,0,1,4,1,1,0.0370128688842265,0.0370606598540957,0.9309127584467978,0.05898491083676269,0.8742246726395589,0.6820893543682884
44,0,6,0,0,2,4,0,1,0.06445130570147736,0.0679787834560727,0.9341401916288452,0.102880658436214,0.8873190902825637,0.6958769720270449
43,0,2,0,0,1,4,1,0,0.12297295108304847,0.12308058719492461,0.9409984871406959,0.2716049382716049,0.8790489317711923,0.680233328914225
53,0,3,0,0,1,2,1,0,0.057775390073307696,0.05750501915042722,0.9333333333333333,0.09327846364883402,0.8703193200091891,0.6701577621635953
40,0,9,0,0,10,5,1,1,0.000912501433511566,0.04739799907961752,0.9265758951084215,0.0013717421124828531,0.8690558235699517,0.7017101948826727
27,0,2,0,0,3,0,1,1,0.18984958901929794,0.19085370974336258,0.9488653555219364,0.3045267489711934,0.8880082701585114,0.6907066154050112
23,0,2,0,0,4,0,1,1,0.365625175759418,0.36594750124083536,0.9695410993444277,0.5857338820301783,0.9213186308293131,0.729020283706748
20,1,9,2,0,9,5,1,1,0.5381277031444671,0.5391599638606664,0.9898134140191629,0.8614540466392319,0.9461291063634275,0.7605727164258252
29,0,2,0,0,2,0,1,1,0.47623440677837664,0.4766771281415881,0.9825516893595563,0.7626886145404664,0.9537100849988513,0.7717088691502055
24,0,2,0,0,3,0,1,0,0.31167158934563255,0.3109859574263343,0.9631870902672718,0.49794238683127573,0.9043188605559385,0.7092668699456449
21,0,4,0,0,5,0,0,0,0.2772604191871368,0.27749250742472037,0.9591527987897126,0.4458161865569273,0.899724328049621,0.7040965133236113
35,0,8,0,0,2,0,1,0,0.12024351129375706,0.12040577341163211,0.940695915279879,0.1934156378600823,0.8787043418332184,0.6798356091740687
39,0,3,0,0,3,0,1,0,0.21542667307894628,0.23013141623708214,0.9518910741301059,0.3443072702331962,0.8914541695382495,0.6968049847540766
28,0,7,0,0,7,5,1,1,0.5157640288653488,0.5160163908395348,0.9871911245587494,0.8244170096021948,0.9316563289685275,0.7409518759114411
51,0,2,0,0,1,1,1,0,0.28594085251080564,0.286247864123402,0.9601613716591024,0.45816186556927296,0.9008729611762003,0.7054222457907994
51,0,1,0,0,1,0,1,0,0.039811462850595565,0.0397265322907445,0.9312153303076147,0.0644718792866941,0.8679071904433724,0.6673737239825003
56,0,1,0,0,1,0,1,0,0.3005894810110605,0.30592354578360414,0.961875945537065,0.48148148148148145,0.9028256374913852,0.7084714304653321
26,0,4,0,1,4,7,1,0,0.19862496905169322,0.19929305938199657,0.9497730711043872,0.3168724279835391,0.8891569032850908,0.6920323478721994
57,0,4,0,0,3,1,1,0,0.10385718918551823,0.1040791327458054,0.9387796268280383,0.1673525377229081,0.9464736963014013,0.7595121304520748
30,0,1,0,0,1,1,1,0,0.1256327003854012,0.12559569859233102,0.9413010590015128,0.20164609053497942,0.8793935217091661,0.6806310486543815
34,0,1,0,0,1,0,1,1,0.07488308867125766,0.07492533553322252,0.935350479072113,0.12071330589849108,0.947048012864691,0.759379557205356
59,0,4,0,0,2,8,1,0,0.08509200509879716,0.08869897336153275,0.9365607665153808,0.13717421124828533,0.9101768895014932,0.7173538379954925
20,0,3,0,0,6,0,1,0,0.3418923222684763,0.3418701734548725,0.9667170953101362,0.5473251028806584,0.9083390764989663,0.7140395068275222
27,0,4,0,1,3,2,1,1,0.2918148557851362,0.2921000251758517,0.9608673726676752,0.4663923182441701,0.9044337238685963,0.7095320164390826
37,0,8,0,0,6,7,1,1,0.5941553487657291,0.6535717962665685,0.9963691376701966,0.9506172839506173,0.9421088904203997,0.7621635953864511
26,0,8,1,0,9,4,1,1,0.08085321059067768,0.08091677296189231,0.9360564800806859,0.13031550068587106,0.9000689179875948,0.7044942330637677
26,0,5,0,0,4,0,1,0,0.001066680586887059,0.0002264942453145282,0.9266767523953605,0.0013717421124828531,0.8627383413737653,0.661275354633435
35,0,7,0,0,4,0,1,0,0.014814040365719228,0.014820530432673056,0.9282904689863842,0.024691358024691357,0.8645761543762922,0.6635290998276547
21,0,7,0,1,6,1,1,1,0.13902298704510757,0.13915687015472772,0.9429147755925366,0.7901234567901234,0.9895474385481278,0.8077687922577224
64,0,3,0,0,1,7,0,0,0.318335596908555,0.38293637777841294,0.897528996469995,0.3401920438957476,0.9052377670572019,0.7204030226700252
34,0,4,0,0,2,4,0,0,0.26964700412693415,0.26954648168490813,0.9582450832072618,0.43209876543209874,0.8986905582356995,0.702903354103142
40,0,2,0,0,1,0,1,0,0.08496751168939483,0.10327003028801697,0.9365607665153808,0.13580246913580246,0.8739949460142431,0.6771841442396924
57,0,2,0,0,2,0,1,0,0.23774651892442342,0.23803529842971374,0.9545133635905194,0.37997256515775035,0.8944406156673559,0.697998143974546
48,0,1,0,0,1,0,1,0,0.07556563235436622,0.07574251500747908,0.935451336359052,0.12071330589849108,0.8727314495750057,0.6729418003446904
23,0,6,0,0,8,1,1,1,0.2987190010541568,0.401234148246673,0.961674230963187,0.4787379972565158,0.9025959108660694,0.7231870608511203
24,0,2,0,0,3,0,1,1,0.35439560207639714,0.35482611519778673,0.9682299546142209,0.5679012345679012,0.9100620261888352,0.7160281055283044
24,0,6,0,0,4,0,0,0,0.11861279163971586,0.1382247447019516,0.940494200706001,0.1906721536351166,0.8784746152079026,0.6826196473551638
24,0,5,0,0,4,1,0,0,0.2722883301923949,0.27213434583950546,0.9585476550680787,0.43621399176954734,0.9983919136227889,0.817976932255071
57,0,1,0,0,1,0,1,0,0.23514798839953827,0.23543965530353642,0.9542107917297025,0.3772290809327846,0.8940960257293821,0.6976004242343895
22,0,7,0,2,6,0,1,1,0.026069654871991227,0.027746876318196657,0.929601613716591,0.04252400548696845,0.8767516655180335,0.6782447302134429
29,0,3,0,0,4,1,1,0,0.19599556098314377,0.19573840715413438,0.9495713565305093,0.31550068587105623,0.888812313347117,0.6915020548853241
23,0,7,0,0,5,2,0,1,0.3057289582724212,0.305997003913697,0.9624810892586989,0.4897119341563786,0.9097174362508614,0.715630385788148
28,0,2,0,0,2,0,0,0,0.28697800626034503,0.28699651314304936,0.9602622289460413,0.45953360768175583,0.9009878244888583,0.7055548190375183
56,0,1,0,0,1,1,1,0,0.3821937637670865,0.38485489272326284,0.9714573877962683,0.6117969821673526,0.9137376521938892,0.7206681691634628
25,0,9,0,0,9,2,1,0,0.05015633382790041,0.04989439325804978,0.9323247604639435,0.07956104252400549,0.8821502412129566,0.683812806575633
61,0,1,0,0,1,0,1,0,0.12878866542081885,0.12814995321837763,0.9417044881492688,0.205761316872428,0.8798529749597979,0.681028768394538
27,0,6,0,0,6,5,1,1,0.08416214311645151,0.0886454544344554,0.9364599092284418,0.13580246913580246,0.8738800827015851,0.6749303990454726
29,0,6,0,0,4,0,1,1,0.5758205334791381,0.5798144787802422,0.9942511346444781,0.9204389574759945,0.9396967608545831,0.7507622961686332
25,0,4,0,0,3,2,1,1,0.046430102571942466,0.04638549092051452,0.9320221886031266,0.07544581618655692,0.8928325292901448,0.6961421185204826
35,0,1,0,0,1,0,1,0,0.26003386836498915,0.26010281018676495,0.957034795763994,0.4170096021947874,0.8974270617964623,0.701445048389235
36,0,10,0,0,6,4,0,1,0.002931002912053297,0.0028175971543627823,0.9268784669692385,0.0054869684499314125,0.936135998162187,0.7658756462945777
20,0,4,0,0,7,0,1,0,0.33834647982743454,0.34077147071412417,0.9663136661623802,0.541838134430727,0.9078796232483345,0.7139069335808034
29,0,1,0,0,2,0,1,1,0.36851909383774906,0.36918571921097704,0.9698436712052446,0.5898491083676269,0.9118998391913623,0.7182818507225242
22,0,7,0,0,8,0,1,1,0.2250859314889379,0.2268631950815361,0.9530005042864347,0.3607681755829904,0.8975419251091201,0.7030359273498608
35,1,9,0,0,5,13,1,1,0.16305418772539476,0.27761211283832427,0.9457387796268281,0.5185185185185185,0.9534803583735355,0.788280524990057
38,0,5,0,0,2,1,0,1,0.6058829556763438,0.6191585598705468,0.9977811396873424,0.9931412894375857,0.9437169767976108,0.7568606655176985
69,0,1,0,0,2,6,1,1,0.26280432592698355,0.39261690554914774,0.9219364599092285,0.09739368998628258,0.8977716517344361,0.7218613283839321
21,0,10,0,0,9,0,0,0,0.025751623124413925,0.09184375425924773,0.929500756429652,0.0411522633744856,0.8660693774408454,0.6754606920323478
59,0,1,0,0,1,0,1,0,0.27491365634700227,0.2758152498819767,0.9588502269288957,0.4403292181069959,0.8993797381116472,0.7038313668301737
28,0,3,0,0,4,4,1,1,0.2662154751395997,0.29471944234927167,0.9578416540595058,0.42661179698216734,0.8982311049850678,0.7067479782579875
34,0,1,0,0,1,0,0,0,0.33407340121486695,0.33394256688914625,0.9658093797276853,0.53360768175583,0.9073053066850448,0.7128463476070529
25,0,6,0,0,6,1,1,0,0.00897645650361665,0.007726595158346232,0.9274836106908724,0.013717421124828532,0.8637721111876866,0.6624685138539043
37,0,4,0,0,3,0,0,0,0.019751348672808387,0.023326224863403296,0.9288956127080181,0.03155006858710562,0.8652653342522398,0.6648548322948429
33,0,1,0,0,2,2,1,0,0.20184051414000315,0.2019706549175782,0.9502773575390822,0.32373113854595337,0.8896163565357225,0.6924300676123558
29,0,8,0,0,4,6,1,1,0.09632548192580648,0.09615953365274009,0.9378719112455874,0.1550068587105624,0.8867447737192741,0.690176322418136
27,0,2,0,0,3,0,1,0,0.18374722699248325,0.183923689222674,0.9481593545133636,0.29492455418381347,0.8872042269699059,0.6896460294312607
26,0,1,0,0,3,0,1,1,0.01740299676641901,0.017195391840558225,0.9285930408472012,0.02880658436213992,0.8688260969446359,0.6733395200848469
43,0,1,0,0,1,1,1,0,0.1683713225940462,0.1684686708973344,0.946343923348462,0.3100137174211248,0.885136687342063,0.6872597109903221
22,0,4,0,0,6,2,1,1,0.1985658756503415,0.199372398931215,0.9498739283913262,0.31824417009602196,0.9223524006432345,0.7302134429272172
22,0,9,0,0,7,0,1,0,0.030130305121279472,0.04306872818752277,0.9301059001512859,0.04938271604938271,0.8666436940041351,0.6679040169693756
25,0,9,0,1,6,7,1,1,0.33061141181376014,0.3325154286165157,0.9654059505799294,0.5294924554183813,0.906845853434413,0.7125812011136152
58,0,5,0,0,3,4,1,1,0.5847226415453566,0.5848359489901738,0.9952597075138678,0.934156378600823,0.9490006891798759,0.7672013787617659
50,0,1,0,0,1,1,1,0,0.07661324414619525,0.07656036011531914,0.935552193645991,0.12345679012345678,0.8728463128876637,0.6730743735914092
25,0,2,0,0,3,0,1,0,0.02868064963531277,0.028553475198924844,0.929904185577408,0.04663923182441701,0.8744543992648748,0.6749303990454726
54,0,2,0,0,2,1,0,0,0.061882351672260326,0.1263078271783537,0.9338376197680283,0.22908093278463648,0.8708936365724788,0.6807636219011004
30,0,7,0,0,4,3,0,1,0.10391885488786998,0.5581140589770629,0.9386787695410993,0.16598079561042525,0.8765219388927177,0.7474479650006629
23,0,6,0,0,4,3,1,1,0.47545711501982346,0.4859651605991533,0.9824508320726173,0.7613168724279835,0.9354468182862393,0.7453267930531619
32,0,1,0,0,1,0,1,0,0.27637940112879916,0.2758144948349268,0.9590519415027736,0.44170096021947874,0.899609464736963,0.7038313668301737
62,0,1,0,0,1,0,1,0,0.1966045507619816,0.19679231374819772,0.9496722138174483,0.31550068587105623,0.8889271766597748,0.6916346281320429
30,0,1,0,0,2,0,1,0,0.2334804520667053,0.2328672398089735,0.9540090771558245,0.3731138545953361,0.8938662991040661,0.697202704494233
46,0,1,0,0,1,1,1,0,0.1754191095208398,0.17630151905829658,0.9471507816439738,0.2825788751714678,0.8860555938433264,0.6884528702107915
39,0,3,0,0,2,5,1,0,0.17949152879207794,0.1948555087820466,0.9476550680786687,0.31550068587105623,0.8866299104066161,0.6913694816386053
61,0,7,0,0,4,25,1,0,0.07121617924492557,0.07146898844429302,0.9349470499243571,0.11522633744855967,0.872157133011716,0.6722789341110964
35,0,3,0,0,4,4,0,0,0.1924587563564264,0.20361827686361283,0.9491679273827534,0.3484224965706447,0.9844934527911785,0.8048521808299085
24,0,4,0,0,4,0,0,0,0.29696144411798736,0.2972150516761652,0.9614725163893091,0.47599451303155005,0.9023661842407535,0.707145697998144
23,0,5,0,0,4,2,1,0,0.19335546644403054,0.19433286720106313,0.9492687846696923,0.3100137174211248,0.8884677234091432,0.6912369083918866
24,0,4,0,0,5,0,1,0,0.011539501192698507,0.02665861508336231,0.9278870398386283,0.019204389574759947,0.8641167011256604,0.6653851252817181
31,0,7,0,0,2,4,1,1,0.4892504484717409,0.49299680449186234,0.9840645486636409,0.7832647462277091,0.9280955662761314,0.7373723982500331
38,0,3,0,0,1,0,1,1,0.4774773446079173,0.47748446219970697,0.9826525466464953,0.7640603566529492,0.9414197105444521,0.7563303725308232
26,0,2,0,0,3,0,1,0,0.07641868284661872,0.22436735725356166,0.935552193645991,0.12208504801097393,0.9098322995635194,0.7170886915020549
22,0,2,0,1,4,0,1,1,0.34947987527538144,0.3496173337104992,0.967624810892587,0.5596707818930041,0.9143119687571789,0.7210658889036192
23,0,2,0,1,3,1,1,0,0.2782449847753052,0.27825602888428513,0.9592536560766516,0.4458161865569273,0.8998391913622789,0.7042290865703301
33,0,9,0,0,3,5,1,1,0.40243214138367406,0.4028479917720536,0.8712052445789208,0.644718792866941,0.992878474615208,0.8166511997878828
49,0,1,0,0,1,0,1,0,0.037298414158556496,0.0362917338472263,0.9308119011598588,0.05898491083676269,0.8675626005053986,0.666843430995625
21,0,10,0,0,9,1,1,1,0.0860023612928647,0.1590545356476042,0.9366616238023198,0.13717421124828533,0.8897312198483804,0.6926952141057935
56,0,1,0,0,1,1,0,0,0.0910827252895455,0.09115429695438161,0.9372667675239537,0.1467764060356653,0.8747989892028486,0.675328118785629
25,0,3,0,0,3,1,1,0,0.02431451133019634,0.026147776079948514,0.929399899142713,0.09739368998628258,0.8658396508155295,0.6652525520349993
33,0,2,0,0,2,2,1,0,0.07498179948067527,0.07558314047096994,0.935350479072113,0.12071330589849108,0.8726165862623478,0.6729418003446904
43,0,1,0,0,1,1,1,1,0.5752260737248679,0.5753859490055727,0.9941502773575391,0.9204389574759945,0.9395818975419251,0.7500994299350391
23,0,3,0,0,4,0,1,0,0.37367617993954616,0.37371989596365657,0.9704488149268785,0.598079561042524,0.9125890190673099,0.7189447169561183
57,0,1,0,0,1,0,1,0,0.05341380047034573,0.053247567141540594,0.9328290468986384,0.08641975308641975,0.8697450034458993,0.6694948959300013
28,0,3,0,0,2,2,1,1,0.05266401942132941,0.053532547728734524,0.9327281896116995,0.0850480109739369,0.8696301401332415,0.6694948959300013
30,0,6,0,0,5,2,1,1,0.037265828368668256,0.037918274084841004,0.9309127584467978,0.06035665294924554,0.8675626005053986,0.6671085774890627
41,0,4,0,0,3,1,1,0,0.35817325948902723,0.35986952151148416,0.9686333837619768,0.5733882030178327,0.910521479439467,0.7168235450086172
41,0,2,0,0,1,1,1,1,0.10642153492259623,0.1074247660936267,0.9390821986888552,0.17146776406035666,0.8768665288306915,0.6778470104732864
20,0,3,0,0,6,0,1,1,0.5280484346599941,0.5297572238604922,0.9886031265758951,0.8449931412894376,0.981736733287388,0.7987538114808431
51,0,1,0,0,1,0,1,0,0.1907382048006665,0.19077844347428183,0.9489662128088754,0.3058984910836763,0.8881231334711693,0.6907066154050112
23,0,5,0,0,5,1,0,1,0.5622591540421064,0.5630962270010805,0.9926374180534544,0.9012345679012346,0.9510682288077188,0.7638870475937956
21,0,8,0,0,7,0,0,1,0.0970854925888383,0.09728064936907524,0.9379727685325264,0.15637860082304528,0.906845853434413,0.7121834813734589
30,0,2,0,0,3,1,1,1,0.4969595749788051,0.4982103348277006,0.9849722642460917,0.7956104252400549,0.9442912933609006,0.7555349330505104
28,0,6,0,0,5,4,1,1,0.11421372986813204,0.13147185225827468,0.9398890569843671,0.18244170096021947,0.8779002986446129,0.6815590613814132
20,0,10,0,0,9,0,1,1,0.18462388505028415,0.18458741531886547,0.9482602118003026,0.29766803840877915,0.9736963014013325,0.7893411109638075
50,0,2,0,0,1,3,1,0,0.27910873166978556,0.2885532115285471,0.9593545133635906,0.44718792866941015,0.8999540546749368,0.7058199655309558
67,0,1,0,0,1,2,1,0,0.2788677497722396,0.3623650215552521,0.9348461926374181,0.35390946502057613,0.8999540546749368,0.7172212647487737
44,0,1,0,0,1,0,1,0,0.053356097501966994,0.05262379893001686,0.9328290468986384,0.0850480109739369,0.8697450034458993,0.6693623226832826
38,1,4,0,0,1,10,1,1,0.06529872494018929,0.06441135503733961,0.9342410489157842,0.10425240054869685,0.9566965311279577,1.0
33,0,1,0,0,1,3,1,0,0.20945214150066907,0.211276113066269,0.951185073121533,0.46364883401920437,0.8906501263496439,0.6938883733262627
45,0,2,0,0,2,0,1,0,0.21394717294238091,0.21570909364460109,0.9516893595562279,0.3429355281207133,0.8912244429129336,0.6945512395598569
31,0,5,0,0,2,7,0,1,0.31601239197564845,0.3161887382765409,0.9636913767019667,0.5061728395061729,0.9303928325292902,0.7394935701975341
33,0,2,0,0,2,1,0,0,0.0475238568751463,0.0472201060207263,0.9321230458900656,0.07818930041152264,0.8689409602572938,0.6685668832029696
45,0,1,0,0,1,1,1,1,0.21713884231021194,0.21656951943212435,0.9520927887039838,0.34705075445816186,0.9047783138065701,0.7097971629325203
24,0,2,0,0,3,2,1,0,0.3862127606171699,0.3856707210606933,0.9719616742309631,0.6172839506172839,0.9143119687571789,0.7208007424101817
47,0,3,0,0,1,0,0,1,0.2901912968609059,0.2930202983769101,0.9606656580937972,0.4718792866941015,0.9665747760165403,0.7824473021344293
27,0,3,0,0,2,2,1,0,0.23446714303098953,0.23691084461063164,0.9541099344427635,0.37585733882030176,0.8939811624167241,0.6978655707278272
28,0,2,0,0,3,0,1,1,0.020131423525972955,0.02170589389429117,0.9287947554210791,0.03155006858710562,0.8652653342522398,0.6645896858014053
26,0,3,0,0,4,2,1,0,0.1510067812309942,0.15046788229043007,0.9442259203227433,0.3868312757201646,0.8828394210889042,0.684475672809227
21,0,9,0,0,9,0,1,0,0.19579717599289154,0.1958965100324542,0.9495713565305093,0.31412894375857336,0.888812313347117,0.6915020548853241
62,0,1,0,0,1,0,1,0,0.23690952793300887,0.2378911142476693,0.9544125063035804,0.37997256515775035,0.8943257523546979,0.697998143974546
33,0,8,0,0,2,7,1,1,0.490038555812491,0.49038756058395694,0.9841654059505799,0.7846364883401921,0.970824718584884,0.786159353042556
32,0,3,0,0,3,0,1,0,0.31618769577854916,0.31592680649402854,0.9636913767019667,0.5061728395061729,0.9048931771192281,0.7100623094259578
44,0,8,0,0,6,9,1,0,0.16137597485366215,0.18232509566073565,0.9455370650529501,0.2962962962962963,0.9278658396508155,0.737504971496752
30,0,5,1,1,3,7,1,1,0.6103619276172177,0.61033833866938,0.9982854261220373,0.9766803840877915,0.9550884447507466,0.7679968182420788
36,0,5,0,0,4,1,0,1,0.30117642249561244,0.3057315253970159,0.961976802824004,0.4828532235939643,0.9029405008040432,0.7084714304653321
58,0,1,0,0,1,0,1,0,0.1247444322122759,0.12464473670262548,0.9412002017145739,0.20027434842249658,0.8792786583965082,0.6804984754076627
46,0,1,0,0,1,0,1,0,0.2127898063306632,0.21230039399845288,0.95148764498235,0.3401920438957476,0.8911095796002757,0.6940209465729815
27,0,5,0,2,8,1,1,0,0.10577034550302841,0.11870873562314664,0.9389813414019162,0.1700960219478738,0.8767516655180335,0.679570462680631
31,0,10,0,2,7,11,1,1,0.5178278286638175,0.5167661823645866,0.9872919818456883,0.8271604938271605,0.9751895244658856,0.7911971364178709
48,0,4,0,0,1,10,1,0,0.23439057983249872,0.38394451461249013,0.9541099344427635,0.37448559670781895,0.8939811624167241,0.720535595916744
46,0,1,0,0,1,0,0,1,0.29008999388716006,0.29110938357670735,0.9605648008068582,0.46364883401920437,0.90144727773949,0.7062176852711123
50,0,8,0,0,6,18,1,1,0.2317742219705671,0.44468501965491786,0.9538073625819465,0.3717421124828532,0.9230415805191822,0.7308763091608114
47,0,7,0,0,2,15,1,0,0.10474718546819568,0.1557059715250497,0.9388804841149773,0.2496570644718793,0.8766368022053757,0.68527111228954
20,0,4,0,0,6,0,0,0,0.2798744033813502,0.2792630728871059,0.9594553706505295,0.44718792866941015,0.9000689179875948,0.7043616598170489
46,0,1,0,0,1,0,1,0,0.3118533785251858,0.3116058411194828,0.9631870902672718,0.4993141289437586,0.9043188605559385,0.7093994431923638
30,0,2,0,0,2,2,1,0,0.016434510542416743,0.03119902097420363,0.9284921835602622,0.027434842249657063,0.8737652193889272,0.6741349595651598
32,0,10,0,0,7,16,1,1,0.5281153343493227,0.5282343933091148,0.9886031265758951,0.8449931412894376,0.9334941419710544,0.7429404746122232
30,0,1,0,0,2,0,1,0,0.3655788544780895,0.3659865252515203,0.9694402420574887,0.5857338820301783,0.9115552492533885,0.7177515577356489
28,0,3,0,0,4,2,1,1,0.2368485475154795,0.2371217809127861,0.9543116490166415,0.3786008230452675,0.8943257523546979,0.6978655707278272
24,0,4,0,0,6,1,1,1,0.19226510876994643,0.19241293157557982,0.9490670700958144,0.30727023319615915,0.8883528600964852,0.6909717618984489
30,0,9,0,0,7,1,1,0,0.22777938885922136,0.22686162537845864,0.9532022188603126,0.3635116598079561,0.8930622559154606,0.6962746917672014
24,0,9,0,0,5,11,1,1,0.2275823943019421,0.27069695482272343,0.9533030761472516,0.36488340192043894,0.8930622559154606,0.7030359273498608
24,0,6,1,2,7,2,1,0,0.4832646643180466,0.48282188979553814,0.8870398386283409,0.0027434842249657062,0.9272915230875258,0.7357815192894074
27,1,8,0,0,5,6,1,1,0.002579253164881187,0.0018932705428258763,0.9268784669692385,0.00411522633744856,0.8629680679990811,0.6615405011268726
44,0,1,0,0,1,0,1,0,0.06692092322643893,0.06791940297952892,0.9344427634896622,0.1083676268861454,0.8715828164484264,0.6717486411242212
50,0,1,0,0,1,2,1,1,0.5330535365061803,0.5330425627274461,0.989208270297529,0.8532235939643347,0.9858718125430738,0.8035264483627204
41,0,1,0,0,1,0,0,0,0.2783323337610007,0.2784015542683262,0.9592536560766516,0.4458161865569273,0.8998391913622789,0.7042290865703301
21,0,7,0,0,7,1,1,0,0.06797252754723324,0.06879884403091445,0.9345436207766011,0.10973936899862825,0.8949000689179876,0.7033010738432984
49,0,3,0,0,2,7,1,1,0.07906120071177059,0.08160621039709921,0.9359556227937469,0.12757201646090535,0.9309671490925798,0.7401564364311282
30,0,10,0,0,7,9,1,1,0.5769041078266469,0.7445783225654186,0.994452849218356,0.9231824417009602,0.9736963014013325,0.7897388307039639
28,0,2,0,1,2,1,0,0,0.11416191637656027,0.11353744818278505,0.9399899142713061,0.18244170096021947,0.8779002986446129,0.6787750232003181
50,0,1,0,0,1,4,1,1,0.6222477260735014,0.6223418581026369,0.999697428139183,0.9958847736625515,0.9458993797381117,0.7573909585045738
29,0,8,2,0,5,12,1,1,0.10563218612383449,0.11531213659945626,0.9388804841149773,0.16872427983539096,0.8767516655180335,0.6790401696937558
56,0,1,0,0,2,0,1,0,0.10242187502250143,0.10672408243130793,0.9385779122541603,0.1646090534979424,0.8762922122674018,0.6777144372265677
30,0,7,0,0,8,1,1,0,0.05147856606355743,0.1108436489401191,0.9325264750378215,0.0823045267489712,0.9116701125660464,0.7181492774758054
41,0,2,0,0,1,2,1,0,0.2791679442511064,0.27929463584075814,0.9593545133635906,0.44718792866941015,0.8999540546749368,0.7043616598170489
34,0,5,0,0,4,13,1,0,0.11673419751324837,0.14444642180669665,0.940191628845184,0.3100137174211248,0.8782448885825868,0.6835476600821954
25,0,10,0,0,9,3,1,0,0.30391494975754874,0.3041484202344304,0.9622793746848209,0.4869684499314129,0.9565816678152997,0.7778072384992708
25,0,8,0,0,8,1,1,1,0.0688176922981961,0.06900382937013608,0.9346444780635401,0.1111111111111111,0.8718125430737422,0.67188121437094
33,0,9,0,0,6,10,1,1,0.3424230505342634,0.3436442161076194,0.9668179525970751,0.5473251028806584,0.9084539398116241,0.7143046533209598
20,0,4,0,0,6,0,0,0,0.34011431603593995,0.34018899165443517,0.9665153807362582,0.5445816186556928,0.9081093498736503,0.7137743603340846
57,0,1,0,0,1,1,1,0,0.11703787800621168,0.11685966513722945,0.940292486132123,0.2222222222222222,0.8782448885825868,0.6793053161871935
39,0,1,0,0,1,1,1,0,0.3329221723715585,0.33308230005889666,0.9657085224407463,0.5377229080932785,0.9318860555938433,0.7420124618851915
22,0,5,0,0,5,1,0,0,0.14598633496378483,0.15653808304820124,0.9437216338880484,0.2716049382716049,0.9122444291293361,0.7410844491581599
28,0,10,0,0,10,5,1,0,0.21633073259797903,0.21655580936727067,0.9519919314170449,0.34705075445816186,0.8915690328509074,0.6946838128065757
25,0,4,0,0,4,1,0,1,0.17765963335017446,0.1777123443407172,0.9474533535047908,0.28669410150891633,0.8916838961635654,0.6948163860532944
36,0,2,0,0,1,1,1,0,0.3475917070247286,0.3470263996935542,0.967423096318709,0.5555555555555556,0.9091431196875718,0.7148349463078351
20,0,10,0,0,10,2,1,1,0.5552915255762051,0.7196857625318015,0.9875945537065053,0.8751714677640604,0.9866758557316793,1.0
40,0,8,0,0,9,8,1,1,0.031966481110406925,0.03698225417886006,0.9303076147251639,0.08916323731138547,0.8849069607167471,0.6869945644968846
23,0,5,0,0,6,0,1,0,0.25845072138195213,0.2592740864405084,0.956933938477055,0.41426611796982166,0.8971973351711463,0.7013124751425163
55,0,2,0,0,3,1,1,0,0.10060718122280654,0.10328072016467099,0.9383761976802824,0.18381344307270234,0.8760624856420859,0.6771841442396924
47,0,1,0,0,1,0,0,0,0.07845236983955824,0.07833945959633457,0.9357539082198689,0.1262002743484225,0.8730760395129795,0.6733395200848469
26,0,7,0,0,9,3,1,1,0.23184868958793436,0.27149954996712117,0.9538073625819465,0.3717421124828532,0.9187916379508385,0.7580538247381678
37,0,1,0,0,1,1,1,0,0.3777450734700314,0.3788692969744003,0.9709531013615734,0.6049382716049383,0.9131633356305996,0.7197401564364311
22,0,4,0,0,6,1,1,1,0.3407895003559558,0.3411057677954729,0.9666162380231972,0.5459533607681756,0.9563519411899839,0.770648283176455
28,0,2,0,0,3,0,1,0,0.25000421847432336,0.25005308427828216,0.9559253656076652,0.40054869684499317,0.896048702044567,0.6998541694286093
33,0,4,0,0,2,2,0,0,0.2506914598345478,0.2516620597371568,0.9560262228946041,0.401920438957476,0.8961635653572249,0.7001193159220469
32,0,1,0,0,1,0,1,0,0.05068331785632459,0.05003215954016999,0.9325264750378215,0.08093278463648834,0.8694004135079255,0.6689646029431261
66,0,8,0,0,2,11,0,1,0.2972174724866337,0.30145801870348904,0.9614725163893091,0.47599451303155005,0.9587640707558006,0.7957046268063105
22,0,6,0,0,8,0,1,0,0.3202102382327136,0.3219870922918548,0.9641956631366616,0.5130315500685871,0.9054674936825178,0.7109903221529895
37,0,5,0,0,3,0,1,0,0.04156711290725918,0.1495825796895781,0.9314170448814927,0.06721536351165981,0.8681369170686882,0.6843430995625083
69,0,2,0,0,1,6,1,1,0.5648604852962656,0.5650583459130629,0.9929399899142713,0.9039780521262003,0.9710544452101999,0.7874850855097442
24,0,5,0,0,4,0,1,0,0.07485070151465127,0.10154867203666064,0.935350479072113,0.12071330589849108,0.8726165862623478,0.6769189977462549
33,0,4,0,0,4,2,1,0,0.2636177590111701,0.2637977322738076,0.8983358547655068,0.4224965706447188,0.987135308982311,0.8049847540766273
37,0,6,0,0,3,0,1,0,0.05003647850562938,0.05003199064806672,0.9324256177508825,0.08641975308641975,0.9029405008040432,0.7104600291661143
46,0,1,0,0,1,0,1,0,0.11194199081855395,0.11179910137280569,0.9396873424104891,0.17969821673525377,0.8775557087066391,0.6785098767068806
27,0,2,0,0,3,0,1,0,0.1838394722885765,0.18393245174238482,0.9481593545133636,0.2935528120713306,0.8872042269699059,0.6896460294312607
24,0,6,0,0,5,5,1,0,0.23456575452376624,0.23470517335090446,0.9541099344427635,0.37585733882030176,0.8939811624167241,0.6974678509876707
23,0,5,0,1,4,1,1,1,0.5493965565589748,0.5547849472508732,0.9911245587493697,0.879286694101509,0.9896623018607856,0.8082990852445976
38,0,1,0,0,1,1,1,0,0.3031307256974588,0.3059724152104268,0.962178517397882,0.48559670781893005,0.903170227429359,0.7084714304653321
34,0,2,0,0,1,0,1,0,0.18055665010770244,0.18148486738179756,0.9477559253656077,0.2908093278463649,0.8867447737192741,0.6892483096911043
29,0,4,0,0,4,4,1,1,0.2702860570529807,0.2765826260554279,0.9583459404942007,0.4334705075445816,0.8988054215483574,0.7039639400768924
38,0,1,0,0,1,1,1,1,0.3073630844872462,0.3133200860328426,0.9626828038325769,0.5020576131687243,0.9037445439926487,0.7096645896858014
25,0,4,0,0,3,0,0,0,0.08330397781719126,0.08267863551354461,0.9362581946545638,0.13305898491083676,0.8737652193889272,0.6740023863184409
31,0,8,0,0,8,14,0,0,0.02355745037140004,0.02427478252434463,0.929299041855774,0.038408779149519894,0.8666436940041351,0.6689646029431261
26,0,9,0,0,8,9,1,1,0.5852195226999157,0.6526243811110317,0.9952597075138678,0.9355281207133059,0.9608316103836435,0.7885456714834946
32,0,6,0,0,4,6,1,1,0.17113263309341115,0.20012602530049406,0.9061018658598083,0.19753086419753085,0.8854812772800368,0.6921649211189183
37,0,2,0,0,1,0,1,0,0.0764344245342057,0.07641716941623508,0.935451336359052,0.12345679012345678,0.9577303009418792,0.7711785761633302
33,0,1,0,0,2,0,1,0,0.2926519858198481,0.29296861739330954,0.9609682299546142,0.4691358024691358,0.9017918676774638,0.70648283176455
34,0,1,0,0,1,1,1,0,0.21476204611786098,0.21460293978164974,0.9517902168431669,0.3443072702331962,0.8913393062255915,0.694418666313138
26,0,10,0,0,8,5,1,1,0.5725193178563643,0.5745490091552335,0.9938477054967222,0.9163237311385459,0.9392373076039513,0.7499668566883203
28,0,4,0,0,4,5,1,0,0.18706071815207564,0.18662950960916092,0.9484619263741806,0.299039780521262,0.8876636802205375,0.6900437491714172
22,0,7,0,0,6,1,0,0,0.2165631931277334,0.21633797829337092,0.9519919314170449,0.34705075445816186,0.9360211348495291,0.7612355826594194
31,0,8,0,0,8,4,1,1,0.010368438816196887,0.034560460635925064,0.9277861825516893,0.01646090534979424,0.8713530898231105,0.6712183481373459
22,0,9,0,0,9,4,1,1,0.0291978807695979,0.2517043721764407,0.9300050428643469,0.04801097393689986,0.9486560992419021,0.7866896460294313
29,0,10,1,0,7,16,1,0,0.08506263716807497,0.09884554398899642,0.9365607665153808,0.13717421124828533,0.9646220997013554,1.0
28,0,2,0,0,3,1,1,1,0.06302295363498955,0.062004056410797016,0.9338376197680283,0.10013717421124829,0.9246496668963933,0.7327323346148747
23,0,9,0,0,7,2,1,1,0.0018650572683090998,0.006170830646831223,0.9267776096822995,0.00411522633744856,0.8628532046864231,0.6622033673604667
53,0,1,0,0,1,1,0,0,0.30390587221656795,0.3038804778800075,0.9622793746848209,0.4869684499314129,0.903285090742017,0.7082062839718944
22,0,5,0,0,5,2,0,0,0.2267663889167555,0.22663312429756408,0.9532022188603126,0.39231824417009603,0.9276361130254996,0.7365769587697203
60,0,8,0,0,5,19,1,1,0.38708759124877773,0.41984549174172753,0.9720625315179021,0.6186556927297668,0.9144268320698369,0.7261036722789341
54,0,6,0,0,2,3,1,0,0.18306599428903492,0.23898467074668261,0.9421079172970247,0.38271604938271603,0.8870893636572479,0.6981307172212647
37,0,4,0,0,3,4,1,0,0.18914014045816216,0.18904796504934893,0.9487644982349975,0.30315500685871055,0.8878934068458534,0.6904414689115737
56,0,1,0,0,1,0,1,0,0.034528194956500356,0.03455573165703351,0.9306101865859808,0.05486968449931413,0.8672180105674248,0.6665782845021875
52,0,1,0,0,1,0,0,0,0.29040875064621613,0.2901611636999726,0.9606656580937972,0.4718792866941015,0.90144727773949,0.7060851120243935
33,0,1,0,0,1,1,0,0,0.3329872545663582,0.3324907405649494,0.9657085224407463,0.532235939643347,0.9071904433723869,0.7125812011136152
26,0,10,0,0,4,6,1,1,0.11071947249038791,0.11088074559386085,0.9395864851235501,0.17695473251028807,0.8774408453939812,0.6783773034601618
34,2,7,1,0,2,5,1,0,0.24065621841699783,0.24740259095786055,0.5974785678265254,0.02194787379972565,0.8947852056053297,0.6994564496884529
24,0,3,0,0,4,0,0,0,0.360700421075742,0.36081532722462517,0.9689359556227938,0.5775034293552812,0.9108660693774409,0.7169561182553361
29,1,8,0,1,7,9,1,1,0.07832034822877362,0.07911517109182356,0.9357539082198689,0.1262002743484225,0.8750287158281644,0.6858014052764152
23,0,7,0,0,7,2,1,1,0.03963729125740141,0.042208739532502086,0.9312153303076147,0.0644718792866941,0.8679071904433724,0.6677714437226567
61,0,3,0,0,4,12,1,0,0.030183052189275947,0.23706152617123719,0.9301059001512859,0.04938271604938271,0.8666436940041351,0.6978655707278272
37,0,2,0,0,1,3,1,0,0.10072636119191927,0.10062231871988449,0.9383761976802824,0.16186556927297668,0.8760624856420859,0.676786424499536
23,0,6,0,0,6,0,0,1,0.07829935269088159,0.0784809315698971,0.9357539082198689,0.1262002743484225,0.8838731909028257,0.6858014052764152
27,0,9,2,1,6,18,1,1,0.08409125089815762,0.08347699842053098,0.9363590519415028,0.13443072702331962,0.8869745003445899,0.7095320164390826
48,0,6,0,0,1,0,0,1,0.4611061682874199,0.46873838463187567,0.9807362581946546,0.7379972565157751,0.9243050769584195,0.7336603473419064
52,0,3,0,0,1,20,1,0,0.09384417483220776,0.11698119790777654,0.9375693393847705,0.15089163237311384,0.8872042269699059,0.6899111759246984
27,0,9,0,1,8,2,1,1,0.18139962989256492,0.21481196859652024,0.9478567826525467,0.2908093278463649,0.886859637031932,0.694418666313138
24,0,6,0,0,3,0,0,1,0.6085044879352677,0.6079918213303553,0.9980837115481593,0.9725651577503429,0.9670342292671721,0.7817844359008352
50,0,3,0,0,1,1,0,1,0.19161658103635545,0.19144860734005678,0.9490670700958144,0.30727023319615915,0.8882379967838272,0.6908391886517301
27,0,7,0,0,4,1,1,1,0.010585783353202123,0.011498204195103005,0.9277861825516893,0.01783264746227709,0.8845623707787733,0.7300808696804985
36,0,7,0,0,9,8,1,1,0.5012169913570984,0.5195838093234382,0.9703479576399395,0.5953360768175583,0.9297036526533425,0.7414821688983163
30,0,3,0,0,3,0,0,0,0.2652119897313347,0.26551715323339115,0.9577407967725668,0.42386831275720166,0.8981162416724099,0.702240487869548
29,0,8,0,0,3,13,1,1,0.10834928085465863,0.10852325026812366,0.9392839132627332,0.17421124828532236,0.8942108890420399,0.6983958637147024
27,0,1,0,0,2,0,1,0,0.23081390950611314,0.23091926809434737,0.9537065052950076,0.36899862825788754,0.8935217091660923,0.6969375580007955
23,0,8,0,1,5,4,1,1,0.2816311161260718,0.2904616028820305,0.9596570852244075,0.46502057613168724,0.9298185159660005,0.7392284237040965
26,0,1,0,0,2,0,1,1,0.24974888532216347,0.25089000425896213,0.9559253656076652,0.40054869684499317,0.9448656099241902,0.7585841177250431
28,0,4,0,1,5,2,1,1,0.22152176512764507,0.2216779194010919,0.9525970751386788,0.355281207133059,0.9253388467723409,0.7335277740951875
29,0,1,0,0,2,1,1,1,0.21970735934620889,0.2197555994165036,0.9523953605648008,0.35253772290809327,0.8920284861015392,0.6952141057934509
25,0,7,2,0,4,5,1,1,0.06881299462108025,0.06806810750904325,0.9346444780635401,0.11385459533607682,0.9449804732368482,0.7561977992841045
28,0,3,0,0,2,3,1,0,0.12035772543082342,0.16312529233857037,0.940695915279879,0.1934156378600823,0.8787043418332184,0.6864642715100093
19,0,4,0,0,7,1,1,1,0.4945835733195815,0.4944447661673431,0.9846696923852748,0.7914951989026063,0.9956351941189984,0.8147951743338194
23,0,10,0,1,9,2,1,1,0.011251284300727572,0.0792053892794585,0.9278870398386283,0.01783264746227709,0.8793935217091661,0.6834150868354766
35,0,9,1,0,6,12,1,0,0.34754714364794453,0.35571184499631164,0.967423096318709,0.5569272976680384,0.9091431196875718,0.7161606787750232
22,0,5,0,2,6,0,1,0,0.14712743350971869,0.14615000664789124,0.9437216338880484,0.23868312757201646,0.9020215943027797,0.707808564231738
24,0,4,0,0,4,3,1,1,0.3545160632301778,0.3554083856260541,0.9682299546142209,0.5679012345679012,0.9388927176659775,0.7568606655176985
25,0,7,1,0,6,3,1,0,0.0593349692174527,0.059553809515875855,0.9335350479072113,0.09602194787379972,0.8705490466345049,0.670422908657033
22,0,9,0,0,7,0,1,0,0.09696214132080665,0.09797178566014444,0.9379727685325264,0.15637860082304528,0.8756030323914542,0.6763887047593795
36,0,1,0,0,1,0,1,0,0.05408560802457006,0.05766104564935979,0.9329299041855774,0.0877914951989026,0.8698598667585573,0.6701577621635953
48,1,8,0,0,5,23,1,1,0.032835660625146014,0.34181860175439754,0.9304084720121029,0.053497942386831275,0.9084539398116241,0.7511600159087896
31,0,8,0,0,8,9,1,1,0.3098045854711613,0.3322647033217967,0.9629853756933938,0.49657064471879286,0.9140822421318631,0.7208007424101817
52,0,5,0,0,3,4,1,0,0.33037814681921424,0.33052960520109786,0.9654059505799294,0.5281207133058985,0.906845853434413,0.7123160546201777
56,0,2,0,0,3,1,1,0,0.06357124108289264,0.09287384706675,0.9340393343419062,0.10150891632373114,0.8711233631977946,0.6755932652790667
24,0,2,0,0,3,0,0,0,0.34409256326825083,0.3454510933722079,0.9670196671709531,0.551440329218107,0.9086836664369401,0.7145697998143975
28,0,2,0,0,3,1,1,0,0.19671457373680082,0.19684653804817695,0.9496722138174483,0.31550068587105623,0.8889271766597748,0.6916346281320429
33,4,10,0,0,7,12,1,1,0.044872619008921026,0.044912195429543236,0.9318204740292486,0.07270233196159122,0.948885825867218,1.0
20,0,4,0,0,7,0,1,1,0.2823178112447711,0.28263594753770166,0.9597579425113465,0.45267489711934156,0.919595681139444,0.7268991117592469
55,0,6,0,0,5,21,1,1,0.06691549060618021,0.13910106621684143,0.9343419062027232,0.10699588477366255,0.883184011026878,0.6945512395598569
33,0,5,0,0,2,5,1,1,0.2745856333453477,0.27407199526617293,0.9587493696419567,0.438957475994513,0.8993797381116472,0.703566220336736
60,0,8,0,0,1,9,1,0,0.35984042835028873,0.35996414082863376,0.9688350983358548,0.5761316872427984,0.9107512060647829,0.7168235450086172
21,0,8,0,0,7,0,0,1,0.09389769657000346,0.09462155248621644,0.9375693393847705,0.15089163237311384,0.9209740408913393,0.7286225639665915
31,0,2,0,0,2,3,1,1,0.42844954577087346,0.4292775593588931,0.9769036812909733,0.6858710562414266,0.9199402710774178,0.7275619779928411
46,0,8,0,0,3,5,1,1,0.032737108722353886,0.03178866304603724,0.9304084720121029,0.05212620027434842,0.8713530898231105,0.6801007556675063
46,0,7,0,0,3,26,1,1,0.4781073994462958,0.6208422353132147,0.9827534039334342,0.7654320987654321,0.9266023432115782,0.7571258120111362
39,0,10,0,0,10,21,1,0,0.11525359496196873,0.2810550379724586,0.940090771558245,0.48010973936899864,0.9697909487709625,0.7955720535595917
34,0,3,0,0,1,0,1,1,0.021531966933001124,0.029342439757105734,0.9290973272818961,0.03566529492455418,0.8654950608775557,0.6657828450218746
33,0,3,0,0,3,3,1,0,0.07560050242699579,0.07492617005890927,0.935451336359052,0.12071330589849108,0.8727314495750057,0.6728092270979716
52,0,2,0,0,2,7,1,0,0.09303884598592081,0.09295632602212334,0.9374684820978316,0.149519890260631,0.8750287158281644,0.6755932652790667
27,0,7,4,4,3,9,1,1,0.558719667866084,0.5588930589011508,0.9922339889056985,0.8943758573388203,0.9442912933609006,0.7563303725308232
29,0,2,0,0,3,0,1,0,0.0971176016588501,0.09734695442185307,0.9379727685325264,0.15637860082304528,0.9301631059039742,0.7390958504573777
31,0,6,3,4,4,15,1,1,0.44204324284286295,0.5194678897316174,0.978517397881997,0.7078189300411523,0.9514128187456926,0.763621901100358
26,0,8,0,0,5,11,1,1,0.632820598263383,0.8395440175491214,0.9793242561775088,0.9231824417009602,0.9472777394900069,0.7909319899244333
25,0,10,1,1,6,10,1,1,0.5854062081898668,0.5915624644612517,0.9953605648008068,0.9410150891632373,0.9570411210659315,0.7702505634362986
21,0,4,0,0,6,2,0,1,0.2773011489415811,0.2991028381930496,0.9275844679778114,0.1083676268861454,0.899724328049621,0.7074108444915816
24,0,2,0,1,3,1,1,1,0.4987965157060677,0.49875638286723134,0.9851739788199697,0.7983539094650206,0.9626694233861705,0.7775420920058332
24,0,8,0,0,7,0,1,0,0.026898472103857478,0.026627598545338277,0.92970247100353,0.04663923182441701,0.8661842407535033,0.6653851252817181
38,0,1,0,0,1,2,1,0,0.24035430576024303,0.24325539568792034,0.9548159354513364,0.4718792866941015,0.9117849758787043,0.7235847805912767
32,0,9,0,0,3,5,1,1,0.2944935547025779,0.3410448474203405,0.9611699445284921,0.47050754458161864,0.9020215943027797,0.7139069335808034
30,0,5,0,0,3,6,1,1,0.0020889964302719067,0.0017289981353218967,0.9267776096822995,0.00411522633744856,0.9642775097633816,0.7784701047328649
31,0,5,1,3,3,10,1,1,0.01482220419360345,0.014886835485450894,0.9282904689863842,0.024691358024691357,0.8645761543762922,0.6635290998276547
23,0,4,0,0,5,0,0,1,0.1162510319868013,0.11614428786192621,0.940191628845184,0.18655692729766804,0.8781300252699288,0.6791727429404746
46,0,5,0,0,2,9,1,0,0.2737534294160258,0.27655624908282894,0.9586485123550177,0.4375857338820302,0.8992648747989892,0.7039639400768924
37,0,3,0,0,1,0,0,0,0.2660584753936219,0.2655156332044617,0.9578416540595058,0.42661179698216734,0.8982311049850678,0.702240487869548
24,0,4,0,0,4,2,1,1,0.3891047618843311,0.38886211617891075,0.9722642460917801,0.6227709190672154,0.9486560992419021,0.7605727164258252
31,0,8,0,1,5,2,0,1,0.4180277937818268,0.4182770702572969,0.9756933938477055,0.6694101508916324,0.9293590627153687,0.7548720668169163
30,0,1,1,1,1,3,1,0,0.06975794280118275,0.06974943833192462,0.9347453353504791,0.11248285322359397,0.8719274063864002,0.6720137876176587
23,0,3,0,0,4,1,0,0,0.07979219105232348,0.0793375920570004,0.9358547655068079,0.12757201646090535,0.9679531357684356,0.784038181095055
39,0,6,0,0,1,19,1,1,0.3203834365228267,0.32041547179229163,0.9641956631366616,0.5130315500685871,0.9056972203078337,0.7108577489062707
45,0,9,0,0,2,0,0,1,0.0524459498728454,0.05243728243902928,0.9327281896116995,0.0850480109739369,0.8805421548357455,0.7245127933183083
52,0,1,0,0,1,0,1,0,0.2715614019024559,0.27149459248714874,0.9584467977811397,0.4348422496570645,0.8989202848610154,0.7031685005965796
22,0,8,0,0,9,0,0,1,0.1254432836878247,0.125393683767161,0.9413010590015128,0.20164609053497942,0.9565816678152997,0.784038181095055
58,0,1,0,0,1,1,1,0,0.022540090428397466,0.030359299371575332,0.9291981845688351,0.05075445816186557,0.8656099241902137,0.6659154182685934
41,0,2,0,0,2,2,1,0,0.3159411720124395,0.31528503637126215,0.9636913767019667,0.5692729766803841,0.9048931771192281,0.709929736179239
32,0,2,0,0,1,0,1,0,0.2173632283970589,0.21739273928278022,0.9520927887039838,0.3484224965706447,0.8916838961635654,0.6948163860532944
24,0,3,0,0,4,1,1,0,0.007977490002513804,0.007730598894676689,0.9274836106908724,0.013717421124828532,0.8636572478750287,0.6624685138539043
29,0,2,0,0,3,4,1,1,0.10481758110328493,0.10671232952788627,0.9388804841149773,0.16872427983539096,0.9494601424305077,0.7617658756462946
22,0,8,0,0,6,0,0,0,0.28937948263796637,0.2895611894053507,0.9605648008068582,0.46364883401920437,0.9013324144268321,0.7059525387776747
35,0,4,0,0,3,7,1,1,0.16321505088870467,0.2276636144982505,0.9457387796268281,0.3786008230452675,0.8844475074661153,0.6964072650139201
52,0,1,0,0,1,0,1,0,0.038822090337006294,0.038841458190973434,0.9311144730206757,0.06310013717421124,0.8677923271307144,0.6672411507357815
53,0,2,0,0,1,3,1,1,0.5855473371366243,0.5871717267783964,0.9953605648008068,0.9382716049382716,0.9409602572938204,0.7519554553891025
23,0,7,0,1,5,2,1,0,0.09786261550910191,0.12734976230274409,0.9380736258194654,0.15775034293552812,0.8757178957041121,0.6808961951478192
29,0,1,0,0,2,1,1,0,0.007801212896531993,0.007080364297087608,0.9274836106908724,0.012345679012345678,0.8636572478750287,0.6623359406071855
55,0,4,0,0,1,6,0,0,0.8660147800442796,0.8971367711797825,0.908018154311649,0.010973936899862825,0.9785205605329658,0.7998143974545937
45,0,6,0,0,4,1,0,0,0.32010219165904885,0.3204544958029766,0.9641956631366616,0.5116598079561042,0.9054674936825178,0.710725175659552
22,0,10,0,0,6,3,1,1,0.3281776376645092,0.3365715811079638,0.9650025214321735,0.52400548696845,0.9321157822191593,0.7441336338326926
25,0,3,0,0,4,0,1,0,0.06617055620924113,0.06632058091650969,0.9343419062027232,0.10699588477366255,0.9931082012405238,0.8194352379689779
24,0,9,1,1,7,7,1,0,0.10918421599160599,0.10928836130042509,0.9393847705496722,0.1755829903978052,0.9155754651964163,0.7235847805912767
61,0,6,0,0,2,15,0,0,0.26974261625715484,0.2695601520104434,0.9582450832072618,0.4444444444444444,0.8986905582356995,0.702903354103142
28,0,2,0,0,2,0,0,0,0.06700990100504567,0.06696778539106951,0.9343419062027232,0.10699588477366255,0.8715828164484264,0.6716160678775023
20,0,8,0,0,7,0,0,1,0.5415728087166164,0.5511646059296686,0.9868885526979324,0.821673525377229,0.9351022283482656,0.7463873790269123
24,0,8,0,0,7,0,1,0,0.0824268231761857,0.08272173280436725,0.9361573373676249,0.13168724279835392,0.8736503560762693,0.6740023863184409
21,0,3,0,1,5,0,1,0,0.361535097989423,0.3614052474716877,0.9690368129097328,0.578875171467764,0.9109809326900988,0.7170886915020549
45,0,1,0,0,1,5,1,0,0.3914025914154807,0.3917108490892528,0.9258698940998488,0.3100137174211248,0.9150011486331265,0.7217287551372134
56,0,2,0,0,1,1,0,1,0.044973534647767224,0.04486850204894435,0.9318204740292486,0.10425240054869685,0.86859637031932,0.6681691634628132
50,0,6,0,0,3,1,1,1,0.028459759494226432,0.062108511209254647,0.929904185577408,0.04663923182441701,0.8664139673788191,0.6708206283971895
33,0,1,0,0,1,0,0,0,0.3795302305007145,0.37972251007563096,0.9711548159354514,0.607681755829904,0.9133930622559154,0.71987272968315
23,0,9,0,0,8,3,1,1,0.013165999889500306,0.05009779895936435,0.9280887544125063,0.02194787379972565,0.8764070755800597,0.6954792522868886
21,0,9,0,0,10,0,1,0,0.11327047007092529,0.11677262609506783,0.9398890569843671,0.18244170096021947,0.8806570181484034,0.684608246055946
28,0,2,0,0,2,0,0,0,0.011139632532997134,0.010502297136268478,0.9278870398386283,0.01783264746227709,0.8641167011256604,0.6628662335940607
42,0,1,0,0,1,0,1,0,0.1948587131894416,0.19427896081563123,0.9494704992435703,0.3113854595336077,0.888697450034459,0.6912369083918866
21,0,8,0,1,9,0,1,1,0.046401717875965455,0.04638750769092415,0.9319213313161876,0.07407407407407407,0.8688260969446359,0.6684343099562509
25,0,7,0,1,7,6,1,1,0.5468666935596267,0.5478876619937302,0.9908219868885527,0.8751714677640604,0.9700206753962785,0.7900039771974016
40,0,1,0,0,1,4,1,0,0.31838349732447424,0.3185306955287773,0.9638930912758447,0.5089163237311386,0.916034918447048,0.7233196340978391
33,0,9,0,0,3,0,1,1,0.1823058048560494,0.18210584390620252,0.9478567826525467,0.2908093278463649,0.892258212726855,0.6956118255336073
29,0,2,0,0,2,4,1,0,0.24124194823853048,0.2414687755408946,0.9549167927382753,0.3868312757201646,0.9136227888812314,0.7201378761765875
23,0,2,0,0,3,0,1,1,0.5964305241710832,0.5965794143237134,0.9966717095310136,0.9547325102880658,0.9585343441304848,0.7775420920058332
21,0,9,0,0,9,0,1,1,0.06816428811753561,0.06890436185613971,0.9345436207766011,0.1083676268861454,0.8761773489547439,0.6771841442396924
26,0,8,0,0,7,10,1,1,0.0774293488480228,0.07766959377544776,0.9356530509329299,0.12482853223593965,0.8819205145876408,0.687392284237041
23,0,5,0,1,5,1,1,0,0.0543264409471546,0.05430559668988963,0.9329299041855774,0.0877914951989026,0.8698598667585573,0.6696274691767201
30,0,1,0,0,2,0,1,0,0.34418842369007385,0.3436251312999499,0.9670196671709531,0.5500685871056241,0.9086836664369401,0.7143046533209598
33,0,9,2,2,6,16,1,1,0.009640517359848652,0.014149104843538405,0.9276853252647503,0.01646090534979424,0.8818056512749828,0.6835476600821954
30,0,2,0,0,2,3,1,1,0.11620154250462723,0.12033667667173552,0.940191628845184,0.18655692729766804,0.8781300252699288,0.6798356091740687
28,0,4,0,0,4,1,0,0,0.34926702978221025,0.3496285103938038,0.967624810892587,0.5596707818930041,0.9093728463128876,0.7152326660479915
26,0,10,0,0,9,7,1,1,0.2226195020281501,0.22427089999293534,0.9526979324256177,0.35665294924554186,0.892373076039513,0.6958769720270449
29,1,6,2,0,8,6,1,1,0.1814366352729744,0.18137394500926765,0.9478567826525467,0.289437585733882,0.886859637031932,0.6892483096911043
34,0,1,0,0,2,0,1,0,0.3752339515208263,0.3754583818612504,0.9706505295007565,0.6035665294924554,0.9128187456926258,0.7192098634495558
25,0,6,0,0,6,2,1,0,0.1193424710006085,0.17368525122586112,0.94059505799294,0.19204389574759945,0.8785894785205606,0.688055150470635
52,0,1,0,0,1,1,1,0,0.024253232962744214,0.02404884462948793,0.929399899142713,0.039780521262002745,0.8753733057661383,0.6766538512528172
34,0,2,0,0,2,3,1,0,0.16913254492009733,0.17283495896453405,0.9464447806354009,0.2784636488340192,0.9019067309901218,0.7068805515047063
40,0,10,0,0,9,13,0,1,0.7237571791158041,0.8158267776621595,0.9223398890569844,0.12482853223593965,0.9910406616126809,0.812939148879756
49,2,3,0,0,2,13,1,0,0.025994958826349827,0.025773898637456997,0.929601613716591,0.04252400548696845,0.8660693774408454,0.6652525520349993
21,0,4,0,0,7,0,1,0,0.08242417142187294,0.08250358381592017,0.9361573373676249,0.13168724279835392,0.8736503560762693,0.6740023863184409
29,0,1,0,0,2,0,1,0,0.01631256957068624,0.01584414573127345,0.9283913262733232,0.02606310013717421,0.864805881001608,0.6636616730743736
31,1,8,1,1,5,12,1,1,0.06895333896637457,0.10249303719950903,0.9346444780635401,0.1111111111111111,0.8779002986446129,0.6815590613814132
27,0,2,0,0,4,0,1,0,0.03120477213281523,0.03194644800980973,0.9302067574382249,0.05075445816186557,0.866758557316793,0.666180564762031
40,0,1,0,0,1,3,1,0,0.0927740777528728,0.09301287507222994,0.9374684820978316,0.149519890260631,0.8750287158281644,0.6755932652790667
22,0,7,0,1,7,1,1,1,0.06732287753559978,0.06705323486049447,0.9343419062027232,0.10699588477366255,0.8715828164484264,0.6716160678775023
30,0,2,0,0,2,1,1,0,0.24736423318351516,0.31845378007798225,0.9556227937468482,0.39643347050754457,0.8957041121065932,0.7104600291661143
35,0,3,0,0,2,0,0,1,0.5329786021006006,0.5321933831670347,0.989208270297529,0.8518518518518519,0.9509533654950609,0.7630916081134826
33,0,7,0,0,4,0,1,1,0.3632537426656771,0.38310065018591694,0.9692385274836107,0.5816186556927297,0.9112106593154147,0.7204030226700252
44,0,1,0,0,1,0,1,0,0.09185664028230715,0.09120634552667756,0.9373676248108926,0.14814814814814814,0.8749138525155066,0.675328118785629
31,0,2,0,0,2,2,1,0,0.10307462371333181,0.10415916773309611,0.9386787695410993,0.16598079561042525,0.9274063864001838,0.7359140925361262
22,0,9,0,0,10,1,1,1,0.04551716414521082,0.1333562211937753,0.9318204740292486,0.07270233196159122,0.8882379967838272,0.6966724115073578
30,0,3,0,0,2,0,0,0,0.3389514572139789,0.33820560227227037,0.9663136661623802,0.541838134430727,0.9079944865609925,0.7135092138406469
31,0,8,0,0,3,4,1,1,0.2918479977482137,0.3118586328587594,0.9608673726676752,0.46776406035665297,0.9071904433723869,0.7158955322815855
26,0,1,0,0,2,1,1,1,0.5503218996341582,0.5502212640542694,0.9912254160363086,0.8806584362139918,0.9362508614748449,0.7462548057801935
45,0,4,0,0,1,6,1,0,0.32439196539895626,0.3248172669404964,0.9645990922844175,0.5185185185185185,0.9060418102458075,0.711388041893146
35,0,6,0,0,7,5,1,1,0.21232801374534366,0.2129289309281866,0.95148764498235,0.3401920438957476,0.8909947162876177,0.6941535198197004
26,0,8,0,2,8,6,1,0,0.15376236116017766,0.1633704143893926,0.8979324256177509,0.13443072702331962,0.883184011026878,0.6864642715100093
47,0,1,0,0,1,1,1,0,0.3322701983505274,0.3325418552632626,0.9656076651538074,0.532235939643347,0.9070755800597289,0.7125812011136152
50,0,1,0,0,1,0,1,0,0.2671630949373432,0.2669758345900148,0.9579425113464448,0.4279835390946502,0.9019067309901218,0.7066154050112687
45,0,5,0,0,4,0,1,1,0.2131210571231479,0.21328995270117038,0.9515885022692889,0.3443072702331962,0.9082242131863083,0.7246453665650272
27,0,2,0,0,2,0,0,1,0.2944319585218748,0.29355689839348736,0.9611699445284921,0.47050754458161864,0.9122444291293361,0.7185469972159618
32,0,3,0,0,3,1,0,1,0.1616060021257138,0.16256339824582106,0.9455370650529501,0.3676268861454047,0.8842177808407995,0.6863316982632904
24,0,4,2,0,4,3,1,1,0.08085819628605223,0.08099644036048767,0.9360564800806859,0.13031550068587106,0.8788192051458764,0.6799681824207875
27,0,1,0,0,2,0,1,0,0.2721412621105098,0.2721673692131095,0.9585476550680787,0.43621399176954734,0.9253388467723409,0.7410844491581599
25,0,2,0,0,3,1,1,0,0.30121834404974784,0.30068649970609296,0.961976802824004,0.48148148148148145,0.9029405008040432,0.7076759909850192
32,0,3,0,0,4,0,1,0,0.11094841721105346,0.11167240249086445,0.9395864851235501,0.17832647462277093,0.8774408453939812,0.6785098767068806
31,0,2,0,0,2,0,1,0,0.29368810667632184,0.30072854390497755,0.9610690872415532,0.47050754458161864,0.9019067309901218,0.7076759909850192
50,0,2,0,0,1,7,1,0,0.029389532091595248,0.02919289076707505,0.9300050428643469,0.04801097393689986,0.8665288306914771,0.6657828450218746
20,0,4,0,0,7,0,1,1,0.19432366464977413,0.20370585238657307,0.9493696419566313,0.3113854595336077,0.888582586721801,0.6926952141057935
26,0,9,0,0,6,5,0,1,0.5631657064088263,0.568367121043053,0.9927382753403934,0.9012345679012346,0.937973811164714,0.7490388439612886
36,2,10,0,0,8,5,1,0,0.18121834722788038,0.18210569488375847,0.9478567826525467,0.3772290809327846,0.9527911784975879,0.7809889964205223
33,0,2,0,0,1,0,1,0,0.12555696151503007,0.12531840756325066,0.9413010590015128,0.20164609053497942,0.8793935217091661,0.6806310486543815
24,0,3,0,0,4,0,1,0,0.3734887694381164,0.373399547383072,0.9704488149268785,0.598079561042524,0.9125890190673099,0.7189447169561183
31,0,7,0,0,3,6,1,0,0.20255988443356754,0.2105651369204804,0.9503782148260211,0.32510288065843623,0.9816218699747301,1.0
28,0,3,0,0,3,0,0,0,0.2508643899697304,0.2509585446484009,0.9560262228946041,0.401920438957476,0.8961635653572249,0.6999867426753281
22,0,4,0,0,5,0,0,0,0.1461985646937823,0.15049715029844377,0.9437216338880484,0.24279835390946503,0.8821502412129566,0.684475672809227
28,0,1,0,0,3,0,1,0,0.34002223957813626,0.3401504345807416,0.9665153807362582,0.5445816186556928,0.9081093498736503,0.7137743603340846
32,0,5,0,0,7,5,1,1,0.427534164154775,0.482671297648399,0.9768028240040343,0.6844993141289437,0.91982540776476,0.7357815192894074
25,0,7,0,0,5,0,0,0,0.19920437240319883,0.2028431813275593,0.9499747856782652,0.3196159122085048,0.8892717665977486,0.6925626408590746
46,0,7,0,0,4,0,1,0,0.2706887661686126,0.2704318140902489,0.9582450832072618,0.43209876543209874,0.8988054215483574,0.7030359273498608
41,0,1,0,0,1,0,1,0,0.09475200838359575,0.09464530666379987,0.9376701966717095,0.1522633744855967,0.8752584424534804,0.6758584117725043
26,0,9,0,0,3,2,1,1,0.5373693113426824,0.5375457527465904,0.9897125567322239,0.8600823045267489,0.9440615667355846,0.7552697865570728
30,0,4,0,0,3,3,1,0,0.07236767624316452,0.07210897029773065,0.935047907211296,0.11659807956104253,0.872271996324374,0.6724115073578152
22,0,3,0,2,5,0,1,1,0.3734799302570739,0.3839630927438498,0.9704488149268785,0.598079561042524,0.9472777394900069,0.7922577223916214
29,0,7,0,0,3,0,0,0,0.05669146811755567,0.056061587757245894,0.9332324760463944,0.09465020576131687,0.8702044566965311,0.6698926156701578
22,0,6,0,0,5,3,1,0,0.09790895665375858,0.20701610780617413,0.9380736258194654,0.15775034293552812,0.9770273374684126,0.7984886649874056
36,0,1,0,0,1,0,1,0,0.05265686862318264,0.052623848604164886,0.9327281896116995,0.0850480109739369,0.8696301401332415,0.6693623226832826
24,0,5,0,0,4,3,1,1,0.35202609572549026,0.38485483311428526,0.967927382753404,0.5637860082304527,0.9097174362508614,0.7206681691634628
49,0,5,0,0,4,3,1,0,0.24665390070427515,0.24909148218607063,0.9554210791729703,0.3936899862825789,0.9747300712152539,0.7911971364178709
51,0,7,0,0,5,5,1,0,0.045001492282188256,0.048233697076256146,0.8790721129601614,0.07133058984910837,0.86859637031932,0.6686994564496884
23,0,4,0,0,6,1,1,0,0.032149323046354025,0.033591983641627486,0.9302067574382249,0.05075445816186557,0.8668734206294509,0.6664457112554687
48,0,6,0,0,1,2,1,0,0.0774229329930189,0.07766876918459062,0.9356530509329299,0.12345679012345678,0.8729611762003217,0.6732069468381281
44,0,1,0,0,1,0,0,0,0.04460234863396565,0.044885242236827286,0.9318204740292486,0.07270233196159122,0.86859637031932,0.6681691634628132
28,0,5,0,0,4,9,1,0,0.1943339439221101,0.19495834420327876,0.9493696419566313,0.3113854595336077,0.888582586721801,0.6913694816386053
45,0,3,0,0,1,1,0,1,0.09781531099302826,0.09788044483676424,0.9380736258194654,0.15775034293552812,0.886859637031932,0.6962746917672014
36,0,2,0,0,1,7,1,1,0.36826778300954666,0.36919772048513877,0.9698436712052446,0.5898491083676269,0.9118998391913623,0.7182818507225242
48,0,2,0,0,1,3,1,1,0.24383024914940016,0.24399853087713747,0.9552193645990923,0.39094650205761317,0.8952446588559614,0.6989261567015776
66,0,2,0,0,1,5,1,1,0.10986496204351377,0.13074827874854805,0.9394856278366112,0.23045267489711935,0.8884677234091432,0.696539838260639
30,0,4,0,0,3,3,1,0,0.33387813476713984,0.39326307680142875,0.9262733232476046,0.22496570644718794,0.9073053066850448,0.7219939016306509
71,0,2,0,0,1,13,1,0,0.19599433938846036,0.19575407438042006,0.9495713565305093,0.31412894375857336,0.888812313347117,0.6915020548853241
53,0,5,0,0,1,0,0,0,0.3063712787159542,0.3068437196363666,0.9625819465456379,0.49108367626886146,0.9036296806799908,0.7086040037120509
49,0,1,0,0,1,0,0,0,0.06990377935672036,0.06890759067576105,0.9346444780635401,0.1111111111111111,0.8719274063864002,0.67188121437094
30,0,9,0,0,4,15,1,1,0.47131430011349607,0.487889477484492,0.9357539082198689,0.46502057613168724,0.9256834367103147,0.7365769587697203
20,0,3,0,0,6,0,1,1,0.3082251429988308,0.3084084254945253,0.9627836611195159,0.49382716049382713,0.9824259131633356,0.799549250961156
36,0,4,0,0,3,0,1,0,0.08680071811095856,0.326521805525333,0.9367624810892587,0.13991769547325103,0.8742246726395589,0.7116531883865835
27,0,10,0,1,10,13,1,1,0.22426832710583233,0.22430939745765127,0.9528996469994957,0.35939643347050754,0.9479669193659546,0.7628264616200451
21,0,6,0,0,6,0,1,0,0.1442644227700442,0.14444923336347462,0.9435199193141705,0.23319615912208505,0.8819205145876408,0.6835476600821954
29,0,8,0,0,4,5,1,0,0.045521146742512,0.04557959741268822,0.9319213313161876,0.07270233196159122,0.8906501263496439,0.700782182155641
34,0,9,0,0,5,12,1,1,0.5495692681975473,0.5591142181429679,0.9911245587493697,0.879286694101509,0.9569262577532736,0.7701179901895797
23,1,7,0,0,5,2,1,0,0.012135659261528535,0.026974294294032947,0.9279878971255673,0.0205761316872428,0.950838502182403,0.7762163595386451
55,0,1,0,0,1,0,0,0,0.19068665946402524,0.1908565908439478,0.9489662128088754,0.3058984910836763,0.9205145876407076,0.7280922709797163
48,0,1,0,0,1,0,0,0,0.0009041191090173044,0.00021740387622676643,0.9266767523953605,0.0013717421124828531,0.8627383413737653,0.661275354633435
24,0,3,0,0,4,5,1,1,0.3237385612182958,0.3238384775930698,0.9645990922844175,0.5185185185185185,0.9059269469331496,0.7112554686464272
28,0,1,0,0,2,0,1,0,0.2936930129183836,0.2945267165897815,0.9610690872415532,0.47050754458161864,0.9019067309901218,0.7067479782579875
45,0,6,0,0,2,2,1,0,0.026912187731969534,0.05077422176778987,0.8950075642965204,0.0438957475994513,0.8661842407535033,0.6690971761898449
25,0,9,0,0,10,7,0,1,0.2867759266910503,0.36770610516837754,0.9602622289460413,0.598079561042524,0.983574546289915,0.804454461089752
26,1,8,0,0,8,10,1,1,0.6052300083522315,0.606338973663949,0.9976802824004034,0.9684499314128944,0.9446358832988744,0.7913297096645897
28,1,6,1,1,3,4,1,1,0.3392056482247682,0.3393922481246742,0.9664145234493192,0.5432098765432098,0.9850677693544682,0.8025984356356887
26,0,9,0,0,7,4,1,0,0.01751775714501047,0.01746933483206199,0.9285930408472012,0.02880658436213992,0.8822651045256146,0.6851385390428212
58,0,1,0,0,1,0,1,0,0.23600545848231202,0.2354335950574779,0.9542107917297025,0.3772290809327846,0.8942108890420399,0.6976004242343895
38,0,2,0,0,2,4,1,0,0.22947332355521277,0.22942461271972725,0.9535047907211296,0.3676268861454047,0.899724328049621,0.7143046533209598
56,0,6,0,0,8,7,1,1,0.0790382387043882,0.244903116982251,0.9358547655068079,0.12757201646090535,0.8731909028256375,0.6990587299482964
40,0,8,1,1,7,24,1,1,0.3459258392114632,0.34614013341423067,0.9672213817448311,0.5541838134430727,0.9313117390305536,0.7405541561712846
52,0,1,0,0,1,0,0,0,0.07132305388222741,0.07065503778965779,0.9348461926374181,0.11385459533607682,0.872157133011716,0.6721463608643776
26,0,1,0,0,2,1,1,0,0.3303798649971023,0.3418506813191892,0.9654059505799294,0.5281207133058985,0.9292441994027107,0.7380352644836272
25,0,2,0,0,3,0,1,0,0.38460504269716744,0.3845728627804614,0.9717599596570852,0.6159122085048011,0.9140822421318631,0.7206681691634628
55,0,1,0,0,1,0,0,0,0.3295655777898037,0.3296280293493544,0.9653050932929904,0.5281207133058985,0.9067309901217551,0.7121834813734589
29,0,2,0,0,3,0,1,0,0.26797149266783477,0.2678612961481404,0.9580433686333838,0.42935528120713307,0.8984608316103836,0.7026382076097044
48,0,1,0,0,1,1,0,1,0.47212791196763637,0.4729671249832064,0.9820474029248614,0.7558299039780522,0.9360211348495291,0.7520880286358212
47,0,1,0,0,1,0,0,0,0.10049282804244289,0.09980996757281552,0.9383761976802824,0.16049382716049382,0.8760624856420859,0.6766538512528172
30,0,4,0,0,2,0,1,1,0.29097219381352474,0.2912307871944696,0.9607665153807362,0.4663923182441701,0.988973121984838,0.8071059260241283
29,0,7,0,0,2,0,1,1,0.36565430533020193,0.3650922713691951,0.9695410993444277,0.5843621399176955,0.9328049620951068,0.7458570860400371
37,0,1,0,0,2,0,1,0,0.3415841526633431,0.34102525593636124,0.9667170953101362,0.5459533607681756,0.9083390764989663,0.7139069335808034
58,0,1,0,0,1,1,1,0,0.16905309160735552,0.1684732905931003,0.946343923348462,0.3278463648834019,0.8852515506547208,0.6872597109903221
23,0,10,0,0,7,2,0,1,0.01067667794297876,0.010357765235187867,0.9277861825516893,0.01783264746227709,0.906960716747071,0.7123160546201777
21,0,4,0,0,5,1,1,0,0.10909813825891433,0.10913179832069389,0.9696419566313667,0.5871056241426612,0.8772111187686653,0.6781121569667241
47,0,1,0,0,1,0,1,0,0.22517581304897707,0.22516027587392498,0.9530005042864347,0.3607681755829904,0.8927176659774868,0.6960095452737638
24,0,1,0,0,1,0,1,1,0.5047241797614913,0.5296458146813117,0.9288956127080181,0.03155006858710562,0.9301631059039742,0.743073047858942
25,0,6,0,0,3,1,0,0,0.02185519294089892,0.020872669670223963,0.7824508320726172,0.17146776406035666,0.8654950608775557,0.6644571125546864
27,0,1,0,0,2,1,1,0,0.23518344444034928,0.23644117554109725,0.9542107917297025,0.3786008230452675,0.9159200551343901,0.7227893411109638
45,0,1,0,0,1,7,1,0,0.3365402279422185,0.3367417249997638,0.9661119515885023,0.5390946502057613,0.9554330346887204,0.769189977462548
27,0,5,0,0,2,1,1,0,0.19750782567955102,0.19852077540272098,0.9497730711043872,0.3168724279835391,0.9779462439696761,1.0
23,0,7,0,1,6,2,1,0,0.07811844742943257,0.08869778118198025,0.9357539082198689,0.12482853223593965,0.8730760395129795,0.6749303990454726
21,0,3,0,0,5,0,1,0,0.33931148996900434,0.3502224343771968,0.9664145234493192,0.5445816186556928,0.9079944865609925,0.7153652392947103
30,0,3,0,0,2,1,0,0,0.17193269815772894,0.20704680642965084,0.9467473524962179,0.3868312757201646,0.8855961405926946,0.6932255070926687
25,0,4,0,0,3,0,0,0,0.27495503165961255,0.274924771234901,0.9588502269288957,0.4403292181069959,0.9825407764759936,0.80021211719475
40,0,4,0,0,1,7,0,0,0.2129438166457491,0.2137541774840817,0.9515885022692889,0.38545953360768176,0.906845853434413,0.7125812011136152
32,0,1,0,0,1,1,1,0,0.12795973894064758,0.14029894836152754,0.9416036308623298,0.22496570644718794,0.8797381116471399,0.6828847938486013
32,0,1,0,0,1,1,1,1,0.3707792227720027,0.37090367975060873,0.9700453857791226,0.5925925925925926,0.9122444291293361,0.7185469972159618
34,0,9,0,0,7,27,1,1,0.3227007619105904,0.423319155238657,0.9644982349974786,0.5171467764060357,0.9246496668963933,0.7568606655176985
41,0,7,0,0,5,12,0,1,0.3331910821085332,0.34182731459996035,0.9657085224407463,0.5939643347050755,0.9566965311279577,0.7714437226567679
40,0,2,0,0,1,0,0,0,0.3014011065323822,0.3015903108944974,0.961976802824004,0.4828532235939643,0.9029405008040432,0.707808564231738
22,0,6,1,0,7,1,1,0,0.18793670085671826,0.1882350078776741,0.9486636409480586,0.3017832647462277,0.8877785435331955,0.6903088956648549
32,0,2,0,0,1,0,0,0,0.20435096073604994,0.20363744114991916,0.9504790721129601,0.32647462277091904,0.8899609464736963,0.6926952141057935
35,0,8,0,0,5,10,0,0,0.2534984957153957,0.27911605727862426,0.9563287947554211,0.45953360768175583,0.8965081552951987,0.7043616598170489
47,0,9,0,0,5,28,0,1,0.4156690434231324,0.5160239711145227,0.9753908219868885,0.6652949245541838,0.9375143579140822,0.7477131114941005
22,0,7,0,0,9,3,1,1,0.04218374013578432,0.042251608322243825,0.9315179021684317,0.11522633744855967,0.9067309901217551,0.7265013920190906
24,0,4,0,1,3,4,1,1,0.08764891201946971,0.08776232756128674,0.9368633383761977,0.1412894375857339,0.8816907879623248,0.683149940342039
35,0,2,0,0,3,4,1,0,0.22247631722692524,0.2483490722394146,0.9526979324256177,0.35665294924554186,0.892373076039513,0.6995890229351717
53,0,1,0,0,1,0,1,0,0.29895967507011584,0.29897235414102924,0.961674230963187,0.4787379972565158,0.9025959108660694,0.7074108444915816
46,0,3,0,0,1,2,1,0,0.02940145008850652,0.02918759550289606,0.9300050428643469,0.04801097393689986,0.9101768895014932,0.7174864112422114
27,0,3,0,0,3,0,0,0,0.03958939084148219,0.03976774196394235,0.9312153303076147,0.06310013717421124,0.8679071904433724,0.6673737239825003
29,0,2,0,0,2,0,1,0,0.18716118686603767,0.1871480282358587,0.9484619263741806,0.299039780521262,0.8876636802205375,0.690176322418136
44,0,8,1,0,5,11,0,1,0.5775028183331488,0.5899943807610276,0.994452849218356,0.9245541838134431,0.9495750057431657,0.7650802068142649
54,0,6,0,0,1,7,0,0,0.11182172829805512,0.1271961201629165,0.9396873424104891,0.17969821673525377,0.8775557087066391,0.6808961951478192
23,0,4,0,0,4,0,1,1,0.321816128726523,0.32191543236592035,0.9643973777105396,0.5171467764060357,0.9506087755570871,0.7626938883733263
37,0,1,0,0,1,0,1,1,0.31519425128268186,0.31503945731827815,0.9635905194150277,0.50480109739369,0.9632437399494601,0.7774095187591145
42,0,1,0,0,1,0,0,0,0.27637223046732423,0.27581414711589064,0.9590519415027736,0.44170096021947874,0.899609464736963,0.7038313668301737
22,0,10,1,2,9,2,1,1,0.12184905417932321,0.22765403732251216,0.9223398890569844,0.09876543209876543,0.8789340684585344,0.6964072650139201
19,0,3,0,0,5,0,0,1,0.5741055734502624,0.5745544137025382,0.9940494200706002,0.9190672153635117,0.9394670342292671,0.7499668566883203
24,0,3,0,0,4,1,1,1,0.2980061360005731,0.2981369740589379,0.9615733736762481,0.4773662551440329,0.9058120836204916,0.7111228953997083
65,0,1,0,0,1,1,0,1,0.3169206625202565,0.31713094758136523,0.9637922339889057,0.5075445816186557,0.9301631059039742,0.7390958504573777
47,0,5,0,0,1,3,1,0,0.08940431378453102,0.1427494535620184,0.9370650529500757,0.14266117969821673,0.8745692625775328,0.6832825135887578
21,0,4,0,0,6,0,1,0,0.11160563515072557,0.11439124743896237,0.9396873424104891,0.17969821673525377,0.974500344589938,0.795306907066154
54,0,7,0,0,3,22,1,1,0.6533923619802352,0.6532449503074229,0.9776096822995461,0.9300411522633745,0.9897771651734436,0.8190375182288214
28,0,3,0,0,2,3,1,1,0.32388576834347815,0.3227893099127276,0.9644982349974786,0.5171467764060357,0.9059269469331496,0.7111228953997083
28,0,6,0,0,7,0,1,1,0.21988312993732195,0.25091627194843535,0.9523953605648008,0.35253772290809327,0.9063864001837812,0.7209333156569004
29,0,7,0,0,5,1,0,1,0.5835537045449708,0.5942888201405303,0.9951588502269288,0.934156378600823,0.9670342292671721,0.7829775951213045
26,0,6,0,0,4,7,1,1,0.06542735985351829,0.08007476634845506,0.9342410489157842,0.1056241426611797,0.8713530898231105,0.6736046665782845
22,0,4,0,0,6,0,1,0,0.02577490294504728,0.026023233056031377,0.929601613716591,0.04252400548696845,0.9807029634734665,0.7975606522603739
66,0,1,0,0,1,3,1,0,0.017168539972182005,0.01656334791597427,0.9284921835602622,0.07681755829903979,0.8806570181484034,0.6820893543682884
39,0,1,0,0,1,4,0,1,0.5038743272650766,0.5041545917505804,0.9857791225416036,0.8079561042524005,0.9758787043418332,0.791860002651465
41,0,4,0,0,2,0,1,0,0.24063701057864248,0.2403820442698193,0.9548159354513364,0.38545953360768176,0.8947852056053297,0.6983958637147024
31,0,8,0,0,3,15,1,0,0.12394016605404687,0.12297603304817094,0.9409984871406959,0.19753086419753085,0.9245348035837354,0.7400238631844094
39,0,4,0,0,2,2,1,0,0.30502864684225073,0.3041324648980862,0.9622793746848209,0.4869684499314129,0.903399954054675,0.7082062839718944
22,0,7,0,0,5,1,1,1,0.05189442470244809,0.052516780945521375,0.9325264750378215,0.0823045267489712,0.8857110039053526,0.6877900039771974
59,0,1,0,0,1,0,1,0,0.0389858038879108,0.03952326567704438,0.9311144730206757,0.06721536351165981,0.8677923271307144,0.6673737239825003
23,0,2,0,0,4,0,1,0,0.34350698242167954,0.3436661720810445,0.9669188098840141,0.5500685871056241,0.9085688031242821,0.7143046533209598
26,0,2,0,0,3,0,1,0,0.11791143738481566,0.11801306904977796,0.940393343419062,0.18930041152263374,0.8783597518952446,0.6794378894339123
20,0,4,0,0,6,1,0,0,0.18572822650741083,0.2165171827497699,0.9482602118003026,0.3635116598079561,0.8874339535952217,0.6946838128065757
26,0,2,0,0,3,2,1,0,0.08942368052951183,0.08929654342739043,0.8995461422087746,0.1440329218106996,0.8745692625775328,0.6750629722921915
47,0,1,0,0,1,2,1,0,0.16664026333767615,0.16680818334696243,0.946142208774584,0.3004115226337449,0.8849069607167471,0.6869945644968846
31,0,4,0,0,5,0,1,0,0.04316587246625,0.109195838232322,0.9316187594553706,0.06995884773662552,0.8683666436940042,0.6781121569667241
30,0,3,0,0,2,4,1,0,0.36073098080615534,0.36509854024667526,0.9358547655068079,0.1289437585733882,0.9108660693774409,0.7176189844889301
29,0,1,0,0,2,0,1,0,0.08266096215717174,0.0826409527048562,0.9362581946545638,0.13305898491083676,0.8736503560762693,0.6740023863184409
52,0,1,0,0,1,0,0,0,0.32609282246482035,0.3274275242010214,0.9649016641452345,0.522633744855967,0.9062715368711234,0.7117857616333024
23,0,9,0,0,6,0,1,0,0.015644853862068115,0.0158546567809946,0.9283913262733232,0.02606310013717421,0.9915001148633127,1.0
51,0,1,0,0,1,0,1,0,0.20377518244193818,0.20282707696877103,0.9503782148260211,0.32647462277091904,0.8898460831610384,0.6925626408590746
56,0,1,0,0,1,0,1,0,0.3647736249484435,0.3650425872863449,0.9694402420574887,0.5843621399176955,0.9114403859407305,0.7176189844889301
53,0,1,0,0,1,0,1,0,0.009802125397965504,0.009862285478342028,0.9276853252647503,0.01646090534979424,0.8638869745003446,0.6627336603473419
26,0,3,0,0,3,2,1,0,0.10165982836833058,0.10072332613246948,0.9384770549672213,0.16186556927297668,0.8761773489547439,0.676786424499536
30,0,7,0,0,6,2,1,0,0.0242738709607289,0.024310140582905662,0.7412002017145739,0.039780521262002745,0.9050080404318861,0.7233196340978391
47,0,1,0,0,1,0,0,0,0.12384687793322388,0.12564044506486793,0.9410993444276349,0.19890260631001372,0.8791637950838502,0.6806310486543815
30,0,3,0,0,3,0,1,1,0.42255451716365855,0.4225600647130957,0.9761976802824004,0.6762688614540466,0.9191362278888123,0.7265013920190906
25,0,9,0,0,7,11,1,1,0.23374554804466838,0.25838701543998693,0.9540090771558245,0.37448559670781895,0.9131633356305996,0.7222590481240886
52,0,4,0,0,3,3,1,0,0.026071472366520198,0.03708197006359652,0.929601613716591,0.04252400548696845,0.9591086606937744,0.8181095055017897
55,0,1,0,0,1,0,1,0,0.04234562626049577,0.04225169773571027,0.9315179021684317,0.06858710562414266,0.8682517803813462,0.6677714437226567
47,0,5,0,0,3,1,1,0,0.27064678502449263,0.270381245807564,0.9583459404942007,0.4334705075445816,0.8988054215483574,0.7030359273498608
38,0,3,0,0,1,3,1,0,0.29861480796615997,0.29897580152690184,0.9615733736762481,0.4773662551440329,0.9025959108660694,0.7074108444915816
50,0,1,0,0,1,7,0,1,0.4028463811613176,0.4089238156433807,0.9738779626828038,0.654320987654321,0.9686423156443832,0.7841707543417739
21,0,4,0,0,6,0,1,0,0.23274955111112924,0.2328965078169872,0.9539082198688855,0.3731138545953361,0.8937514357914083,0.697202704494233
39,0,3,0,0,1,2,1,0,0.03955439165721942,0.03887517700264979,0.9312153303076147,0.06310013717421124,0.8679071904433724,0.6672411507357815
30,0,8,2,2,3,11,1,0,0.1024129067298257,0.1024221720599429,0.9385779122541603,0.1646090534979424,0.8827245577762463,0.684608246055946
41,0,1,0,0,1,0,1,1,0.3467957636010093,0.34704863384220824,0.9673222390317701,0.5582990397805213,0.9309671490925798,0.7400238631844094
32,0,1,0,1,1,0,0,0,0.04561000534114963,0.04568996343476029,0.9318204740292486,0.07407407407407407,0.868711233631978,0.668301736709532
36,0,7,0,0,5,0,0,0,0.10665375709241237,0.1161444766236887,0.9390821986888552,0.17146776406035666,0.8768665288306915,0.6791727429404746
39,0,3,0,0,1,6,1,1,0.263616239466564,0.26530960470813164,0.9575390821986889,0.4224965706447188,0.8978865150470939,0.702240487869548
56,0,1,0,0,1,0,1,1,0.27670685802560047,0.2755671672519324,0.9589510842158346,0.44170096021947874,0.9457845164254537,0.7608378629192629
38,0,3,0,0,3,2,1,1,0.33642488159544554,0.33587896452728355,0.9661119515885023,0.5377229080932785,0.9093728463128876,0.722656767864245
29,0,6,0,0,4,12,1,1,0.03178656901536717,0.064528764853601,0.9303076147251639,0.05075445816186557,0.8668734206294509,0.6712183481373459
53,0,1,0,0,1,0,1,0,0.3287787714970497,0.32916633794799216,0.9652042360060514,0.5253772290809328,0.9066161268090972,0.71205090812674
70,0,1,0,0,1,0,0,0,0.09207797734827766,0.092094270922545,0.9373676248108926,0.14814814814814814,0.8749138525155066,0.6754606920323478
27,0,6,0,0,4,12,0,1,0.3151417922329441,0.3151106602420508,0.9635905194150277,0.5871056241426612,0.9669193659545141,0.7817844359008352
35,0,5,0,0,1,0,1,1,0.2471911838683635,0.28157623900314954,0.9555219364599092,0.3950617283950617,0.8957041121065932,0.7047593795572054
48,0,2,0,0,1,0,1,0,0.06466603821082621,0.06638857489032023,0.9341401916288452,0.10425240054869685,0.8712382265104526,0.6714834946307835
32,0,2,0,0,2,0,0,0,0.022694438420062534,0.02272481995331842,0.9290973272818961,0.037037037037037035,0.8656099241902137,0.6647222590481241
31,0,1,0,0,1,0,0,0,0.33894978869441134,0.338206516276594,0.9663136661623802,0.541838134430727,0.9079944865609925,0.7135092138406469
46,0,6,0,0,4,1,1,1,0.04050835778831812,0.040534452503810034,0.9313161875945537,0.06584362139917696,0.9322306455318171,0.7414821688983163
28,0,2,0,0,3,4,1,1,0.2765959610643411,0.2766601177263399,0.9590519415027736,0.4430727023319616,0.9024810475534114,0.7324671881214371
26,1,8,1,0,3,6,1,1,0.09545207152216388,0.095506388150077,0.9377710539586485,0.15363511659807957,0.9767976108430967,0.7930531618719342
20,0,7,0,0,6,1,1,1,0.5303758009601556,0.5349297034804062,0.988905698436712,0.8477366255144033,0.9336090052837124,0.7438684873392549
38,0,10,0,0,3,14,0,1,0.4781467784944235,0.4816984195245868,0.9827534039334342,0.7654320987654321,0.9300482425913164,0.7432056211056609
27,0,6,0,1,5,3,0,1,0.4393585352686452,0.44063548375998607,0.9781139687342411,0.7023319615912208,0.9214334941419711,0.7292854302001855
24,0,2,0,0,3,0,1,0,0.2558500456176229,0.2603755311942274,0.956631366616238,0.4101508916323731,0.8968527452331725,0.701445048389235
31,0,5,0,0,3,3,1,1,0.03808003612265411,0.03863918506023373,0.9310136157337368,0.06172839506172839,0.8676774638180565,0.6672411507357815
62,0,1,0,0,1,0,0,0,0.23600067142021933,0.23545451780862417,0.9542107917297025,0.3772290809327846,0.8942108890420399,0.6976004242343895
27,0,9,1,0,8,9,1,1,0.020797947434899954,0.021490238548074726,0.9289964699949571,0.03429355281207133,0.8653801975648978,0.6645896858014053
32,0,9,0,0,8,13,1,1,0.04659476956259988,0.07907302754464293,0.9320221886031266,0.07544581618655692,0.8688260969446359,0.6734720933315657
35,1,8,0,4,3,13,1,1,0.4308553920806956,0.4309225982492307,0.9772062531517902,0.6899862825788752,0.9214334941419711,0.7291528569534668
44,0,1,0,0,1,6,1,1,0.2534926161702528,0.25502326096296773,0.9563287947554211,0.4060356652949246,0.8965081552951987,0.7006496089089221
41,0,1,0,0,1,0,1,0,0.024080461734187136,0.023438548046907377,0.929399899142713,0.038408779149519894,0.8658396508155295,0.6648548322948429
40,0,7,0,0,8,3,1,0,0.11785821359694273,0.12821595029143773,0.940393343419062,0.18930041152263374,0.8783597518952446,0.681028768394538
32,0,5,0,0,3,4,1,0,0.30659249660195564,0.3066517389890967,0.9625819465456379,0.49108367626886146,0.9787502871582816,0.795306907066154
24,0,5,0,0,5,0,0,0,0.03640265751070527,0.036367973729608254,0.9308119011598588,0.05898491083676269,0.8674477371927406,0.666843430995625
39,0,4,0,0,2,4,1,0,0.2395130342216045,0.2732249814986152,0.9547150781643974,0.38271604938271603,0.8946703422926717,0.7034336470900172
43,0,1,0,0,1,4,1,1,0.6129107104366623,0.6138584971688567,0.9986888552697932,0.9807956104252401,0.9446358832988744,0.7560652260373857
23,0,7,0,0,7,0,0,0,0.10585203344019109,0.10575582400326164,0.9389813414019162,0.1700960219478738,0.8767516655180335,0.6775818639798489
22,0,4,1,0,6,8,1,1,0.6247199655577834,0.6577986788047633,1.0,1.0,0.9511830921203768,0.7803261301869283
67,0,1,0,0,1,2,1,1,0.47024690444679434,0.4697961360049958,0.9817448310640444,0.757201646090535,0.9255685733976567,0.7337929205886252
37,0,3,0,0,2,3,1,0,0.022420592646033775,0.09103437362623039,0.9291981845688351,0.037037037037037035,0.8656099241902137,0.675328118785629
29,0,8,0,0,8,1,1,0,0.06793686294147624,0.10219982063857329,0.9345436207766011,0.10973936899862825,0.8716976797610843,0.6770515709929736
21,1,7,2,2,8,3,0,0,0.4814822186316608,0.5314910701926608,0.9000504286434695,0.03017832647462277,0.92706179646221,0.7433381943523797
38,0,1,0,0,1,0,1,0,0.03970616734788447,0.03951259567004957,0.9312153303076147,0.0644718792866941,0.8679071904433724,0.6673737239825003
50,0,1,0,0,1,0,1,0,0.28674021242697284,0.2869820480311458,0.9602622289460413,0.45953360768175583,0.9009878244888583,0.7055548190375183
20,0,3,0,0,5,2,1,1,0.563176164451116,0.5762588926783971,0.9927382753403934,0.9231824417009602,0.9436021134849529,0.7568606655176985
59,0,1,0,0,1,2,1,0,0.10123977856719278,0.10062212995812202,0.9383761976802824,0.16186556927297668,0.8761773489547439,0.676786424499536
24,0,7,0,0,7,2,1,1,0.01149726182531214,0.020989741702278807,0.9278870398386283,0.019204389574759947,0.8659545141281875,0.6651199787882806
30,0,1,0,0,1,0,1,0,0.2575351510642359,0.25865721300072997,0.956833081190116,0.41289437585733885,0.8970824718584884,0.7011799018957974
23,0,7,0,0,5,3,1,1,0.2335633615985514,0.26980962551663223,0.9540090771558245,0.3731138545953361,0.9620951068228808,0.7881479517433382
35,0,5,0,0,3,4,0,0,0.20116044344125367,0.20211253421915454,0.9501765002521432,0.3223593964334705,0.8895014932230646,0.6924300676123558
25,0,4,0,0,5,1,1,1,0.4790092442042359,0.5367104422083063,0.9828542612203732,0.766803840877915,0.9687571789570412,0.7837730346016174
57,0,1,0,0,1,0,0,0,0.044913388490021675,0.04487636049916121,0.9318204740292486,0.07818930041152264,0.86859637031932,0.6681691634628132
56,0,1,0,0,1,0,1,0,0.20888053450547628,0.20885529313663523,0.951084215834594,0.33607681755829905,0.8905352630369859,0.6934906535861063
20,0,5,0,0,7,0,0,0,0.3426932017292497,0.3428025373435591,0.9668179525970751,0.5486968449931413,0.9359062715368711,0.7474479650006629
22,0,6,0,0,6,1,1,1,0.38462046657150345,0.3845565994643994,0.9717599596570852,0.6159122085048011,0.9538249483115093,0.7665385125281718
44,0,1,0,0,1,0,1,0,0.250546139725543,0.25087559875603616,0.9560262228946041,0.401920438957476,0.8961635653572249,0.6999867426753281
30,0,2,0,0,2,0,0,0,0.21228061984429317,0.21237305734217735,0.95148764498235,0.3401920438957476,0.8909947162876177,0.6940209465729815
35,0,1,0,0,2,3,1,1,0.37351574383779224,0.3811585102162684,0.9704488149268785,0.6282578875171467,0.972432804962095,0.7934508816120907
30,0,7,0,0,3,0,1,0,0.016350856135763703,0.03548176705926232,0.9284921835602622,0.02606310013717421,0.864805881001608,0.6667108577489063
51,0,1,0,0,1,2,1,1,0.6067487385619632,0.6062846202111849,0.9978819969742814,0.9698216735253772,0.9442912933609006,0.7555349330505104
24,0,3,0,0,5,0,1,0,0.3372852616557985,0.3368058543248583,0.9662128088754413,0.5390946502057613,0.9077647599356765,0.7132440673472094
35,0,2,0,0,1,2,0,0,0.09010168544213003,0.0903357762781285,0.9370650529500757,0.14540466392318244,0.8860555938433264,0.6977329974811083
22,0,7,0,0,6,2,1,0,0.2286373058668793,0.2396341900365402,0.9533030761472516,0.36488340192043894,0.9618653801975648,0.7766140792788016
29,0,7,1,0,4,7,0,1,0.039652198685204594,0.040412403122123526,0.9312153303076147,0.06310013717421124,0.8691706868826097,0.6689646029431261
52,0,1,0,0,1,0,1,1,0.09270573797225075,0.09208698869244518,0.9373676248108926,0.14814814814814814,0.8750287158281644,0.6754606920323478
33,0,10,0,0,9,4,1,0,0.001049300174724787,0.001149877048039044,0.9266767523953605,0.0027434842249657062,0.9625545600735125,1.0
33,0,4,0,0,2,2,1,0,0.3270354168405329,0.338512499093571,0.9650025214321735,0.541838134430727,0.9063864001837812,0.7135092138406469
48,0,1,0,0,1,1,1,0,0.29112223146297356,0.2909950932969417,0.9607665153807362,0.4663923182441701,0.9015621410521479,0.7062176852711123
46,0,1,0,0,1,3,1,1,0.4264634612439304,0.42664484938346287,0.9767019667170953,0.6831275720164609,0.9693314955203308,0.7847010473286491
22,0,3,0,0,5,0,1,0,0.34609780597522877,0.34704902130056275,0.9672213817448311,0.5541838134430727,0.9089133930622559,0.7148349463078351
20,0,8,0,0,7,1,1,1,0.27469377923565336,0.2749005699899854,0.9588502269288957,0.4403292181069959,0.9114403859407305,0.7335277740951875
38,0,6,1,0,2,10,1,0,0.030287394252234135,0.03008095525055695,0.9301059001512859,0.04938271604938271,0.9248793935217091,0.7336603473419064
64,0,4,0,0,1,0,1,0,0.19498514327334202,0.19765635581369687,0.9494704992435703,0.31275720164609055,0.888697450034459,0.6917672013787618
36,0,3,0,0,1,1,0,0,0.3132696040298164,0.3137166844306387,0.9633888048411497,0.5006858710562414,0.9045485871812543,0.7096645896858014
20,1,10,1,1,7,4,1,1,0.3021401315891861,0.6242176433453596,0.9470499243570348,0.46364883401920437,0.9462439696760855,1.0
32,0,10,0,0,9,11,1,0,0.22399111449767614,0.34448191100500847,0.9528996469994957,0.35939643347050754,0.8926028026648288,0.7144372265676786
52,0,1,0,0,1,4,1,1,0.4394578519095725,0.4447869609414857,0.97821482602118,0.7037037037037037,0.9483115093039284,0.7746254805780194
22,0,3,0,0,4,0,0,0,0.20094767740139519,0.2011245650891737,0.9501765002521432,0.3223593964334705,0.8895014932230646,0.692297494365637
39,0,1,0,0,1,1,1,0,0.10237682499417682,0.10234479960698609,0.9385779122541603,0.1646090534979424,0.8762922122674018,0.6770515709929736
53,0,1,0,0,1,0,1,0,0.2634539660069529,0.26638107608093503,0.9575390821986889,0.42112482853223593,0.8978865150470939,0.7023730611162667
54,0,3,0,0,1,7,1,0,0.23861511247098105,0.23799764542551416,0.9546142208774584,0.3813443072702332,0.8945554789800138,0.697998143974546
53,0,2,0,0,1,10,0,1,0.09982107014653903,0.10246942210954006,0.9382753403933434,0.16049382716049382,0.927176659774868,0.7357815192894074
51,0,1,0,0,1,8,1,1,0.5742241674511936,0.5762412881603387,0.9940494200706002,0.9190672153635117,0.9951757408683667,0.8142648813469442
38,0,1,0,0,1,0,0,0,0.20609371949272118,0.20609451327277836,0.9507816439737771,0.3292181069958848,0.8901906730990122,0.6930929338459498
27,0,9,0,0,4,5,1,1,0.2669698148224346,0.269844765008942,0.9579425113464448,0.4279835390946502,0.8983459682977257,0.702903354103142
28,0,9,0,0,6,7,0,1,0.24140093431732687,0.24150834596720777,0.9549167927382753,0.3868312757201646,0.983459682977257,1.0
25,0,7,0,0,5,6,1,1,0.238048729531101,0.2841182837236127,0.9450327786182552,0.32647462277091904,0.8944406156673559,0.7051570992973618
22,0,5,0,0,5,0,0,0,0.25408063027452676,0.2541213771315065,0.9564296520423601,0.4074074074074074,0.8966230186078566,0.7005170356622034
21,0,4,0,0,6,1,1,0,0.2412326522009397,0.24135578672380703,0.9549167927382753,0.3868312757201646,0.8949000689179876,0.6985284369614212
36,0,1,0,0,1,2,1,0,0.06955836601123941,0.06956385571491983,0.9347453353504791,0.13443072702331962,0.8719274063864002,0.6720137876176587
30,0,6,0,0,2,1,0,0,0.05958709444211067,0.06559882548060061,0.9077155824508321,0.039780521262002745,0.8705490466345049,0.6713509213840647
33,0,8,0,1,4,9,1,1,0.40525027093331356,0.40542765969222755,0.9741805345436207,0.6488340192043895,0.91982540776476,0.7271642582526846
24,0,5,0,0,7,0,1,0,0.24468201845698467,0.2473548541016128,0.9553202218860313,0.39231824417009603,0.8953595221686194,0.6994564496884529
29,0,6,0,0,3,5,1,1,0.005172927106025013,0.005297857169517968,0.9271810388300554,0.00823045267489712,0.892373076039513,0.6956118255336073
49,0,2,0,0,1,2,0,1,0.1899390534494452,0.19945255313646099,0.9488653555219364,0.3045267489711934,0.8880082701585114,0.6920323478721994
32,0,10,0,0,8,4,1,1,0.29005903689018303,0.28957377683445906,0.9605648008068582,0.46502057613168724,0.906845853434413,0.7124486278668964
28,0,2,0,0,4,0,1,1,0.12709740234246839,0.1282908191673343,0.9415027735753908,0.2030178326474623,0.879623248334482,0.681028768394538
33,0,2,0,0,2,2,1,1,0.11279168440834311,0.1118170238054115,0.9396873424104891,0.17969821673525377,0.877670572019297,0.6785098767068806
66,0,1,0,0,1,3,1,0,0.1299138037825557,0.13083766241049624,0.9418053454362078,0.22085048010973937,0.8799678382724557,0.6814264881346944
32,0,1,0,0,1,1,1,0,0.15124868677330075,0.15046320298568652,0.9443267776096823,0.2784636488340192,0.8828394210889042,0.684475672809227
38,1,7,0,1,2,7,1,1,0.006066449129455378,0.0062207034914438615,0.9272818961169944,0.010973936899862825,0.9405008040431886,0.7520880286358212
23,0,7,0,1,6,2,1,1,0.03702411152797947,0.0379211750550854,0.9309127584467978,0.06035665294924554,0.8675626005053986,0.6671085774890627
36,0,3,0,0,3,7,0,1,0.4420176986028165,0.4430612114954443,0.978517397881997,0.7078189300411523,0.9217780840799449,0.729683149940342
27,0,2,0,0,2,0,0,1,0.37250089660580515,0.37261489454093927,0.9703479576399395,0.5953360768175583,0.912474155754652,0.7188121437093995
48,0,1,0,0,1,0,1,0,0.056764753866895896,0.056897385102180564,0.9332324760463944,0.09190672153635117,0.8702044566965311,0.6700251889168766
21,0,4,0,0,8,0,1,0,0.371656883927877,0.37289391423037077,0.9702471003530005,0.5939643347050755,0.912359292441994,0.7188121437093995
35,0,2,0,0,1,1,1,0,0.1822327475349833,0.18223218513427802,0.9479576399394857,0.29218106995884774,0.8869745003445899,0.6893808829378232
30,0,1,0,0,2,0,1,0,0.27894572326703165,0.2798902487451838,0.9593545133635906,0.44718792866941015,0.8999540546749368,0.7044942330637677
48,0,2,0,0,1,3,1,0,0.7122174792898236,0.7170563509197998,0.9472516389309128,0.28669410150891633,0.957960027567195,0.7719740156436431
26,0,2,0,0,2,0,1,1,0.01840023515796972,0.018041819453169294,0.9286938981341402,0.03017832647462277,0.865035607626924,0.6640593928145301
21,0,3,0,0,5,0,1,1,0.49965051963807305,0.5005308725873104,0.9852748361069087,0.7997256515775034,0.9294739260280267,0.7385655574705025
20,0,8,0,0,6,1,0,1,0.5486205459850896,0.5513685381769522,0.9910237014624307,0.877914951989026,0.9360211348495291,0.7463873790269123
54,0,9,0,0,9,11,1,0,0.10752376093527116,0.2181966557595153,0.9391830559757942,0.1728395061728395,0.8769813921433495,0.6949489593000132
22,0,8,0,0,5,3,1,1,0.343302022669798,0.3650503066489473,0.9669188098840141,0.5500685871056241,0.9162646450723639,0.7300808696804985
45,0,6,0,0,3,8,1,0,0.226700681027118,0.22685712490064797,0.9532022188603126,0.3635116598079561,0.9561222145646681,0.7751557735648946
29,0,4,0,0,4,3,1,1,0.3450584573279249,0.3453485063217159,0.9671205244578921,0.5528120713305898,0.9167240983229956,0.7265013920190906
22,0,5,0,0,5,1,1,1,0.4101649648412636,0.409450401351717,0.9746848209783157,0.6556927297668038,0.9175281415116012,0.7245127933183083
53,0,2,0,0,2,8,1,1,0.2619967326612834,0.2647410741492068,0.9573373676248109,0.41975308641975306,0.8976567884217781,0.7021079146228291
48,0,9,0,1,4,8,1,1,0.08150120201440765,0.090272700044972,0.9361573373676249,0.13168724279835392,0.8735354927636113,0.6751955455389103
28,0,2,0,0,2,0,1,0,0.0878166280310036,0.08761647432786879,0.9368633383761977,0.1412894375857339,0.8743395359522168,0.6747978257987538
29,0,7,0,0,3,5,0,0,0.06525700201933574,0.06547067611353719,0.9341401916288452,0.10425240054869685,0.9952906041810246,0.814397454593663
28,0,6,1,0,6,8,1,0,0.013242175753091522,0.04731553005907379,0.9280887544125063,0.02194787379972565,0.8818056512749828,0.6835476600821954
45,0,8,0,0,8,38,1,1,0.47212659105631205,0.5754068618218894,0.9820474029248614,0.7558299039780522,0.9257983000229727,0.7500994299350391
51,0,6,0,0,3,7,1,1,0.5930865725977185,0.595112824842725,0.9962682803832577,0.9492455418381345,0.9419940271077418,0.7531486146095718
43,0,9,0,0,3,0,1,1,0.3836845760690535,0.38377188701328907,0.9716591023701462,0.6145404663923183,0.9923041580519182,0.8187723717353838
23,0,4,1,0,4,4,1,1,0.23630015081927142,0.24224314583438705,0.9543116490166415,0.3786008230452675,0.926946933149552,0.7400238631844094
51,0,3,0,0,2,3,1,0,0.19995812611785224,0.20099617728619976,0.9500756429652042,0.3443072702331962,0.8893866299104066,0.692297494365637
23,0,6,0,0,7,6,1,1,0.09881504223226624,0.09894593544214597,0.9381744831064044,0.15775034293552812,0.87583275901677,0.6765212780060984
26,0,7,0,0,6,5,1,0,0.04835111483574999,0.32551112537487714,0.9322239031770045,0.07818930041152264,0.9062715368711234,0.7160281055283044
45,0,10,0,0,9,15,0,1,0.24642009939986828,0.24654882150617202,0.9555219364599092,0.3950617283950617,0.8963932919825408,0.7189447169561183
59,0,6,0,0,6,22,1,1,0.01899333427425919,0.07758909185116564,0.9287947554210791,0.03155006858710562,0.8749138525155066,0.6787750232003181
50,0,3,0,0,2,3,1,0,0.027731152753055797,0.0276740043430505,0.929803328290469,0.04526748971193416,0.8662991040661613,0.665517698528437
23,0,10,0,0,10,0,0,0,0.32009616313894457,0.3204397922551625,0.9641956631366616,0.5130315500685871,0.9054674936825178,0.710725175659552
31,0,6,0,3,4,9,1,1,0.2600734261830705,0.6628010344025366,0.957135653050933,0.4170096021947874,0.8974270617964623,0.763621901100358
50,0,9,0,0,4,3,1,1,0.015662492497496797,0.04397592715282219,0.9283913262733232,0.02606310013717421,0.8766368022053757,0.6814264881346944
40,0,1,0,0,1,1,1,0,0.23343057524963162,0.23350878143065898,0.9540090771558245,0.3731138545953361,0.8938662991040661,0.6973352777409518
61,0,1,0,0,1,0,1,0,0.12898711000105564,0.1290167372968475,0.9417044881492688,0.2112482853223594,0.8878934068458534,0.6953466790401697
22,0,8,0,0,8,2,1,0,0.10136024965263757,0.101505574745838,0.9384770549672213,0.16323731138545952,0.8761773489547439,0.6769189977462549
35,0,2,0,1,1,1,1,0,0.12622486592526597,0.126292587149741,0.9414019162884518,0.2030178326474623,0.879508385021824,0.6807636219011004
31,0,2,0,0,2,6,1,1,0.309972390867672,0.30992956712486996,0.9629853756933938,0.49519890260631,0.9040891339306225,0.7091342966989261
34,0,3,0,0,2,4,1,1,0.5707261360410942,0.6140454706620061,0.9936459909228442,0.9931412894375857,0.9390075809786355,0.7560652260373857
55,0,1,0,0,1,0,1,0,0.2868458257429349,0.28672124881920824,0.9602622289460413,0.45953360768175583,0.9009878244888583,0.7055548190375183
51,0,3,0,0,1,2,1,0,0.21481177395997328,0.2354669661501181,0.9517902168431669,0.3443072702331962,0.9013324144268321,0.7070131247514252
35,0,8,1,0,5,14,1,1,0.4423132152678956,0.44235769640668837,0.978517397881997,0.7078189300411523,0.9217780840799449,0.7295505766936232
39,0,1,0,0,1,2,1,1,0.03558620520063446,0.03456204027383212,0.9306101865859808,0.05898491083676269,0.8747989892028486,0.6781121569667241
21,0,8,0,3,6,1,1,0,0.3513276613798333,0.35133532405461976,0.967826525466465,0.5953360768175583,0.9392373076039513,0.7522206018825401
28,0,8,0,0,4,5,0,0,0.21823479151118025,0.21827497202128449,0.9521936459909228,0.3497942386831276,0.8917987594762233,0.6949489593000132
42,0,4,0,0,5,2,1,0,0.20359759435629612,0.23794764342811667,0.9504790721129601,0.3840877914951989,0.8898460831610384,0.697998143974546
30,0,1,0,0,1,0,1,0,0.29111607383123606,0.291127912033919,0.9607665153807362,0.4663923182441701,0.9015621410521479,0.7062176852711123
37,0,4,0,0,1,0,1,0,0.022651325066236006,0.02258354667634796,0.9291981845688351,0.037037037037037035,0.8656099241902137,0.6647222590481241
22,1,10,0,4,10,6,1,1,0.6247614302553706,0.6776265819241597,0.9577407967725668,0.7681755829903978,0.9462439696760855,0.7658756462945777
53,0,1,0,0,1,2,1,0,0.10477789417357039,0.11878589944468178,0.9388804841149773,0.2112482853223594,0.9245348035837354,0.7328649078615935
31,0,3,0,0,3,8,1,1,0.04995544605829682,0.060313873654738386,0.9324256177508825,0.08093278463648834,0.8692855501952677,0.6705554819037518
31,0,7,0,0,4,8,1,1,0.040720607381643785,0.04062843599186492,0.9313161875945537,0.06584362139917696,0.8862853204686423,0.6885854434575103
50,0,1,0,0,1,0,0,0,0.2338109083260626,0.23455625025513885,0.9539082198688855,0.3731138545953361,0.8938662991040661,0.6974678509876707
31,0,2,0,0,2,2,0,0,0.2395593157762766,0.23977466852714233,0.9547150781643974,0.3840877914951989,0.9585343441304848,0.7725043086305183
21,0,9,0,0,7,0,1,1,0.052451600989714166,0.05258427817785171,0.9327281896116995,0.0850480109739369,0.9016770043648059,0.7063502585178311
30,0,7,0,0,3,11,0,1,0.2867733146633939,0.29121231834623557,0.9602622289460413,0.45816186556927296,0.9009878244888583,0.7062176852711123
24,0,4,0,0,5,0,1,0,0.005220191895442301,0.005212576592196276,0.9271810388300554,0.00823045267489712,0.8633126579370549,0.6620707941137478
25,0,2,0,0,3,0,1,0,0.30493465357327715,0.3047195040445635,0.9623802319717599,0.4883401920438957,0.903399954054675,0.7083388572186133
45,0,3,0,0,1,0,1,0,0.04117267686781653,0.04140323348303035,0.9314170448814927,0.06721536351165981,0.8681369170686882,0.667638870475938
45,0,2,0,0,2,7,1,0,0.04306230507309104,0.04315081968454154,0.9316187594553706,0.06995884773662552,0.8683666436940042,0.6679040169693756
33,0,4,0,0,3,3,1,1,0.05270219673810185,0.06198580612881426,0.9327281896116995,0.1056241426611797,0.9769124741557547,0.7959697732997482
29,0,2,0,0,2,1,0,0,0.18210636710940337,0.1820081249222165,0.9479576399394857,0.29218106995884774,0.8869745003445899,0.6893808829378232
24,0,4,0,0,4,0,1,1,0.049034631821939643,0.049169528220474615,0.9323247604639435,0.07956104252400549,0.8839880542154835,0.685933978523134
28,0,1,0,0,2,0,1,0,0.08864603123105132,0.08962304166749994,0.9369641956631367,0.14266117969821673,0.8744543992648748,0.6750629722921915
42,0,5,0,0,2,0,1,1,0.4951490922046855,0.5005134170916961,0.9847705496722138,0.7914951989026063,0.9288996094647369,0.7385655574705025
57,0,1,0,0,1,0,0,0,0.0072140131887136055,0.07309592607509187,0.9273827534039334,0.012345679012345678,0.8635423845623708,0.672544080604534
24,0,8,0,1,7,3,1,1,0.31101682452699136,0.30990662760331406,0.9629853756933938,0.49657064471879286,0.937858947852056,0.7563303725308232
56,0,1,0,0,1,4,1,0,0.3261165392786738,0.33164782988201824,0.9649016641452345,0.5212620027434842,0.9062715368711234,0.7124486278668964
22,0,6,0,0,8,1,1,1,0.056708818734725656,0.07414769668079031,0.9332324760463944,0.09190672153635117,0.9260280266482885,0.7377701179901895
54,0,5,0,0,2,12,1,1,0.46775247762492916,0.5683628590011528,0.9815431164901665,0.747599451303155,0.9426832069836895,0.8040567413495957
54,0,1,0,0,1,8,1,1,0.4852016764927075,0.4844236028939721,0.983459404942007,0.7750342935528121,0.9400413507925569,0.7522206018825401
39,0,2,0,0,1,0,1,0,0.34173342557465675,0.34186896140566075,0.9667170953101362,0.5473251028806584,0.9083390764989663,0.7140395068275222
36,0,2,0,0,1,2,1,0,0.3442749185526574,0.344306382435563,0.9670196671709531,0.5500685871056241,0.9086836664369401,0.7144372265676786
22,0,6,0,0,5,0,0,0,0.23946347521778177,0.2397637203449186,0.9547150781643974,0.3840877914951989,0.8946703422926717,0.6982632904679835
33,0,9,0,0,5,2,1,1,0.10897925623972439,0.1324964610398355,0.9389813414019162,0.1755829903978052,0.9640477831380657,0.7821821556409917
25,0,8,3,1,5,8,1,1,0.3161199121711163,0.31590242642218,0.9636913767019667,0.5061728395061729,0.934413048472318,0.7441336338326926
53,0,1,0,0,1,0,1,0,0.3406704097718199,0.3407742425315837,0.9666162380231972,0.5459533607681756,0.9082242131863083,0.7139069335808034
41,0,3,0,0,1,0,1,0,0.16583648383098767,0.16567846406819012,0.946041351487645,0.2674897119341564,0.8847920974040892,0.6868619912501657
20,0,3,0,0,6,0,1,0,0.30569022478245955,0.3065359088107424,0.9624810892586989,0.4897119341563786,0.9035148173673329,0.7086040037120509
38,0,1,0,0,1,0,1,0,0.34351680483746727,0.3444939122791702,0.9669188098840141,0.5500685871056241,0.9085688031242821,0.7144372265676786
36,0,1,0,0,1,0,1,0,0.211251629922638,0.2113149284455323,0.951386787695411,0.3374485596707819,0.8908798529749598,0.6938883733262627
22,0,6,0,0,7,0,1,0,0.073152069141544,0.07322372772311916,0.935148764498235,0.11796982167352538,0.9592235240064323,0.7746254805780194
24,0,7,0,0,5,0,0,0,0.20013982591242868,0.20021884641348528,0.9500756429652042,0.32098765432098764,0.8893866299104066,0.6921649211189183
23,0,2,0,0,3,0,0,0,0.3638581539473682,0.3641990606439782,0.9693393847705497,0.5829903978052127,0.9113255226280726,0.7174864112422114
28,0,9,0,0,6,13,0,1,0.5321001265482707,0.5589041859103074,0.98910741301059,0.8518518518518519,0.9641626464507237,0.7790003977197402
33,0,1,0,0,1,0,0,0,0.23282616396794054,0.23293257124845013,0.9539082198688855,0.3731138545953361,0.8937514357914083,0.697202704494233
57,0,4,0,0,1,9,1,1,0.3487946997012883,0.39836910234612094,0.967523953605648,0.5582990397805213,0.9293590627153687,0.7474479650006629
30,0,10,0,0,3,19,1,1,0.6341453332783914,0.7040172844575879,0.9884014120020171,0.9355281207133059,0.9475074661153228,0.7699854169428609
24,0,6,0,0,3,2,0,1,0.34416873913184204,0.3442641296052567,0.9441250630358043,0.4842249657064472,0.9086836664369401,0.7144372265676786
30,0,6,0,0,5,0,1,0,0.25491156295084477,0.2543157818771998,0.9565305093292991,0.4074074074074074,0.8967378819205146,0.7005170356622034
22,0,6,0,0,6,0,0,0,0.0970221385035908,0.0963922570362164,0.9378719112455874,0.1550068587105624,0.8756030323914542,0.676123558265942
25,0,7,0,0,7,5,0,1,0.039470270462354025,0.07926909140688006,0.9311144730206757,0.0644718792866941,0.8779002986446129,0.6851385390428212
44,0,8,0,0,5,8,1,1,0.422573734933678,0.43016698491403077,0.9761976802824004,0.6762688614540466,0.9862164024810476,0.8040567413495957
50,0,1,0,0,1,1,1,0,0.21824247861918802,0.21895228896437438,0.9521936459909228,0.35390946502057613,0.9932230645531818,0.8120111361527244
38,1,9,2,2,9,22,1,1,0.163238221461033,0.1632108610259506,0.9476550680786687,0.30727023319615915,0.8978865150470939,0.7043616598170489
20,0,6,0,0,6,0,0,1,0.2720764480706407,0.27322298459786476,0.9585476550680787,0.43621399176954734,0.8990351481736734,0.7034336470900172
37,0,1,0,0,1,2,1,1,0.45856822091350036,0.4704192485177656,0.9193141704488149,0.06172839506172839,0.9524465885596141,0.7650802068142649
28,0,9,0,0,3,5,0,1,0.735741767834818,0.8293108350771692,0.9851739788199697,0.7983539094650206,0.9610613370089593,0.7893411109638075
21,0,5,0,0,7,0,1,0,0.05100299826014129,0.04980896365828402,0.9324256177508825,0.08093278463648834,0.8694004135079255,0.6689646029431261
24,0,6,0,0,4,2,0,1,0.3227890345410465,0.37182887069232123,0.9644982349974786,0.5171467764060357,0.9610613370089593,0.7902691236908392
47,0,2,0,0,1,13,1,1,0.5749189966027849,0.5745395015233025,0.9941502773575391,0.9190672153635117,0.9679531357684356,0.7850987670688055
29,0,7,0,1,4,9,1,1,0.09277512057760254,0.09301297442052597,0.9374684820978316,0.149519890260631,0.9759935676544912,1.0
38,0,5,0,0,2,5,1,1,0.0499341823654743,0.04919564688750382,0.9324256177508825,0.10425240054869685,0.8757178957041121,0.6763887047593795
38,0,3,0,0,3,2,1,1,0.11585462947786829,0.12296327672695925,0.940191628845184,0.18655692729766804,0.8781300252699288,0.680233328914225
56,0,3,0,0,3,5,1,0,0.0018706686585214904,0.011392348585671199,0.9267776096822995,0.00411522633744856,0.8811164713990352,0.701445048389235
21,0,9,0,0,8,0,1,1,0.08418422120572965,0.08347687920257574,0.9364599092284418,0.13580246913580246,0.8989202848610154,0.7030359273498608
39,0,4,0,0,3,5,1,0,0.14848140734381607,0.14876683083078454,0.9440242057488654,0.3196159122085048,0.8824948311509304,0.6842105263157895
53,0,6,0,0,1,3,1,1,0.08785639441403087,0.09210919303661037,0.9368633383761977,0.1412894375857339,0.8743395359522168,0.6754606920323478
43,0,1,0,0,1,0,1,1,0.3854090307688019,0.38566241554314423,0.9718608169440242,0.6172839506172839,0.9462439696760855,0.7583189712316054
31,0,5,0,0,4,3,1,0,0.3303765378896312,0.32988725885821446,0.9654059505799294,0.5281207133058985,0.906845853434413,0.7121834813734589
52,0,1,0,0,1,0,1,1,0.06963362816173409,0.06975479320508124,0.9347453353504791,0.11248285322359397,0.8719274063864002,0.6720137876176587
25,0,4,0,0,4,0,1,0,0.34081879876502935,0.3407741928574357,0.9666162380231972,0.5459533607681756,0.9606018837583276,0.7762163595386451
62,0,1,0,0,1,0,1,0,0.006400699284496103,0.005453893603280139,0.9271810388300554,0.009602194787379973,0.8634275212497129,0.6620707941137478
25,0,8,0,2,7,8,1,1,0.30989230192842826,0.3092513361774565,0.9629853756933938,0.49519890260631,0.9171835515736274,0.7246453665650272
35,0,2,0,0,1,0,0,0,0.32977853253128,0.3299269087631645,0.9653050932929904,0.5281207133058985,0.9067309901217551,0.7121834813734589
38,0,8,0,0,2,10,1,1,0.45416082647574274,0.4540859912554226,0.9799293998991427,0.7270233196159122,0.9277509763381576,0.7408193026647223
31,0,10,0,0,10,5,1,0,0.21195387802730653,0.21139261881303642,0.95148764498235,0.3388203017832647,0.8909947162876177,0.6938883733262627
23,0,2,0,2,3,1,0,0,0.3494019911655663,0.34881193694415313,0.967624810892587,0.5596707818930041,0.9093728463128876,0.7151000928012727
27,0,9,0,0,8,9,1,1,0.4694869633054112,0.4689230234400681,0.9817448310640444,0.7503429355281207,0.93429818515966,0.7491714172080074
50,0,5,0,0,2,4,1,0,0.30582170015171906,0.3068443057913132,0.9624810892586989,0.4924554183813443,0.9035148173673329,0.7086040037120509
24,0,3,0,0,3,0,0,0,0.2997284752558697,0.2998789967558708,0.961775088250126,0.48010973936899864,0.9027107741787274,0.7075434177383004
48,0,1,0,0,1,1,0,0,0.044150030856190584,0.04377250158184841,0.9316187594553706,0.06995884773662552,0.868481507006662,0.6680365902160944
59,0,1,0,0,1,1,1,0,0.07321366532224709,0.12636017379553777,0.935148764498235,0.11796982167352538,0.8723868596370319,0.6807636219011004
33,0,1,0,0,1,0,1,0,0.29610390451356494,0.2961386228233894,0.9613716591023701,0.47462277091906724,0.9575005743165633,0.7715762959034866
54,0,1,0,0,1,0,1,0,0.044945308858415696,0.0455387056540377,0.9318204740292486,0.07270233196159122,0.86859637031932,0.668301736709532
29,0,6,0,0,5,5,1,0,0.11673857737711327,0.3375268050395695,0.940292486132123,0.18792866941015088,0.8782448885825868,0.7133766405939281
43,0,5,0,0,3,0,1,0,0.02598909914453512,0.02774476019949098,0.929601613716591,0.04252400548696845,0.8660693774408454,0.665517698528437
37,0,1,0,0,1,0,1,0,0.3596729010403726,0.3752753822999427,0.9689359556227938,0.5761316872427984,0.958189754192511,0.7717088691502055
49,0,1,0,0,1,0,1,0,0.3046865010142563,0.3048289759319712,0.9623802319717599,0.4883401920438957,0.903399954054675,0.7083388572186133
20,0,4,0,0,6,1,0,0,0.36406783123969383,0.364198941426023,0.9693393847705497,0.5829903978052127,0.9113255226280726,0.7174864112422114
25,1,7,1,0,6,2,1,1,0.5632051549786027,0.6054152828815067,0.9927382753403934,0.9012345679012346,0.9578451642545371,0.7754209200583322
23,0,10,0,0,9,4,1,1,0.26969719875725884,0.26953441086693913,0.9582450832072618,0.43209876543209874,0.9071904433723869,0.7128463476070529
24,0,4,0,0,4,1,1,0,0.029244023280972708,0.03035875295594711,0.9300050428643469,0.04801097393689986,0.8665288306914771,0.6659154182685934
30,0,2,0,0,2,0,1,0,0.2534144142471867,0.2535180150599896,0.9563287947554211,0.4060356652949246,0.8965081552951987,0.7003844624154846
31,0,3,0,0,2,2,0,0,0.3622457085552576,0.3632318453730404,0.9691376701966717,0.5802469135802469,0.9110957960027567,0.7173538379954925
57,0,2,0,0,1,1,0,0,0.11273957296684857,0.11244348435575795,0.9390821986888552,0.18106995884773663,0.877670572019297,0.6786424499535993
25,0,4,0,0,6,1,1,1,0.19160052153551752,0.24064319120079294,0.9490670700958144,0.30727023319615915,0.8882379967838272,0.6983958637147024
23,0,6,0,0,5,0,0,0,0.18988400223537924,0.19929487745581412,0.9488653555219364,0.3045267489711934,0.8880082701585114,0.6920323478721994
21,0,5,0,0,6,1,1,1,0.12204114249454064,0.12556237717383884,0.9408976298537569,0.19615912208504802,0.8789340684585344,0.6806310486543815
30,0,8,0,0,2,2,1,1,0.32609240533492845,0.3565451188945269,0.9649016641452345,0.5706447187928669,0.9147714220078107,0.722656767864245
30,0,1,0,0,1,0,1,1,0.1107270006917702,0.1101242579936558,0.9395864851235501,0.17695473251028807,0.9503790489317712,0.7624287418798886
42,0,1,0,0,1,0,1,1,0.4539826424902551,0.454316956174059,0.9799293998991427,0.7256515775034293,0.923386170457156,0.7314066021476866
34,0,1,0,0,1,3,1,0,0.33054976597473656,0.33071173049740044,0.9654059505799294,0.5294924554183813,0.906845853434413,0.7123160546201777
43,0,9,0,0,6,15,1,1,0.11698042332943526,0.11696921650327399,0.940292486132123,0.18792866941015088,0.9848380427291523,1.0
20,1,8,0,0,8,1,1,1,0.6060455072225495,0.7924889687874379,0.9423096318709027,0.38271604938271603,0.9687571789570412,1.0
22,0,5,0,0,5,1,1,1,0.150517388551161,0.1502205348377765,0.9442259203227433,0.24142661179698216,0.9480817826786124,0.7982235184939679
32,0,3,0,0,2,0,1,1,0.5040251296526606,0.5058486590250143,0.935249621785174,0.11934156378600823,0.9300482425913164,0.7393609969508154
25,0,6,0,0,5,0,1,0,0.12638295815429398,0.1262121150299477,0.9414019162884518,0.2030178326474623,0.879508385021824,0.6807636219011004
48,0,2,0,0,1,1,1,0,0.12627652051021224,0.1261949277747326,0.9414019162884518,0.20164609053497942,0.8877785435331955,0.6946838128065757
22,0,5,0,0,5,0,1,1,0.059529381542067834,0.05922471828523967,0.9335350479072113,0.09602194787379972,0.9094877096255456,0.743073047858942
43,0,2,0,0,1,0,1,1,0.44028257729583253,0.43976061273021844,0.978315683308119,0.7091906721536351,0.921548357454629,0.7291528569534668
23,0,7,0,7,9,3,1,0,0.31340201297550063,0.3135947840713963,0.9633888048411497,0.5020576131687243,0.9045485871812543,0.7096645896858014
30,0,6,1,0,3,9,1,1,0.05414407573108394,0.0543802072602165,0.9329299041855774,0.0877914951989026,0.8698598667585573,0.6696274691767201
37,0,1,0,0,1,3,1,1,0.07643136558166513,0.07758901237252881,0.935552193645991,0.12345679012345678,0.8728463128876637,0.6732069468381281
58,0,1,0,0,1,0,1,0,0.3389334213119865,0.33844914468518555,0.9663136661623802,0.541838134430727,0.9079944865609925,0.7135092138406469
26,0,4,0,0,3,2,1,1,0.2037172709086135,0.20363888170021177,0.9504790721129601,0.32647462277091904,0.8989202848610154,0.7031685005965796
21,0,4,0,0,6,2,1,0,0.1588123541280629,0.1874757087206911,0.9452344931921332,0.3004115226337449,0.8838731909028257,0.690176322418136
23,0,3,0,0,4,0,1,0,0.2207846270870188,0.22082284848672526,0.9524962178517398,0.35390946502057613,0.8921433494141972,0.6953466790401697
27,0,5,0,0,3,1,1,0,0.3786423099358324,0.37979177570763084,0.9710539586485124,0.6063100137174211,0.9132781989432576,0.71987272968315
32,0,2,0,0,1,2,1,0,0.2996768603975798,0.29963957729724133,0.961775088250126,0.48010973936899864,0.9027107741787274,0.7075434177383004
22,0,4,1,1,5,3,1,1,0.4195974337016978,0.41912158044779435,0.9757942511346445,0.6707818930041153,0.9888582586721801,0.8068407795306907
47,0,6,0,0,1,3,1,1,0.03208430044153894,0.03635220715502653,0.9303076147251639,0.05212620027434842,0.939811624167241,0.7563303725308232
53,0,4,0,0,3,8,1,0,0.0017846902424707533,0.005554006881200768,0.9267776096822995,0.00411522633744856,0.8643464277509764,0.6705554819037518
20,0,3,0,0,5,0,1,0,0.29367745993241445,0.2935873089069056,0.9610690872415532,0.47050754458161864,0.9019067309901218,0.7066154050112687
25,0,10,0,0,5,5,1,1,0.370041717259805,0.3994058912287764,0.9700453857791226,0.5925925925925926,0.9121295658166781,0.7229219143576826
49,0,2,0,0,1,3,0,0,0.0810221084702386,0.08069769009946244,0.9360564800806859,0.13031550068587106,0.8734206294509533,0.6737372398250033
31,0,2,0,0,1,1,0,1,0.006216576163881039,0.00697447888316699,0.9272818961169944,0.010973936899862825,0.8634275212497129,0.6623359406071855
51,0,1,0,0,1,0,1,0,0.02921853863091077,0.05864884588723736,0.9300050428643469,0.04663923182441701,0.8665288306914771,0.6702903354103142
60,0,4,0,0,1,15,1,1,0.08184533417522064,0.11367683384213073,0.9361573373676249,0.18244170096021947,0.9092579830002298,0.7186795704626806
51,0,5,0,0,1,1,1,0,0.10217063371594771,0.1015258616678896,0.9385779122541603,0.16323731138545952,0.8762922122674018,0.6769189977462549
65,0,2,0,0,1,2,1,1,0.383603335056775,0.3873064311460326,0.9716591023701462,0.6378600823045267,0.976108430967149,0.7974280790136551
29,0,1,0,0,2,2,1,1,0.04031636878974162,0.04076363908794727,0.9312153303076147,0.06584362139917696,0.923501033769814,0.7337929205886252
55,0,1,0,0,1,0,1,0,0.058742803677587954,0.05839785235211909,0.9333333333333333,0.09465020576131687,0.8801975648977717,0.6835476600821954
43,0,5,0,0,4,0,1,1,0.3638965298974225,0.36485760075911633,0.9693393847705497,0.5829903978052127,0.9473926028026648,0.7746254805780194
53,0,1,0,0,1,1,1,0,0.012169089242864653,0.012225254895191074,0.9279878971255673,0.0205761316872428,0.8642315644383184,0.6631313800874984
34,0,9,0,0,3,6,1,1,0.3873801582096213,0.5726864173662252,0.6248108925869894,0.3374485596707819,0.9776016540317023,1.0
27,0,2,0,0,3,0,1,1,0.22662156539095535,0.22599485123481836,0.9531013615733737,0.36213991769547327,0.9384332644153457,0.7487736974678509
33,0,1,0,0,1,0,1,0,0.08531120685698775,0.08520780469484084,0.9365607665153808,0.13717421124828533,0.9019067309901218,0.710725175659552
26,0,4,0,0,3,8,1,1,0.47220495188600364,0.4938619989975956,0.9820474029248614,0.7558299039780522,0.9257983000229727,0.737504971496752
25,0,3,0,0,3,3,1,0,0.3135798096260886,0.3625942081393893,0.9633888048411497,0.5802469135802469,0.9045485871812543,0.7172212647487737
23,0,3,0,0,4,0,1,0,0.3801991380090237,0.37971329055375835,0.9712556732223904,0.607681755829904,0.9135079255685734,0.71987272968315
51,0,1,0,0,1,2,1,1,0.4197799081660734,0.4738470131019241,0.9758951084215834,0.7585733882030178,0.96714909257983,0.7980909452472491
37,0,9,0,0,5,20,1,1,0.0987597923849184,0.12882422016877904,0.9381744831064044,0.15775034293552812,0.46301401332414427,1.0
31,0,7,0,0,3,9,1,1,0.3358201525005035,0.33587327186992044,0.9660110943015633,0.5377229080932785,0.9816218699747301,0.7986212382341243
72,0,1,0,0,1,1,1,0,0.12379334626376408,0.12386888611952201,0.9410993444276349,0.22908093278463648,0.8791637950838502,0.680365902160944
46,0,4,0,1,1,2,1,0,0.11766104026970983,0.11952574620529993,0.940393343419062,0.18930041152263374,0.9649666896393292,0.7793981174598966
34,0,7,0,0,5,12,1,0,0.34449469634736535,0.37355266297693057,0.9669188098840141,0.5500685871056241,0.9086836664369401,0.7189447169561183
31,0,7,0,0,4,0,1,0,0.08010844503202817,0.08012041689048596,0.9359556227937469,0.1289437585733882,0.941649437169768,0.7682619647355163
25,0,9,0,0,8,28,1,1,0.3879115121702463,0.3879834401094047,0.9723651033787191,0.6954732510288066,0.9437169767976108,0.759379557205356
34,0,4,0,0,3,5,1,1,0.031149462695482834,0.03472450454234815,0.9302067574382249,0.05075445816186557,0.9060418102458075,0.7116531883865835
33,0,5,0,0,2,1,0,0,0.17093462550639446,0.17083781977819718,0.9466464952092789,0.27709190672153633,0.8854812772800368,0.6876574307304786
29,0,10,0,0,9,7,1,1,0.017569948039817748,0.024176944322403342,0.9285930408472012,0.027434842249657063,0.864920744314266,0.6649874055415617
26,0,6,0,0,3,4,1,1,0.5706375654607153,0.6088316323464501,0.9935451336359052,0.9122085048010974,0.9641626464507237,0.7804587034336471
22,0,10,0,1,10,1,1,1,0.20261795487351772,0.20196491258606705,0.9503782148260211,0.32373113854595337,0.921548357454629,0.7325997613681559
35,0,1,0,0,1,2,1,0,0.34449802345483643,0.3436471270126934,0.9669188098840141,0.5500685871056241,0.9336090052837124,0.7440010605859737
28,0,3,0,0,2,0,1,0,0.0971338498613058,0.09798504865766593,0.9379727685325264,0.15637860082304528,0.906960716747071,0.7132440673472094
20,0,5,0,2,8,0,1,1,0.5272764861367228,0.5333267683979309,0.9884014120020171,0.8422496570644719,0.9701355387089363,0.7853639135622431
35,0,5,0,0,3,3,1,1,0.6084887462476808,0.6088556845689216,0.9980837115481593,0.9739368998628258,0.9546289915001148,0.7732997481108312
50,0,6,0,0,5,2,1,0,0.21644063639282912,0.24223731408940943,0.7744831064044377,0.345679012345679,0.8915690328509074,0.69866101020814
55,0,1,0,0,1,3,1,0,0.10810519034625168,0.10822935813877485,0.9391830559757942,0.24279835390946503,0.8770962554560073,0.6779795837200053
34,0,2,0,0,2,5,1,0,0.027517919924984948,0.027679508238651177,0.929803328290469,0.0438957475994513,0.9011026878015161,0.7076759909850192
29,0,7,0,0,5,9,0,1,0.2826329429464333,0.2945286340118951,0.9597579425113465,0.45267489711934156,0.9004135079255686,0.7067479782579875
24,0,3,0,0,4,0,1,0,0.092879919497109,0.09293828437156226,0.9374684820978316,0.149519890260631,0.8750287158281644,0.6755932652790667
25,0,5,0,0,7,2,1,1,0.24113749692726727,0.24982972943912254,0.9548159354513364,0.401920438957476,0.9751895244658856,0.7913297096645897
37,0,8,0,0,2,2,0,1,0.6094067200281074,0.6096988336877633,0.9981845688350983,0.9753086419753086,0.9441764300482426,0.7554023598037916
39,0,1,0,0,1,1,1,0,0.290092556256496,0.3021733959787923,0.9606656580937972,0.4842249657064472,0.90144727773949,0.7079411374784569
41,0,8,0,0,2,2,1,1,0.33142449728970347,0.46970124844744693,0.9655068078668684,0.5308641975308642,0.9394670342292671,0.7531486146095718
20,0,3,0,0,6,0,1,0,0.2575444173068344,0.25666744545795933,0.956833081190116,0.411522633744856,0.8970824718584884,0.7009147554023598
24,0,5,1,0,5,3,0,1,0.27062460761857354,0.27038755442436263,0.9583459404942007,0.4334705075445816,0.9019067309901218,0.7066154050112687
21,0,8,0,0,7,0,1,1,0.08679870198314774,0.08705183822214874,0.9367624810892587,0.13991769547325103,0.9696760854583046,0.7848336205753679
35,0,3,0,0,4,2,1,0,0.005188519818650594,0.004570836273918711,0.9271810388300554,0.00823045267489712,0.9692166322076728,0.7841707543417739
26,0,8,0,0,5,13,1,0,0.1408474635339338,0.14960751611188441,0.9276853252647503,0.18244170096021947,0.881461061337009,0.6843430995625083
28,1,10,0,0,7,7,1,1,0.47132668489861973,0.47150358549490634,0.9819465456379224,0.7544581618655692,0.9407305306685044,0.7514251624022272
24,0,1,0,0,2,0,1,0,0.2963410130621147,0.296157479129978,0.9613716591023701,0.47462277091906724,0.9022513209280956,0.7070131247514252
37,0,2,0,0,2,3,1,0,0.11685051716310238,0.1169719088420967,0.940292486132123,0.18792866941015088,0.9029405008040432,0.7079411374784569
22,0,7,0,0,6,3,1,0,0.03705609148635805,0.1273495834758112,0.9309127584467978,0.06035665294924554,0.9159200551343901,0.7234522073445578
51,0,1,0,0,1,0,1,1,0.12099290500787377,0.12115619083094904,0.940695915279879,0.1934156378600823,0.8788192051458764,0.6799681824207875
46,0,5,0,0,2,0,1,0,0.29364508270747214,0.3605101193243573,0.9610690872415532,0.47050754458161864,0.9019067309901218,0.7169561182553361
23,0,3,0,0,4,0,0,1,0.4222499229575987,0.4223535096707966,0.9760968229954614,0.6748971193415638,0.941649437169768,0.7524857483759777
27,0,3,0,0,3,0,0,1,0.40017045317815786,0.401768870580455,0.9735753908219869,0.6406035665294925,0.9208591775786814,0.7284899907198727
25,0,2,0,0,3,1,1,0,0.2002226857859543,0.20704668721169558,0.9500756429652042,0.3388203017832647,0.990810934987365,0.8090945247249105
21,0,5,0,0,7,0,1,0,0.11349777606701553,0.11417056506896625,0.9398890569843671,0.18244170096021947,0.9550884447507466,0.7687922577223916
44,0,4,0,0,3,6,1,1,0.08618775566648364,0.25249447924002605,0.9365607665153808,0.13717421124828533,0.874109809326901,0.7002518891687658
54,0,1,0,0,1,0,1,0,0.07762037447518232,0.07766566951775414,0.9356530509329299,0.12482853223593965,0.9115552492533885,0.7188121437093995
43,0,5,0,0,6,5,1,0,0.07500095766071015,0.07479686825161176,0.935350479072113,0.12071330589849108,0.8726165862623478,0.6728092270979716
22,0,3,0,0,4,0,0,0,0.31615231919105086,0.31589321683513705,0.9636913767019667,0.5075445816186557,0.9048931771192281,0.7100623094259578
31,0,8,0,0,2,9,0,1,0.09639565906428568,0.09616429243612046,0.9378719112455874,0.1550068587105624,0.8992648747989892,0.703566220336736
55,0,1,0,0,1,0,1,0,0.05074081225975739,0.0507815437372081,0.9325264750378215,0.08093278463648834,0.8694004135079255,0.6690971761898449
33,0,8,12,2,5,28,1,1,0.3211630522907776,0.3219933015603574,0.9642965204236006,0.51440329218107,0.9152308752584425,0.7219939016306509
52,0,1,0,0,1,0,1,0,0.368495635247162,0.36851040910346716,0.9698436712052446,0.5898491083676269,0.9118998391913623,0.7181492774758054
22,0,3,0,0,5,1,1,0,0.182853287839161,0.236315857600471,0.9479576399394857,0.38271604938271603,0.8870893636572479,0.6977329974811083
53,0,1,0,0,1,1,1,1,0.025735851641834676,0.0266281350261369,0.929601613716591,0.05212620027434842,0.8787043418332184,0.6834150868354766
20,1,10,0,0,9,1,0,1,0.8078569911084096,0.8173110809443321,0.967523953605648,0.6282578875171467,0.9707098552722261,0.7874850855097442
35,0,7,0,0,3,13,1,0,0.2644586432149091,0.26723632582223456,0.9576399394856279,0.42386831275720166,0.8980013783597519,0.7025056343629855
22,0,6,0,1,7,3,1,1,0.2739683903536488,0.2869766037445227,0.9587493696419567,0.438957475994513,0.9396967608545831,0.7544743470767599
26,0,9,0,0,8,2,1,1,0.4361733115508104,0.4363195652788793,0.9778113968734241,0.6982167352537723,0.9970135538708936,0.8193026647222591
56,0,1,0,0,1,9,1,1,0.5675528501834989,0.5838448901281861,0.9932425617750883,0.9396433470507545,0.9531357684355617,0.7725043086305183
37,0,1,0,0,1,0,0,1,0.33988582817182267,0.34018467000355734,0.9665153807362582,0.5459533607681756,0.9418791637950839,0.7527508948694154
21,0,2,0,0,5,1,1,0,0.29709793497761366,0.29700689712629985,0.9614725163893091,0.47599451303155005,0.9407305306685044,0.7568606655176985
36,0,6,0,0,3,7,1,1,0.11278887374740487,0.1126802114755647,0.9397881996974281,0.18106995884773663,0.9609464736963014,0.7747580538247382
49,0,1,0,0,1,1,1,1,0.015440162265117014,0.01918205971649235,0.9283913262733232,0.02606310013717421,0.8646910176889502,0.6641919660612489
23,0,7,0,0,6,0,0,0,0.25758423334818215,0.25877226826237515,0.956833081190116,0.41289437585733885,0.8970824718584884,0.7011799018957974
30,0,9,0,0,3,12,1,1,0.22007599292233862,0.219235570695706,0.9522945032778618,0.3511659807956104,0.8953595221686194,0.7147023730611163
29,0,2,0,0,2,1,1,1,0.6894419686957722,0.7210500630071861,0.8514372163388805,0.9890260631001372,0.9548587181254308,0.7726368818772372
33,0,5,0,0,2,2,0,1,0.052517537307625775,0.08873228484519534,0.9327281896116995,0.0850480109739369,0.8696301401332415,0.6749303990454726
32,0,2,0,0,1,0,1,1,0.4146568578771221,0.4146093298640511,0.9752899646999496,0.663923182441701,0.9432575235469791,0.759379557205356
26,0,3,0,0,3,3,1,1,0.5220300845797398,0.5221440049775881,0.9878971255673222,0.8628257887517147,0.9985067769354469,0.8181095055017897
29,0,4,0,0,2,1,1,0,0.05669761581762906,0.0680817678997489,0.9332324760463944,0.09190672153635117,0.8702044566965311,0.6717486411242212
25,0,8,1,1,4,3,1,1,0.0703535248334954,0.06986908348484694,0.9348461926374181,0.11248285322359397,0.8862853204686423,0.6884528702107915
28,0,1,0,0,2,2,1,0,0.26185431259819375,0.262763029705369,0.9573373676248109,0.41975308641975306,0.8976567884217781,0.7018427681293915
35,0,1,0,0,1,0,1,0,0.36494170843154883,0.3650923210433431,0.9694402420574887,0.5843621399176955,0.9114403859407305,0.7176189844889301
26,0,7,0,0,5,0,1,0,0.038145277224079226,0.03800929699367387,0.9310136157337368,0.06172839506172839,0.8676774638180565,0.6671085774890627
25,0,3,0,0,4,0,1,0,0.06377609158646923,0.06355824128440497,0.9340393343419062,0.102880658436214,0.9736963014013325,0.7897388307039639
26,0,2,0,0,3,0,1,0,0.0001370569644796318,2.5135118898401457e-06,0.9265758951084215,0.0013717421124828531,0.8626234780611073,0.661275354633435
37,1,9,0,1,10,12,1,1,0.11780691655190381,0.11759820050033988,0.940393343419062,0.18930041152263374,0.9093728463128876,0.7152326660479915
27,0,1,0,0,2,1,1,0,0.2702864642512085,0.2704317544812713,0.9582450832072618,0.43209876543209874,0.8988054215483574,0.7030359273498608
59,0,2,0,0,2,0,1,1,0.4526113776289723,0.4527038180215802,0.9796268280383258,0.7242798353909465,0.9231564438318401,0.7311414556542489
27,0,6,0,0,3,2,1,1,0.27408582234988116,0.2740767838540421,0.9587493696419567,0.438957475994513,0.9856420859177578,0.803128728622564
35,0,9,1,0,8,8,1,0,0.0515367755468049,0.2559656490947249,0.9326273323247605,0.0823045267489712,0.8695152768205835,0.700782182155641
33,0,9,0,0,8,10,1,0,0.1084718077945706,0.2087404365715821,0.9392839132627332,0.1728395061728395,0.8770962554560073,0.6934906535861063
41,0,6,1,0,2,6,0,0,0.30996633255257544,0.30990963785668413,0.9629853756933938,0.5843621399176955,0.9040891339306225,0.7091342966989261
31,0,1,0,0,1,0,0,0,0.25658373737080903,0.2577847064604081,0.956732223903177,0.411522633744856,0.8969676085458305,0.7010473286490786
39,0,4,0,0,1,0,1,0,0.20034214384166163,0.19937862806937678,0.9499747856782652,0.32098765432098764,0.8893866299104066,0.6920323478721994
26,0,3,0,0,4,2,1,1,0.09528346166086166,0.22162861284176671,0.9377710539586485,0.15363511659807957,0.8753733057661383,0.6954792522868886
22,0,2,0,0,4,1,1,0,0.2189158951029954,0.21834220101321553,0.9522945032778618,0.3497942386831276,0.8919136227888812,0.6949489593000132
36,2,6,0,0,3,4,0,1,0.41981822452614315,0.420686087609361,0.9758951084215834,0.6721536351165981,0.9187916379508385,0.7262362455256529
21,0,4,0,0,6,0,1,0,0.05532033236790606,0.05594920496476419,0.9330307614725164,0.08916323731138547,0.8699747300712153,0.6698926156701578
27,0,3,0,0,4,0,1,0,0.006967300720986175,0.01037756535058886,0.9273827534039334,0.012345679012345678,0.8635423845623708,0.6628662335940607
27,0,2,0,0,4,3,1,0,0.3639598243926854,0.36421121094058406,0.9326273323247605,0.5829903978052127,0.9113255226280726,0.7174864112422114
20,0,10,8,1,8,8,1,1,0.26277466004633854,0.2629105718598197,0.9574382249117499,0.42112482853223593,0.8989202848610154,0.7030359273498608
21,0,7,0,0,6,0,1,0,0.3398657165520349,0.34104244319157634,0.9665153807362582,0.5445816186556928,0.9081093498736503,0.7139069335808034
41,0,4,0,0,4,5,1,1,0.31172781249606146,0.3116061689688598,0.9631870902672718,0.4993141289437586,0.9043188605559385,0.7093994431923638
24,0,5,0,0,7,4,1,0,0.13409668302183314,0.16775616478778674,0.9423096318709027,0.26886145404663925,0.8805421548357455,0.6871271377436033
38,0,3,0,0,2,2,0,0,0.2498831812840253,0.2499226598352394,0.9559253656076652,0.40054869684499317,0.896048702044567,0.6998541694286093
22,0,6,1,3,5,2,1,0,0.3822222279163763,0.3822348993297259,0.9714573877962683,0.6117969821673526,0.9137376521938892,0.7202704494233064
28,0,6,0,0,2,5,1,0,0.0636207206334026,0.06376296831805689,0.9340393343419062,0.102880658436214,0.8711233631977946,0.671085774890627
56,0,1,0,0,1,1,1,0,0.09631365331387204,0.09787315267183483,0.9378719112455874,0.24279835390946503,0.8754881690787962,0.6763887047593795
21,0,3,0,0,5,0,1,0,0.3347429741446704,0.33502751982572243,0.9659102370146243,0.5363511659807956,0.9074201699977027,0.7129789208537717
35,0,4,0,0,2,1,0,0,0.0003052199008976844,0.0,0.9265758951084215,0.0013717421124828531,0.8626234780611073,0.661275354633435
26,0,2,0,0,3,0,1,0,0.1949526766634229,0.1958488725245025,0.9494704992435703,0.3113854595336077,0.888697450034459,0.6915020548853241
45,0,1,0,0,1,0,1,0,0.37253309506079374,0.37280448089427454,0.9703479576399395,0.5967078189300411,0.912474155754652,0.7188121437093995
21,0,6,0,0,5,1,1,0,0.06540359338134438,0.09029602702488244,0.9342410489157842,0.1056241426611797,0.8713530898231105,0.6751955455389103
26,0,2,0,0,3,2,1,0,0.07466425438463851,0.07492848487420703,0.935350479072113,0.12345679012345678,0.8726165862623478,0.6728092270979716
23,0,5,0,0,4,4,1,1,0.5853779724688511,0.5854551273104204,0.9953605648008068,0.9368998628257887,0.9801286469101769,0.7968977860267797
44,0,1,0,0,1,0,0,0,0.19657017727255668,0.1967543229597916,0.9496722138174483,0.3168724279835391,0.8889271766597748,0.6916346281320429
60,0,1,0,0,1,0,1,0,0.18733636155730518,0.37379617558535694,0.9485627836611196,0.3004115226337449,0.9888582586721801,0.8085642317380353
34,0,7,0,0,2,1,1,0,0.04673028711914514,0.045772800043999376,0.9319213313161876,0.07407407407407407,0.9264874798989203,0.7365769587697203
22,0,2,0,0,4,0,1,0,0.20435285768389164,0.20452638983323584,0.9505799293998991,0.3278463648834019,0.8899609464736963,0.6928277873525123
53,0,2,0,0,1,0,1,0,0.09365601945597105,0.1022851409552134,0.9375693393847705,0.15089163237311384,0.8751435791408224,0.6770515709929736
32,0,1,0,0,2,0,1,0,0.027838255818631766,0.026770302437771728,0.92970247100353,0.0438957475994513,0.8662991040661613,0.6653851252817181
64,0,6,0,0,2,13,1,0,0.19833761621449836,0.1985118737953957,0.9498739283913262,0.355281207133059,0.8891569032850908,0.6918997746254806
67,0,1,0,0,1,0,0,0,0.33327060494292365,0.3331788666026486,0.9657085224407463,0.5363511659807956,0.9071904433723869,0.7127137743603341
52,0,1,0,0,1,3,0,0,0.26092533453395234,0.2603259663293325,0.9572365103378719,0.4513031550068587,0.8975419251091201,0.701445048389235
23,0,10,0,0,10,4,1,0,0.19321331453587134,0.19433915594820253,0.9492687846696923,0.3100137174211248,0.8884677234091432,0.6912369083918866
51,0,3,0,0,1,3,1,1,0.055206257274137,0.06561820833315823,0.9330307614725164,0.1056241426611797,0.8877785435331955,0.6956118255336073
67,0,3,0,0,1,1,1,0,0.08102362801484478,0.08068663263411308,0.9360564800806859,0.13031550068587106,0.8734206294509533,0.6737372398250033
41,0,7,0,0,1,0,1,0,0.32725902825758063,0.32704465573773817,0.9650025214321735,0.52400548696845,0.9063864001837812,0.7117857616333024
29,0,2,0,0,3,0,1,1,0.04911997461148845,0.04917232984242297,0.9323247604639435,0.07956104252400549,0.8768665288306915,0.6777144372265677
63,0,1,0,0,1,2,1,0,0.2937256880932487,0.2956119477015866,0.9610690872415532,0.4732510288065844,0.9246496668963933,0.7333952008484688
24,0,6,1,3,6,4,1,1,0.551767503001175,0.5521386861678629,0.9914271306101866,0.8834019204389575,0.9401562141052148,0.7524857483759777
30,0,3,0,0,2,6,1,1,0.0689975348715872,0.06899960706755433,0.9346444780635401,0.12345679012345678,0.8757178957041121,0.6762561315126607
59,0,4,0,0,4,17,1,0,0.12903947966581658,0.281576000567239,0.914069591527988,0.46502057613168724,0.9300482425913164,0.7512925891555085
22,0,4,0,0,4,0,0,0,0.1299086095222352,0.12964528416141083,0.9418053454362078,0.20987654320987653,0.8799678382724557,0.6812939148879756
25,0,3,0,0,3,0,0,0,0.09883723950151349,0.09810062053045056,0.9381744831064044,0.16186556927297668,0.87583275901677,0.6763887047593795
31,0,6,0,0,4,5,1,0,0.058598536324977,0.0604895909859463,0.9334341906202723,0.09465020576131687,0.9712841718355157,0.7866896460294313
27,0,6,0,0,5,1,1,1,0.07068535166249751,0.08855327908538846,0.9348461926374181,0.11385459533607682,0.8853664139673788,0.6950815325467321
24,0,3,0,0,3,4,0,1,0.379292615437296,0.380418494563547,0.9711548159354514,0.607681755829904,0.9133930622559154,0.7200053029298688
30,0,2,0,0,2,1,1,1,0.03299897690948682,0.03176144161292197,0.9303076147251639,0.05212620027434842,0.9225821272685504,0.7363118122762826
33,2,9,0,0,9,9,1,1,0.08443885914140307,0.0859665077620476,0.9364599092284418,0.13580246913580246,0.8845623707787733,0.6865968447567281
25,0,9,0,2,8,11,1,1,0.28329537500975416,0.5581165228148047,0.8965204236006051,0.27983539094650206,0.9005283712382265,0.7474479650006629
38,0,1,0,0,1,0,1,0,0.2549022271865976,0.26042029753642354,0.9565305093292991,0.4170096021947874,0.8967378819205146,0.701445048389235
34,0,5,0,0,5,4,1,0,0.008585546204926919,0.008653157106544063,0.9274836106908724,0.013717421124828532,0.9697909487709625,0.7848336205753679
47,0,2,0,0,1,3,1,0,0.02946063287483508,0.032043163576005756,0.9300050428643469,0.04801097393689986,0.8665288306914771,0.666180564762031
54,0,1,0,0,1,2,1,0,0.05661623576205326,0.08927918728007206,0.9332324760463944,0.09190672153635117,0.9334941419710544,0.7440010605859737
30,0,6,0,0,4,1,1,1,0.03183251289346013,0.0317938987012386,0.9303076147251639,0.05212620027434842,0.8729611762003217,0.6730743735914092
47,0,10,0,0,6,5,1,1,0.15470420072941915,0.4037804748786955,0.9447302067574382,0.6748971193415638,0.9820813232253618,0.799549250961156
25,0,4,0,0,4,1,0,0,0.06894482753024711,0.06890719328257688,0.9346444780635401,0.12345679012345678,0.9519871353089823,0.7650802068142649
51,0,5,0,0,1,8,1,0,0.10582504910885114,0.12721897027100595,0.8033282904689864,0.1700960219478738,0.8767516655180335,0.6808961951478192
41,0,1,0,0,1,8,1,1,0.5286359919077198,0.529705056070241,0.9887039838628341,0.8449931412894376,0.9377440845393982,0.7497017101948826
32,0,1,0,0,1,0,1,1,0.2807509720541743,0.2815833821456349,0.9595562279374685,0.4499314128943759,0.9220078107052607,0.7320694683812806
50,0,1,0,0,1,1,1,1,0.379286507463879,0.3830503203391425,0.9711548159354514,0.607681755829904,0.9391224442912933,0.7511600159087896
42,0,2,0,0,1,0,0,0,0.123670273082327,0.12381875496933968,0.9410993444276349,0.20164609053497942,0.8860555938433264,0.6907066154050112
21,0,4,0,0,7,0,1,1,0.26351889922679117,0.26638101647195744,0.9575390821986889,0.4224965706447188,0.8991500114863312,0.7034336470900172
26,0,4,0,0,4,0,1,0,0.22756228268215434,0.2268675862762211,0.9533030761472516,0.3635116598079561,0.8930622559154606,0.6962746917672014
43,0,1,0,0,1,0,0,1,0.16831940978583348,0.1686238728054098,0.946343923348462,0.2716049382716049,0.8900758097863543,0.693755800079544
33,0,9,0,1,7,12,1,1,0.34764851614333897,0.3487935972487039,0.967423096318709,0.5569272976680384,0.9247645302090512,0.7355163727959698
22,0,6,0,0,7,2,1,0,0.13243326832959867,0.17448016674697486,0.9421079172970247,0.299039780521262,0.8803124282104295,0.6881877237173538
26,0,8,0,0,9,5,1,1,0.07302672160902969,0.10331583978732152,0.935148764498235,0.11796982167352538,0.8723868596370319,0.6771841442396924
62,0,1,0,0,1,1,0,1,0.0414458373570229,0.04124794216148849,0.9314170448814927,0.06858710562414266,0.8681369170686882,0.667638870475938
23,0,6,0,0,5,1,1,1,0.3484480548294599,0.3496508538255835,0.967523953605648,0.5582990397805213,0.91982540776476,0.7312740289009678
37,0,2,0,0,3,1,1,0,0.02092034526317872,0.02085340603562159,0.9289964699949571,0.03429355281207133,0.8653801975648978,0.6644571125546864
59,0,1,0,0,1,3,1,1,0.41628078427292386,0.4166832255439093,0.9754916792738275,0.6652949245541838,0.941649437169768,0.7527508948694154
22,1,10,0,0,8,12,1,1,0.5518078553523839,0.5814037832765007,0.9914271306101866,0.8820301783264746,0.950838502182403,0.7634893278536391
24,0,6,0,0,5,2,1,1,0.011259299153650402,0.010564896497603983,0.9278870398386283,0.01783264746227709,0.8651504709395819,0.7006496089089221
23,0,2,0,0,5,0,1,0,0.061906565069318395,0.06199461832267311,0.9338376197680283,0.10013717421124829,0.8708936365724788,0.6708206283971895
29,0,1,0,0,2,1,1,0,0.12555588889530805,0.12534380098771877,0.9413010590015128,0.20164609053497942,0.8793935217091661,0.6806310486543815
67,0,4,0,0,2,8,1,0,0.3641174895601575,0.3648390623670751,0.9693393847705497,0.5829903978052127,0.9113255226280726,0.7176189844889301
50,0,1,0,0,1,0,1,0,0.06636011195011492,0.06797827677976288,0.9343419062027232,0.10699588477366255,0.8714679531357684,0.6717486411242212
27,0,6,0,0,7,0,1,1,0.08271696681099062,0.08337068580893739,0.9362581946545638,0.13305898491083676,0.8990351481736734,0.7352512263025321
32,0,1,0,0,2,3,1,1,0.27576834556383006,0.27739847426251746,0.9589510842158346,0.44170096021947874,0.899494601424305,0.7040965133236113
29,0,4,0,0,5,7,1,1,0.42068430536168533,0.420872693513815,0.9759959657085224,0.6735253772290809,0.9314266023432116,0.7406867294180034
29,0,3,0,0,3,0,1,0,0.12124894330818427,0.12127412719317945,0.9407967725668179,0.19478737997256515,0.8788192051458764,0.6799681824207875
50,0,3,0,0,6,2,1,0,0.033502790365582666,0.033529612781372876,0.9304084720121029,0.053497942386831275,0.9639329198254077,0.7780723849927085
36,0,3,0,0,1,2,1,0,0.05173896436440464,0.051776665944503905,0.9326273323247605,0.0850480109739369,0.9261428899609465,0.7352512263025321
41,0,1,0,0,1,0,1,0,0.10473449280148517,0.10477934947113275,0.9388804841149773,0.1673525377229081,0.8766368022053757,0.6774492907331301
50,0,4,0,0,6,3,1,1,0.03962722055001139,0.06043442287715467,0.9312153303076147,0.06310013717421124,0.8679071904433724,0.6705554819037518
25,0,3,0,0,4,1,1,0,0.09615601794139228,0.13161285729484584,0.9378719112455874,0.15363511659807957,0.8823799678382724,0.684475672809227
31,0,3,0,0,2,0,0,1,0.5658341459172602,0.5667002553320752,0.9930408472012103,0.9053497942386831,0.947162876177349,0.7633567546069203
24,0,5,0,0,4,1,0,1,0.19141433262877114,0.19082842560202012,0.9490670700958144,0.3058984910836763,0.9175281415116012,0.7246453665650272
44,0,1,0,0,1,0,1,0,0.2858641105423611,0.2862404726101765,0.9601613716591024,0.4567901234567901,0.9008729611762003,0.7054222457907994
40,0,6,0,0,4,8,1,1,0.5699227637326336,0.6063179515645066,0.9935451336359052,0.9108367626886146,0.9388927176659775,0.7548720668169163
25,0,3,0,0,3,0,0,0,0.12557096516140082,0.1256036265863551,0.9413010590015128,0.20164609053497942,0.8793935217091661,0.6806310486543815
39,0,1,0,0,1,0,0,0,0.3759911415912558,0.3777997628933697,0.9707513867876955,0.6021947873799726,0.9129336090052838,0.7196075831897123
31,0,5,0,0,7,3,1,0,0.26372140585764187,0.2904965138732593,0.9575390821986889,0.4718792866941015,0.9206294509533655,0.729020283706748
21,0,8,0,1,7,0,1,1,0.33249097924330867,0.3373425636245612,0.9655068078668684,0.5308641975308642,0.9419940271077418,0.7528834681161342
36,0,2,0,0,3,4,0,1,0.8178408858226002,0.9064439579888245,0.9977811396873424,0.9890260631001372,0.9720882150241213,0.8012727031685006
30,0,2,0,0,1,0,1,0,0.22831429835559153,0.22771956745858088,0.9534039334341906,0.3662551440329218,0.8931771192281185,0.6964072650139201
25,0,4,0,0,4,1,1,0,0.24885164885636243,0.2489577593795993,0.9557236510337872,0.5075445816186557,0.9465885596140593,0.7589818374651995
23,0,5,0,0,5,0,1,1,0.36250879833707395,0.3623372040323606,0.9690368129097328,0.578875171467764,0.9110957960027567,0.7172212647487737
20,0,5,0,4,7,2,1,1,0.22927463068337367,0.22948326795370994,0.9535047907211296,0.3676268861454047,0.9778313806570181,0.7965000662866234
25,0,6,0,0,5,8,1,1,0.33762209404350335,0.36178721186547697,0.9661119515885023,0.5390946502057613,0.9181024580748909,0.72544080604534
25,0,4,0,0,4,0,0,1,0.06091500758962873,0.06025480115791234,0.9336359051941503,0.09739368998628258,0.8981162416724099,0.7074108444915816
40,0,6,0,0,2,2,1,0,0.07834217802644944,0.07838126535930866,0.9357539082198689,0.1262002743484225,0.8730760395129795,0.6733395200848469
23,0,2,0,0,3,1,1,0,0.2808221820857192,0.28007883168072906,0.9595562279374685,0.5102880658436214,0.9320009189065013,0.7414821688983163
41,0,5,0,0,2,3,1,1,0.23184800430311198,0.23271305125351768,0.9538073625819465,0.3717421124828532,0.9324603721571331,0.7440010605859737
47,0,9,0,0,3,28,1,1,0.5914974467528975,0.6199389109314609,0.9960665658093797,0.9465020576131687,0.9462439696760855,0.7577886782447302
22,0,3,0,0,4,2,1,1,0.5847517313894842,0.5848254081359637,0.9952597075138678,0.9355281207133059,0.9769124741557547,0.7986212382341243
33,0,1,0,0,2,1,0,0,0.10252029781366034,0.10340658452092548,0.9385779122541603,0.1646090534979424,0.8762922122674018,0.6771841442396924
25,0,9,0,0,6,0,1,0,0.38993158285171464,0.3897062885852017,0.9723651033787191,0.6241426611796982,0.9147714220078107,0.7214636086437757
38,0,1,0,0,2,1,1,0,0.22081762007513484,0.22081137375853252,0.9524962178517398,0.35390946502057613,0.8921433494141972,0.6953466790401697
26,0,7,0,0,6,7,1,0,0.26630600225780493,0.2819334954757134,0.9578416540595058,0.4513031550068587,0.9287847461520791,0.7376375447434708
24,0,4,0,0,3,0,1,0,0.3264847855199039,0.3262127429111787,0.9648008068582955,0.5212620027434842,0.9062715368711234,0.7116531883865835
49,0,2,0,0,1,2,1,0,0.23186262371265645,0.23198562302990466,0.9538073625819465,0.3717421124828532,0.8936365724787503,0.6970701312475143
22,0,4,1,0,6,3,1,1,0.06790221136545672,0.0681380685791154,0.9345436207766011,0.10973936899862825,0.8916838961635654,0.6990587299482964
21,0,6,0,0,6,1,1,1,0.31843296694332013,0.31957110068940864,0.9639939485627836,0.5102880658436214,0.9052377670572019,0.7105926024128331
26,0,2,0,0,3,0,1,0,0.2952530687824051,0.2961986689335166,0.9612708018154311,0.4732510288065844,0.9021364576154376,0.7070131247514252
24,0,3,0,0,4,3,1,1,0.26694311850935337,0.26699030963674797,0.9579425113464448,0.4279835390946502,0.8990351481736734,0.7034336470900172
37,0,2,0,0,1,1,1,1,0.5134126080747548,0.5133280656879806,0.9868885526979324,0.821673525377229,0.9436021134849529,0.7565955190242609
20,0,10,0,1,8,2,1,1,0.23346742172341564,0.34353325399577106,0.9540090771558245,0.37448559670781895,0.9086836664369401,1.0
34,0,3,0,0,2,2,0,0,0.02075729713376842,0.020887800415711023,0.9289964699949571,0.03429355281207133,0.8653801975648978,0.6644571125546864
23,0,3,0,0,5,0,1,1,0.11510870191451994,0.1150609443677459,0.940090771558245,0.18518518518518517,0.9108660693774409,0.7176189844889301
54,0,9,0,0,6,11,1,1,0.4499071841298046,0.4612404991858457,0.9794251134644478,0.8930041152263375,0.9619802435102228,0.7843033275884926
40,0,2,0,0,1,0,1,0,0.19004495478366595,0.18913217266507337,0.9487644982349975,0.30315500685871055,0.8880082701585114,0.6904414689115737
31,0,8,0,0,4,6,1,1,0.074023165467453,0.07411275588507266,0.935249621785174,0.11934156378600823,0.9478520560532966,1.0
24,0,10,0,2,5,6,1,0,0.045542092622083565,0.05090144719570012,0.9319213313161876,0.07270233196159122,0.9790948770962554,0.7955720535595917
24,0,10,0,0,9,0,1,1,0.05150680178457305,0.05178235860186706,0.9325264750378215,0.0823045267489712,0.8779002986446129,0.6793053161871935
33,0,9,0,0,6,0,0,0,0.2120297162143186,0.2174170696804807,0.95148764498235,0.3401920438957476,0.8909947162876177,0.6948163860532944
33,0,9,0,0,9,7,1,1,0.43117409918143124,0.4311679388663042,0.9772062531517902,0.6899862825788752,0.9325752354697909,0.745989659286756
26,0,5,0,0,3,3,0,1,0.6756799001224186,0.68165507584999,0.9642965204236006,0.9327846364883402,0.9530209051229037,0.7665385125281718
43,0,1,0,0,1,0,1,1,0.11338171464042793,0.11350382871940473,0.9398890569843671,0.18244170096021947,0.9603721571330117,0.7744929073313005
43,0,1,0,0,1,0,1,0,0.08003175272190415,0.11441169331828763,0.9359556227937469,0.1289437585733882,0.8733057661382955,0.678907596447037
30,0,10,0,0,9,8,1,1,0.04293023380398596,0.04315396902552605,0.9316187594553706,0.06995884773662552,0.8747989892028486,0.675328118785629
32,0,4,0,1,2,8,1,0,0.028497688519396554,0.03127760547637215,0.929904185577408,0.04663923182441701,0.8734206294509533,0.6787750232003181
29,0,2,0,0,2,0,1,0,0.24557292845275866,0.24466439296169382,0.9554210791729703,0.39231824417009603,0.8954743854812773,0.6990587299482964
57,0,1,0,0,1,3,1,0,0.0997003904961483,0.10044685969424628,0.9382753403933434,0.15912208504801098,0.875947622329428,0.676786424499536
34,0,2,0,0,1,1,0,0,0.013184164903125902,0.025917139010689073,0.9184064548663641,0.04938271604938271,0.8643464277509764,0.6652525520349993
26,0,4,0,0,4,2,0,1,0.057697049106944266,0.05752243490672323,0.9333333333333333,0.09327846364883402,0.8703193200091891,0.6701577621635953
37,0,7,0,0,6,2,1,0,0.011246735598573102,0.010571105766106552,0.9278870398386283,0.01783264746227709,0.8641167011256604,0.6628662335940607
45,0,2,0,0,2,3,1,0,0.36239405782181067,0.36320994900859294,0.9691376701966717,0.578875171467764,0.9110957960027567,0.7173538379954925
34,0,7,0,0,5,10,1,0,0.030172425308696727,0.03025954374752045,0.9301059001512859,0.04938271604938271,0.8666436940041351,0.6659154182685934
31,0,1,1,0,2,3,1,1,0.21321426579065814,0.21230213259363362,0.95148764498235,0.3401920438957476,0.9411899839191362,0.7518228821423837
38,0,9,0,0,6,3,1,1,0.3007045492712388,0.30155365137325824,0.961875945537065,0.48148148148148145,0.9108660693774409,0.7276945512395598
58,0,2,0,0,1,3,1,0,0.17631840184110806,0.17539581031743778,0.907816439737771,0.28669410150891633,0.8861704571559844,0.6883202969640726
24,0,2,1,0,4,1,1,0,0.3143136106275798,0.3141766273019907,0.9634896621280887,0.5034293552812071,0.9046634504939123,0.7097971629325203
21,0,4,0,0,6,0,1,1,0.30329722011430926,0.30239516124521526,0.962077660110943,0.4883401920438957,0.9585343441304848,0.7719740156436431
23,0,8,0,0,6,3,1,1,0.02165709596890539,0.043209981594834024,0.9290973272818961,0.03566529492455418,0.872157133011716,0.6799681824207875
57,0,1,0,0,1,0,1,0,0.323654718110025,0.32384231243729694,0.9645990922844175,0.5185185185185185,0.9059269469331496,0.7112554686464272
56,0,2,0,0,1,3,1,1,0.23693628383607468,0.23712172130380849,0.9544125063035804,0.4156378600823045,0.952561451872272,0.7654779265544214
25,0,3,0,0,3,1,1,1,0.11590189426728557,0.11528502444946663,0.940191628845184,0.18518518518518517,0.8945554789800138,0.7121834813734589
41,0,6,0,0,3,19,1,0,0.047199429135893284,0.09959839544156637,0.9321230458900656,0.1728395061728395,0.8689409602572938,0.6766538512528172
20,0,10,4,0,10,4,1,0,0.18654029895361676,0.18653195951727816,0.9484619263741806,0.299039780521262,0.8875488169078797,0.6900437491714172
33,0,9,0,0,9,12,1,1,0.08187217946326328,0.08351622112780802,0.9361573373676249,0.13168724279835392,0.8735354927636113,0.6741349595651598
41,0,1,0,0,1,0,1,1,0.2172586380424984,0.21979294444098546,0.9520927887039838,0.3484224965706447,0.8916838961635654,0.6952141057934509
53,0,1,0,0,2,15,1,1,0.00634780324153824,0.07496572061556324,0.9272818961169944,0.010973936899862825,0.8811164713990352,0.6826196473551638
24,0,8,0,0,5,3,1,1,0.3700949907059984,0.3702767423284413,0.9700453857791226,0.5925925925925926,0.9121295658166781,0.718414423969243
34,0,6,0,0,2,5,1,1,0.3503002207977766,0.3504583071016576,0.967725668179526,0.5610425240054869,0.9431426602343211,0.7563303725308232
26,0,3,0,0,3,0,0,0,0.3836203380657017,0.38310317363263635,0.9715582450832073,0.6131687242798354,0.9139673788192052,0.7204030226700252
31,0,6,0,0,2,10,0,0,0.08782778128977974,0.08778475047170323,0.9368633383761977,0.1412894375857339,0.8743395359522168,0.6747978257987538
35,0,2,0,0,1,0,0,0,0.37949339395859455,0.3797837284956515,0.9711548159354514,0.607681755829904,0.9133930622559154,0.71987272968315
27,0,6,1,0,3,6,1,1,0.41534213276785614,0.44047888104093647,0.9753908219868885,0.663923182441701,0.9403859407305307,0.7510274426620708
31,0,3,0,0,2,2,1,0,0.11073338675178182,0.11011638960860934,0.9395864851235501,0.17695473251028807,0.8774408453939812,0.6782447302134429
21,0,5,0,0,6,0,1,1,0.5536138192193412,0.5633728921358959,0.9916288451840646,0.8861454046639232,0.9504939122444291,0.7654779265544214
21,0,9,0,0,6,0,1,1,0.3612477749472204,0.4440627714723236,0.9689359556227938,0.5775034293552812,0.9109809326900988,0.7298157231870609
43,0,7,0,0,4,11,1,1,0.21294628963010817,0.27822436658233685,0.9270801815431164,0.31824417009602196,0.8911095796002757,0.7042290865703301
26,0,2,0,0,3,3,1,0,0.16903450946383802,0.20353067153616378,0.946343923348462,0.32647462277091904,0.8852515506547208,0.6926952141057935
67,0,1,0,0,1,0,1,0,0.04501394658896053,0.0447555032970272,0.9317196167423096,0.07544581618655692,0.86859637031932,0.6681691634628132
21,0,10,0,0,10,1,1,1,0.04299961640933775,0.0429542590808242,0.9316187594553706,0.06858710562414266,0.8853664139673788,0.6875248574837598
35,0,1,0,0,1,2,1,0,0.16257385272321412,0.17371173748158567,0.9455370650529501,0.2784636488340192,0.9550884447507466,0.7999469707013125
35,0,2,0,2,2,3,1,1,0.20785288535847363,0.2077390355519765,0.950983358547655,0.3676268861454047,0.9767976108430967,0.7930531618719342
27,0,2,0,0,2,0,0,1,0.5414725982259208,0.5427820139725629,0.9902168431669188,0.8669410150891632,0.948885825867218,0.7652127800609837
35,0,3,0,0,2,2,1,0,0.1949380572538784,0.19508081084780865,0.9494704992435703,0.31275720164609055,0.888697450034459,0.6913694816386053
23,0,2,0,0,4,0,1,0,0.23443560999749513,0.23456682091383763,0.9541099344427635,0.37585733882030176,0.8939811624167241,0.6974678509876707
21,0,8,0,0,8,1,1,0,0.024032313026665593,0.03472437538956329,0.929399899142713,0.039780521262002745,0.9172984148862853,0.7263688187723717
37,0,5,0,0,2,1,1,1,0.14370672010458121,0.14274672148387726,0.9433182047402925,0.5075445816186557,0.9727773949000689,0.7884130982367759
26,0,10,0,0,10,3,1,1,0.009847294606259226,0.038059110229308885,0.9275844679778114,0.015089163237311385,0.8638869745003446,0.6671085774890627
29,0,8,0,0,6,6,1,1,0.25845262826145793,0.25927417585397483,0.956933938477055,0.7366255144032922,0.9519871353089823,0.7650802068142649
28,0,3,0,0,4,0,0,0,0.05590428442156613,0.21905463757895594,0.9331316187594554,0.09053497942386832,0.906960716747071,0.7131114941004906
52,0,1,0,0,1,2,0,1,0.26192513529483896,0.2620871533125717,0.9573373676248109,0.41975308641975306,0.8976567884217781,0.7017101948826727
30,0,2,0,0,2,3,1,0,0.08332933335561998,0.10476524201309492,0.8022188603126575,0.10425240054869685,0.8737652193889272,0.6774492907331301
29,0,4,0,0,2,3,1,1,0.44654153187039725,0.47926404848737303,0.9790216843166919,0.7969821673525377,0.9676085458304617,0.7837730346016174
25,0,5,0,0,5,2,1,1,0.03439018455226782,0.03455882138904039,0.9306101865859808,0.056241426611796985,0.8938662991040661,0.6973352777409518
29,0,2,0,0,2,0,0,1,0.19655925244205466,0.19676149590676575,0.9496722138174483,0.3168724279835391,0.9275212497128417,0.7361792390295638
29,0,1,0,0,2,3,1,0,0.09018871661457459,0.09046441245184253,0.9371659102370147,0.14540466392318244,0.8746841258901906,0.6751955455389103
38,0,2,0,0,4,8,1,0,0.04995816733425823,0.049195587278526194,0.9324256177508825,0.12345679012345678,0.9175281415116012,0.7565955190242609
34,0,8,0,0,3,13,1,1,0.00468371319614547,0.02002099646758192,0.9270801815431164,0.00823045267489712,0.8707787732598208,0.6876574307304786
56,0,1,0,0,2,1,1,0,0.0017072828525320396,0.0008735198929414814,0.9266767523953605,0.0027434842249657062,0.8628532046864231,0.6614079278801538
25,0,8,1,1,9,3,1,1,0.19329607509275604,0.19336604932330945,0.9492687846696923,0.3100137174211248,0.9734665747760165,0.7902691236908392
37,0,3,0,0,2,2,1,0,0.20606931739404535,0.2115578449641824,0.9507816439737771,0.34705075445816186,0.8901906730990122,0.6938883733262627
25,0,6,0,0,5,3,1,1,0.3587433767346061,0.35976842468543274,0.9687342410489158,0.5733882030178327,0.910636342752125,0.7168235450086172
29,0,2,0,0,2,3,1,1,0.5075399257117484,0.5064832263963177,0.9860816944024205,0.8106995884773662,0.9946014243050769,0.8134694418666313
26,0,5,0,0,4,0,1,0,0.33916522635191076,0.33932582385394117,0.9664145234493192,0.5432098765432098,0.9079944865609925,0.7136417870873658
35,0,6,0,0,7,4,1,0,0.021468980319325048,0.026061720585917703,0.9582450832072618,0.45816186556927296,0.8654950608775557,0.6652525520349993
51,0,1,0,0,1,1,1,0,0.30815410180557556,0.30839226152675936,0.9626828038325769,0.49382716049382713,0.9038594073053067,0.7088691502054886
30,0,4,0,0,4,3,1,1,0.09270403965769089,0.10249278882876893,0.9374684820978316,0.149519890260631,0.8921433494141972,0.6953466790401697
25,0,6,0,0,4,0,1,0,0.24301395574595483,0.24401630428729923,0.9551185073121533,0.3895747599451303,0.8951297955433035,0.6989261567015776
64,0,10,0,0,6,8,1,1,0.16733966105475007,0.415786915151856,0.946243066061523,0.6652949245541838,0.9743854812772801,0.790401696937558
33,0,5,0,0,6,4,1,1,0.44306138738732886,0.4438485368067405,0.978618255168936,0.7091906721536351,0.9218929473926029,0.7298157231870609
42,0,1,0,0,1,0,0,0,0.04221824273684245,0.2826049608041664,0.9315179021684317,0.06858710562414266,0.8682517803813462,0.7048919528039241
20,0,4,0,0,6,0,1,0,0.3716161939000891,0.37200845267224514,0.9702471003530005,0.5953360768175583,0.912359292441994,0.7186795704626806
50,0,7,0,0,2,0,1,0,0.34850681055423244,0.37370703035931924,0.967523953605648,0.5582990397805213,0.9254537100849989,0.7347209333156569
36,0,6,0,0,4,11,1,1,0.10657744218552387,0.10763892128057291,0.9390821986888552,0.17146776406035666,0.8816907879623248,0.6883202969640726
34,0,5,0,0,1,5,0,1,0.5536846915743069,0.5536964177756395,0.9916288451840646,0.9149519890260631,0.9655410062026188,0.7884130982367759
45,0,1,0,0,2,1,1,0,0.12223970625474653,0.12130778639587818,0.9407967725668179,0.20987654320987653,0.8789340684585344,0.6799681824207875
27,0,8,0,0,9,1,1,0,0.026668712986736332,0.027526541667236677,0.92970247100353,0.0438957475994513,0.9881690787962325,1.0
32,0,8,0,0,8,6,1,0,0.35356451049345367,0.35304383657129795,0.9680282400403429,0.5651577503429356,0.9099471628761774,0.7157629590348668
26,0,1,0,0,2,1,1,0,0.20115083952207602,0.20180522013501057,0.9501765002521432,0.3223593964334705,0.8895014932230646,0.6924300676123558
21,0,9,1,0,7,2,1,1,0.14340064608057157,0.16073067055460263,0.9433182047402925,0.262002743484225,0.923386170457156,0.7352512263025321
27,0,2,0,0,3,0,1,0,0.10847675376328877,0.10913136118819132,0.9392839132627332,0.17421124828532236,0.8770962554560073,0.6781121569667241
33,0,7,0,0,7,2,1,0,0.0020436087253681446,0.22336793326504728,0.9267776096822995,0.00411522633744856,0.8628532046864231,0.6957443987803261
56,0,2,0,0,2,3,1,0,0.05767801010687851,0.22098936616571976,0.9333333333333333,0.09327846364883402,0.8703193200091891,0.6953466790401697
51,0,8,0,1,3,12,1,1,0.011427452158404362,0.011162138714084734,0.9278870398386283,0.019204389574759947,0.9496898690558235,0.7661407927880154
52,0,1,0,0,1,2,1,0,0.05350887629070541,0.055319863313832554,0.9328290468986384,0.08641975308641975,0.8822651045256146,0.6884528702107915
56,0,1,0,0,1,6,1,0,0.10838764687304883,0.10835275865728751,0.9392839132627332,0.17421124828532236,0.8770962554560073,0.6779795837200053
23,0,9,0,0,9,5,1,1,0.44569730069585906,0.44642652574071134,0.9531013615733737,0.3607681755829904,0.9512979554330346,0.7978257987538114
28,0,7,0,0,7,1,1,0,0.3219227650038866,0.3212971382455085,0.9643973777105396,0.51440329218107,0.9056972203078337,0.7108577489062707
23,0,5,0,0,5,0,0,1,0.007879613452879979,0.00899452778657093,0.9274836106908724,0.013717421124828532,0.8636572478750287,0.662601087100623
28,0,3,0,0,3,0,1,1,0.3535441903087199,0.36581533820261186,0.9681290973272819,0.5651577503429356,0.9226969905812084,0.7519554553891025
51,0,1,0,0,1,4,1,1,0.35959912863949184,0.3599044026982242,0.9688350983358548,0.5761316872427984,0.9107512060647829,0.7168235450086172
32,0,5,0,1,2,8,0,1,0.2945437691962307,0.29980581680100693,0.9611699445284921,0.48148148148148145,0.9020215943027797,0.7075434177383004
46,0,7,0,0,6,2,1,0,0.3160047644576252,0.3185203533711594,0.7742813918305598,0.5281207133058985,0.9048931771192281,0.7104600291661143
20,0,5,0,0,6,1,0,0,0.20025044478709347,0.2002563007210928,0.9500756429652042,0.37585733882030176,0.8893866299104066,0.6921649211189183
51,0,1,0,0,1,0,1,0,0.06732015625963837,0.14536441993177573,0.9343419062027232,0.10699588477366255,0.8715828164484264,0.6836802333289143
26,0,2,0,0,2,0,0,0,0.2920860895315086,0.29194364102305337,0.9608673726676752,0.46776406035665297,0.9016770043648059,0.7063502585178311
44,0,5,0,0,2,10,0,1,0.08690552696212911,0.09117390830802014,0.9367624810892587,0.13991769547325103,0.8742246726395589,0.675328118785629
56,0,1,0,0,1,0,1,0,0.3066481437158672,0.30681996545878315,0.9625819465456379,0.4924554183813443,0.9036296806799908,0.7086040037120509
36,0,1,0,0,1,0,0,0,0.38027762795034853,0.3797222716397205,0.9712556732223904,0.607681755829904,0.9135079255685734,0.71987272968315
21,0,6,0,0,7,0,1,0,0.11346019465008865,0.11349120155097792,0.9398890569843671,0.18244170096021947,0.877785435331955,0.6787750232003181
27,0,1,0,0,2,0,1,1,0.5073677007247165,0.5110312920407838,0.9861825516893595,0.8120713305898491,0.9576154376292212,0.7800609836934906
26,0,10,0,0,10,13,1,1,0.33295072590582514,0.33847855178081376,0.9656076651538074,0.532235939643347,0.9186767746381805,0.7265013920190906
23,0,3,0,0,4,0,1,1,0.4333728206365996,0.43350268343224796,0.9775088250126072,0.6941015089163237,0.954514128187457,0.7927880153784966
28,0,4,0,1,3,2,1,0,0.03186975663380785,0.0422938313480613,0.9303076147251639,0.05212620027434842,0.9479669193659546,0.7615007291528569
30,0,2,1,0,2,1,1,0,0.3315943585406814,0.3324632608262645,0.9655068078668684,0.5308641975308642,0.906960716747071,0.7125812011136152
36,0,5,0,0,1,1,1,0,0.21988288164571965,0.2198570638312504,0.9523953605648008,0.35253772290809327,0.8920284861015392,0.6952141057934509
28,0,4,0,0,3,0,1,1,0.06781489217475346,0.06716930347475931,0.9344427634896622,0.1083676268861454,0.8718125430737422,0.674665252552035
23,0,6,0,0,4,2,0,0,0.05521925782243438,0.0551503453162976,0.9330307614725164,0.08916323731138547,0.8699747300712153,0.6697600424234389
33,0,6,0,0,4,13,1,1,0.04460554662980351,0.043995826616519226,0.9317196167423096,0.07133058984910837,0.9333792786583965,0.7429404746122232
56,0,1,0,0,1,0,1,0,0.36564889257327143,0.3659477396767459,0.9695410993444277,0.5857338820301783,0.9115552492533885,0.7177515577356489
46,0,2,0,0,1,0,1,0,0.021665955013276103,0.021722008187909037,0.9290973272818961,0.03429355281207133,0.8654950608775557,0.6645896858014053
34,0,1,0,0,1,1,1,1,0.20364670643523466,0.2036179688838951,0.9504790721129601,0.32647462277091904,0.8898460831610384,0.6926952141057935
30,0,3,0,0,2,0,1,0,0.2560733292897556,0.2568911976903031,0.956631366616238,0.4101508916323731,0.8968527452331725,0.7009147554023598
30,0,4,0,0,5,0,1,0,0.015473641904773596,0.06302428393250241,0.9282904689863842,0.024691358024691357,0.92706179646221,0.7364443855230015
47,0,1,0,0,1,3,1,0,0.3607510924259431,0.36081474106967854,0.9689359556227938,0.5775034293552812,0.9108660693774409,0.7169561182553361
54,0,2,0,0,1,6,1,1,0.24035264717233953,0.24039444293716522,0.9491679273827534,0.7489711934156379,0.9728922582127268,0.7886782447302134
21,2,10,0,1,9,2,1,1,0.28337894996309443,0.40287654447233584,0.9598587997982855,0.4540466392318244,0.9005283712382265,0.7234522073445578
54,0,1,0,0,1,0,1,0,0.019756701839754368,0.019097713013153446,0.9288956127080181,0.03155006858710562,0.8652653342522398,0.6641919660612489
37,0,9,0,0,3,17,1,0,0.11193464138712533,0.15031613770305685,0.9396873424104891,0.17969821673525377,0.9288996094647369,0.7491714172080074
26,0,7,0,0,6,5,1,1,0.2292999862218024,0.2518362570394353,0.9535047907211296,0.3676268861454047,0.9132781989432576,0.7197401564364311
21,0,7,0,0,7,0,0,1,0.44977006757534044,0.44977870614124177,0.9794251134644478,0.720164609053498,0.9228118538938663,0.7307437359140926
25,0,6,0,0,4,0,0,0,0.08359127106440156,0.08352478495092676,0.9363590519415028,0.13443072702331962,0.8737652193889272,0.6741349595651598
25,1,9,4,0,9,10,1,1,0.04068033448374778,0.04658376031492377,0.9313161875945537,0.06584362139917696,0.8770962554560073,0.6801007556675063
52,1,8,0,0,2,9,1,1,0.08252806655994696,0.11512006653871996,0.9362581946545638,0.13305898491083676,0.8811164713990352,0.7010473286490786
21,0,5,0,0,7,1,1,0,0.15808625016624364,0.18834748008362226,0.9451336359051942,0.3017832647462277,0.9975878704341833,0.8183746519952274
37,0,2,0,0,1,0,1,0,0.033833177103291326,0.03373913833772359,0.9305093292990418,0.05486968449931413,0.8671031472547668,0.6664457112554687
21,0,4,0,0,6,0,1,1,0.2595233113089744,0.25959530928609814,0.957034795763994,0.4156378600823045,0.8973121984838043,0.7013124751425163
49,0,1,0,0,1,1,1,0,0.33676393867590715,0.3376094926263645,0.9660110943015633,0.5679012345679012,0.9076498966230186,0.7133766405939281
45,0,3,0,0,1,15,1,1,0.19171666241541785,0.1916671139823696,0.9490670700958144,0.30727023319615915,0.9648518263266712,0.7800609836934906
27,0,1,0,0,2,0,1,0,0.24827997233952098,0.24830513048807562,0.9557236510337872,0.39780521262002744,0.895818975419251,0.6995890229351717
24,0,4,0,0,3,0,0,1,0.3778107317013484,0.3779202525068084,0.9709531013615734,0.6049382716049383,0.9524465885596141,0.7648150603208272
24,0,6,0,0,4,5,1,0,0.36681256579168803,0.365948514593455,0.9695410993444277,0.5857338820301783,0.9626694233861705,0.7768792257722391
31,0,3,0,0,3,1,0,1,0.16388279639231507,0.16331209693961649,0.9457387796268281,0.29218106995884774,0.8953595221686194,0.6989261567015776
57,0,1,0,0,1,1,1,0,0.04646602540096586,0.046572325326049435,0.9320221886031266,0.09465020576131687,0.8688260969446359,0.6684343099562509
27,0,10,0,0,5,2,1,1,0.0612806020765461,0.06120277266390703,0.9337367624810893,0.09876543209876543,0.8780151619572708,0.7087365769587697
21,0,8,0,0,7,0,0,1,0.055116435304082376,0.05528188246025604,0.9330307614725164,0.08916323731138547,0.9098322995635194,0.7157629590348668
25,0,6,0,0,4,3,1,1,0.033820107033345294,0.03371269182131744,0.9305093292990418,0.05486968449931413,0.9919595681139444,0.820760970436166
32,0,1,0,0,1,0,0,0,0.36918288653905057,0.37704129826207344,0.9699445284921836,0.5898491083676269,0.9645072363886974,0.7803261301869283
46,1,4,0,0,5,8,1,1,0.4645897193312721,0.4646416185570059,0.9548159354513364,0.3840877914951989,0.9247645302090512,0.7329974811083123
39,0,1,0,0,1,0,1,0,0.22159407757390423,0.23633143541329024,0.9525970751386788,0.355281207133059,0.892258212726855,0.6977329974811083
25,0,2,0,0,4,0,1,0,0.2224546661992031,0.22233140268796153,0.9526979324256177,0.35665294924554186,0.892373076039513,0.6956118255336073
38,0,5,0,0,3,2,1,1,0.24398128989692233,0.24984692662916724,0.9552193645990923,0.39094650205761317,0.9117849758787043,0.7188121437093995
28,0,3,0,0,3,0,1,0,0.1614158802799867,0.16139402906209874,0.9455370650529501,0.2606310013717421,0.8842177808407995,0.6861991250165717
36,0,4,0,0,1,1,1,1,0.23861616522737486,0.2398402582721887,0.9498739283913262,0.3497942386831276,0.8945554789800138,0.6982632904679835
47,0,4,0,0,3,11,1,0,0.20602989861926133,0.28243922797671067,0.9507816439737771,0.4718792866941015,0.9143119687571789,0.7282248442264351
25,0,3,0,0,3,0,0,0,0.2996539083218615,0.3005919698024099,0.961775088250126,0.48010973936899864,0.9027107741787274,0.7076759909850192
59,0,1,0,0,1,0,0,0,0.2413928400110913,0.2414433920512561,0.9549167927382753,0.38820301783264743,0.8949000689179876,0.6985284369614212
20,0,10,0,0,10,1,1,1,0.2763437762496986,0.27733969981057954,0.9590519415027736,0.44170096021947874,0.908798529749598,0.7145697998143975
34,0,9,0,0,5,10,0,1,0.5366595251049675,0.547920516475231,0.9796268280383258,0.8271604938271605,0.934413048472318,0.7458570860400371
35,0,3,0,0,1,0,1,0,0.037776474809659906,0.03779587698411835,0.9310136157337368,0.06035665294924554,0.8676774638180565,0.6671085774890627
60,0,1,0,0,1,0,1,0,0.1957639545765014,0.1967852997584972,0.9495713565305093,0.31412894375857336,0.888812313347117,0.6916346281320429
46,0,2,0,0,1,0,1,1,0.013024642514468523,0.012883506900270673,0.9280887544125063,0.02194787379972565,0.8643464277509764,0.6632639533342172
22,0,6,0,0,8,1,1,0,0.05433595548135543,0.05507804956126849,0.9329299041855774,0.0877914951989026,0.8753733057661383,0.676786424499536
20,0,10,0,0,10,0,1,1,0.38558273557378364,0.39512660246441994,0.9718608169440242,0.6172839506172839,0.914197105444521,0.7222590481240886
55,0,7,0,0,5,0,0,1,0.5726502569157629,0.5772409108454452,0.9938477054967222,0.9176954732510288,0.9392373076039513,0.7503645764284768
26,0,9,0,0,7,4,0,1,0.5675452822554603,0.5675716293018221,0.9932425617750883,0.9080932784636488,0.9521019986216402,0.7653453533077025
25,0,5,0,0,4,0,1,0,0.09357296094916358,0.09292037187378606,0.9374684820978316,0.149519890260631,0.9159200551343901,0.7233196340978391
22,0,3,0,0,5,0,1,1,0.3041543127938475,0.3033041385450138,0.962178517397882,0.48559670781893005,0.954399264874799,0.7670688055150471
29,0,2,0,0,3,2,1,0,0.19674706021004815,0.19923298346738053,0.9496722138174483,0.31550068587105623,0.8889271766597748,0.6920323478721994
30,0,8,0,0,8,5,1,1,0.08270467141084384,0.08434375269451207,0.9362581946545638,0.13305898491083676,0.8736503560762693,0.6742675328118786
28,0,3,0,0,4,9,1,1,0.03174493547949046,0.04479051363655208,0.9303076147251639,0.05212620027434842,0.8774408453939812,0.6783773034601618
50,0,6,0,0,3,18,1,1,0.5125866610938113,0.5400942253018075,0.9113464447806354,0.5843621399176955,0.9311968757178957,0.7446639268195678
41,0,1,0,0,1,3,1,0,0.37354084115295455,0.37371168979440356,0.9704488149268785,0.598079561042524,0.9125890190673099,0.7189447169561183
29,0,2,0,0,2,1,1,1,0.002694569716661839,0.0026934713932890166,0.9264750378214825,0.0,0.8629680679990811,0.6616730743735915
45,0,3,0,0,1,20,1,1,0.0996062979105338,0.10073167138933695,0.9382753403933434,0.15912208504801098,0.875947622329428,0.676786424499536
32,0,2,0,1,1,4,0,0,0.325353211439835,0.3247588700120834,0.9648008068582955,0.5212620027434842,0.9061566735584654,0.711388041893146
37,0,1,0,0,1,0,0,0,6.920383539812133e-05,1.7882693287400246e-07,0.9265758951084215,0.0,0.8626234780611073,0.661275354633435
24,0,2,0,0,3,0,1,0,0.375834787403444,0.3762299604676241,0.9706505295007565,0.6008230452674898,0.9650815529519872,0.7807238499270848
47,0,7,0,0,2,22,1,1,0.25763917531394315,0.2578462229253167,0.956833081190116,0.41289437585733885,0.9085688031242821,0.714172080074241
36,0,1,0,0,1,0,1,0,0.014650694286386148,0.014008060067648837,0.9282904689863842,0.023319615912208505,0.8645761543762922,0.663396526580936
32,0,1,0,0,1,5,0,0,0.28698003231981994,0.2861477210409925,0.9600605143721634,0.45816186556927296,0.9009878244888583,0.7054222457907994
36,0,6,0,0,2,7,0,1,0.09954337088684229,0.10487911503001725,0.9382753403933434,0.16049382716049382,0.8775557087066391,0.6865968447567281
27,0,5,0,0,3,1,1,0,0.08694599849330696,0.08695359269219367,0.9367624810892587,0.13991769547325103,0.9117849758787043,0.7394935701975341
25,0,4,0,0,3,0,0,0,0.3279635507133264,0.3281671921347067,0.9651033787191124,0.5253772290809328,0.9065012634964392,0.7119183348800212
33,0,8,0,0,7,2,1,1,0.5847440144864842,0.5848145990413545,0.9952597075138678,0.9355281207133059,0.9686423156443832,0.7835078881081797
30,0,1,0,0,2,0,1,0,0.09879984678620438,0.09787000333085032,0.9381744831064044,0.15775034293552812,0.87583275901677,0.6763887047593795
49,0,5,0,0,2,0,1,0,0.037035483283365644,0.03722705831513496,0.9309127584467978,0.06035665294924554,0.8675626005053986,0.6669760042423439
30,0,4,0,0,2,4,1,0,0.12979154499757425,0.13227519251489273,0.9418053454362078,0.24142661179698216,0.8974270617964623,0.702240487869548
25,0,5,0,0,3,0,0,0,0.2575388357116143,0.2575513075085187,0.956833081190116,0.411522633744856,0.9423386170457156,0.7548720668169163
36,0,1,0,0,1,4,1,1,0.22605897634675873,0.23538007613040057,0.9318204740292486,0.24417009602194786,0.8928325292901448,0.6976004242343895
24,0,6,0,0,6,6,1,1,0.37343780013799255,0.3736655723153813,0.9704488149268785,0.598079561042524,0.9730071215253848,0.7979583720005303
46,0,6,0,0,3,12,1,1,0.16990118619922576,0.20383466738721998,0.9465456379223399,0.32647462277091904,0.8973121984838043,0.7031685005965796
22,0,9,0,0,7,1,1,1,0.08154515955968206,0.08521675597631413,0.9360564800806859,0.13031550068587106,0.8821502412129566,0.6871271377436033
25,0,4,0,0,4,0,0,0,0.12098836623738339,0.12214966385653057,0.940695915279879,0.1934156378600823,0.8788192051458764,0.6801007556675063
53,0,1,0,0,1,1,1,0,0.13478561276495332,0.13492583485775841,0.9424104891578416,0.22908093278463648,0.8806570181484034,0.6820893543682884
24,0,7,0,0,5,2,1,1,0.06890818962140903,0.07667210707870617,0.9346444780635401,0.1111111111111111,0.8952446588559614,0.7144372265676786
52,0,9,0,0,3,7,1,1,0.096224536491968,0.19663048530877633,0.9378719112455874,0.1550068587105624,0.8952446588559614,0.7030359273498608
43,0,7,0,0,3,6,0,0,0.015497835438503478,0.014793219586091354,0.9282904689863842,0.024691358024691357,0.8646910176889502,0.6635290998276547
30,0,8,0,0,3,8,0,1,0.10382171328137901,0.10428074024296162,0.9387796268280383,0.1673525377229081,0.8765219388927177,0.6773167174864112
26,0,3,0,0,3,0,1,1,0.4840888434627815,0.4849913088620399,0.983459404942007,0.7750342935528121,0.9274063864001838,0.7361792390295638
40,0,4,0,0,1,2,1,0,0.03452060716513351,0.034682420604145135,0.9306101865859808,0.056241426611796985,0.8672180105674248,0.6665782845021875
39,0,2,0,0,2,2,1,0,0.21059131330376896,0.21033958648397827,0.951285930408472,0.3374485596707819,0.8907649896623019,0.693755800079544
22,0,3,0,1,6,2,1,1,0.05754829264216341,0.056905621075922376,0.9333333333333333,0.09190672153635117,0.8797381116471399,0.696539838260639
34,0,1,0,0,1,0,1,0,0.11342870134325062,0.11266955140339949,0.9398890569843671,0.18106995884773663,0.877785435331955,0.6786424499535993
37,0,8,0,0,4,23,0,1,0.34792697020950675,0.34680920444874913,0.9672213817448311,0.5555555555555556,0.9091431196875718,0.7148349463078351
47,0,4,0,0,5,1,1,0,0.36213654963521447,0.36255220367982316,0.9690368129097328,0.578875171467764,0.9110957960027567,0.7172212647487737
26,0,3,0,0,3,1,1,1,0.05497243610640193,0.05426864905859194,0.9330307614725164,0.0877914951989026,0.8699747300712153,0.6696274691767201
28,0,5,0,0,3,2,0,1,0.4506354233994038,0.45067234406413154,0.9795259707513868,0.720164609053498,0.9229267172065242,0.7308763091608114
29,0,4,0,0,3,1,0,0,0.31695199692046905,0.31769073549023846,0.9637922339889057,0.5075445816186557,0.9050080404318861,0.7103274559193955
50,0,1,0,0,1,5,1,1,0.6110822414188709,0.6113532411224176,0.9983862834089763,0.9780521262002744,0.945210199862164,0.7599098501922312
41,0,3,0,0,1,0,0,0,0.10999573226462271,0.11018670833254723,0.9394856278366112,0.17695473251028807,0.8773259820813232,0.6782447302134429
31,0,5,0,0,2,1,1,1,0.20193185565466396,0.20197098276695516,0.9502773575390822,0.32373113854595337,0.9074201699977027,0.7129789208537717
33,0,3,0,0,3,0,1,0,0.07057771228706053,0.10415966447457632,0.9348461926374181,0.11248285322359397,0.8720422696990581,0.6773167174864112
40,0,1,0,0,1,0,0,0,0.38482295333902594,0.383945547834769,0.9716591023701462,0.6145404663923183,0.9140822421318631,0.720535595916744
53,0,7,0,0,1,4,1,0,0.2079332225893197,0.20883793698931685,0.950983358547655,0.3374485596707819,0.8904203997243281,0.6934906535861063
22,0,7,0,0,5,0,0,0,0.10823934726481624,0.10814740572937054,0.9392839132627332,0.1755829903978052,0.8770962554560073,0.6779795837200053
21,0,8,1,0,7,6,1,1,0.25176904538860867,0.25151549119600736,0.9579425113464448,0.4279835390946502,0.9230415805191822,0.7320694683812806
38,0,4,0,1,3,10,1,1,0.04637548835109656,0.05440788569549356,0.9319213313161876,0.07407407407407407,0.9168389616356536,0.7238499270847143
22,0,4,0,0,5,1,1,1,0.039553179994200105,0.03888054181063601,0.9312153303076147,0.06310013717421124,0.8963932919825408,0.7002518891687658
58,0,6,0,0,1,24,1,1,0.22145033659949018,0.22346379443589734,0.9525970751386788,0.35390946502057613,0.892258212726855,0.6957443987803261
26,0,3,0,0,4,2,1,1,0.10056280654764024,0.10156772703984132,0.9383761976802824,0.16186556927297668,0.8781300252699288,0.6791727429404746
28,0,2,0,0,2,4,1,1,0.37710088587364893,0.3768500229877055,0.9708522440746344,0.6035665294924554,0.948885825867218,0.7608378629192629
52,0,1,0,0,1,1,0,0,0.24037873765391113,0.24237854762706149,0.9548159354513364,0.3950617283950617,0.8998391913622789,0.7043616598170489
33,0,2,0,0,2,0,0,0,0.3082477077396495,0.30900905548790103,0.9627836611195159,0.49382716049382713,0.9038594073053067,0.7090017234522074
22,0,2,0,0,5,1,1,0,0.05441229025157213,0.054293674894364694,0.9329299041855774,0.13580246913580246,0.9463588329887433,0.7589818374651995
39,0,3,0,0,6,3,1,0,0.05858027199471048,0.05844978170645978,0.9334341906202723,0.09465020576131687,0.870434183321847,0.6702903354103142
20,0,5,0,0,7,0,0,0,0.3744499260940182,0.37451376832766187,0.9705496722138175,0.5994513031550068,0.9127038823799678,0.7190772902028371
20,0,6,0,0,7,0,1,1,0.5287417740619714,0.5296994528263442,0.9887039838628341,0.8463648834019204,0.9392373076039513,0.7497017101948826
43,0,7,1,0,3,23,1,0,0.12296317832558122,0.2097603958528882,0.9409984871406959,0.19753086419753085,0.9383184011026878,0.7495691369481638
26,0,9,0,1,4,12,1,1,0.6052111878487758,0.6137605596186194,0.9976802824004034,0.9684499314128944,0.9736963014013325,0.7894736842105263
31,0,5,0,0,4,0,1,0,0.09358027065393583,0.09471125406271197,0.9374684820978316,0.149519890260631,0.9577303009418792,0.7775420920058332
24,0,3,0,0,4,0,1,0,0.011213166573939684,0.01049254113359724,0.9278870398386283,0.01783264746227709,0.8641167011256604,0.6628662335940607
23,0,10,1,0,8,1,1,0,0.8147198802447889,0.8174157046348931,0.8850226928895613,0.35665294924554186,0.9716287617734896,0.7874850855097442
46,0,1,0,0,1,0,1,0,0.0706327734327906,0.07060221430065272,0.9348461926374181,0.11385459533607682,0.8720422696990581,0.6721463608643776
20,0,6,0,0,8,0,1,0,0.23682109639592722,0.2363206561231698,0.9543116490166415,0.38271604938271603,0.8943257523546979,0.6977329974811083
27,0,1,0,0,2,0,1,0,0.1006590046460424,0.10084287193709576,0.9383761976802824,0.16186556927297668,0.8760624856420859,0.676786424499536
23,0,6,0,0,5,0,0,1,0.13682104773077317,0.1373436842733406,0.9425113464447806,0.22085048010973937,0.8862853204686423,0.6920323478721994
31,0,1,0,0,1,1,1,0,0.21149982220831526,0.21056035826744082,0.951285930408472,0.37448559670781895,0.8908798529749598,0.693755800079544
23,0,9,0,0,6,6,1,1,0.023296317127409972,0.027526650950362323,0.929299041855774,0.037037037037037035,0.883184011026878,0.7158955322815855
27,0,7,0,0,8,1,1,1,0.19221414940148665,0.3358110798365987,0.9491679273827534,0.30864197530864196,0.9076498966230186,0.7738300410977065
49,0,4,0,0,1,4,1,0,0.22497098240872868,0.22517451248474768,0.9530005042864347,0.3950617283950617,0.9070755800597289,0.7152326660479915
23,0,8,0,2,5,4,1,1,0.30394589682286166,0.30397489850056497,0.9622793746848209,0.4869684499314129,0.9703652653342523,0.78682221927615
51,0,2,0,0,1,0,1,1,0.1090202144224428,0.10932230861318233,0.9393847705496722,0.17421124828532236,0.8779002986446129,0.6790401696937558
22,0,3,0,0,4,0,0,0,0.23345007110624566,0.23265175335486032,0.9540090771558245,0.37448559670781895,0.8938662991040661,0.697202704494233
35,0,8,0,0,4,1,1,0,0.21235961630048672,0.21203053422191642,0.95148764498235,0.3401920438957476,0.8909947162876177,0.6940209465729815
38,0,1,0,0,1,0,1,0,0.1247516426004072,0.1324962623432434,0.9412002017145739,0.20027434842249658,0.8792786583965082,0.6816916346281321
23,0,4,0,0,5,0,0,0,0.22854372972779763,0.2284442735388824,0.9534039334341906,0.3662551440329218,0.8931771192281185,0.696539838260639
26,0,9,0,0,4,2,0,1,0.6341795279978626,0.6337272423727556,0.9947554210791729,0.9835390946502057,0.9475074661153228,0.7591144107119183
24,0,6,0,0,5,2,1,1,0.3836078241689449,0.38370540313357837,0.9716591023701462,0.6145404663923183,0.934183321847002,0.7438684873392549
20,0,5,0,0,6,0,1,0,0.2508818200402131,0.25088238424465575,0.9560262228946041,0.401920438957476,0.8961635653572249,0.6999867426753281
27,0,5,0,0,4,0,1,0,0.33638922692135265,0.3384622288557742,0.9661119515885023,0.5390946502057613,0.9970135538708936,0.817181492774758
52,0,3,0,0,1,7,1,1,0.44223784386909587,0.4423159601875215,0.978517397881997,0.7078189300411523,0.9315414656558695,0.7406867294180034
39,0,4,0,0,1,0,1,1,0.534738622089465,0.5347757732305202,0.989409984871407,0.8559670781893004,0.9546289915001148,0.7674665252552035
27,0,7,0,0,4,1,1,1,0.02415105600255824,0.04754050427545889,0.929399899142713,0.039780521262002745,0.8658396508155295,0.6685668832029696
38,0,1,0,0,1,1,0,0,0.3015398419480935,0.3023194379739727,0.961976802824004,0.5130315500685871,0.9029405008040432,0.7079411374784569
24,0,6,0,0,6,3,1,1,0.358010757601142,0.4413619383702979,0.9686333837619768,0.5733882030178327,0.9661153227659086,0.7829775951213045
21,0,3,0,0,6,0,1,1,0.06275757957043189,0.06267690268056506,0.9339384770549672,0.10150891632373114,0.8710084998851367,0.6709532016439083
35,0,1,0,0,1,0,1,0,0.009441913872986391,0.009448400477034753,0.9276853252647503,0.01646090534979424,0.8638869745003446,0.6627336603473419
24,0,10,4,0,10,14,1,1,0.11683913547605213,0.2705571817050232,0.940292486132123,0.18792866941015088,0.9246496668963933,0.7409518759114411
21,0,6,0,0,7,0,0,0,0.20360656264897187,0.2053191196918367,0.9504790721129601,0.32647462277091904,0.8898460831610384,0.692960360599231
24,0,7,0,0,7,0,1,0,0.062041427136033535,0.06379717393638384,0.9338376197680283,0.10013717421124829,0.8708936365724788,0.671085774890627
36,0,8,0,0,2,4,1,1,0.3513243640673545,0.3829867274948466,0.9444276348966213,0.45953360768175583,0.9096025729382036,0.7204030226700252
48,0,1,0,0,1,1,1,0,0.3769581877239646,0.37684350573948516,0.9708522440746344,0.6035665294924554,0.9130484723179416,0.7194750099429935
41,0,1,0,0,1,0,1,0,0.3184603088145674,0.3185318877083298,0.9639939485627836,0.5089163237311386,0.9052377670572019,0.7104600291661143
24,0,3,0,0,6,1,1,0,0.01218273534932806,0.012283721367411269,0.9279878971255673,0.0205761316872428,0.8642315644383184,0.6631313800874984
34,0,3,0,0,2,5,1,1,0.21809006730202105,0.2200252306919592,0.9521936459909228,0.3497942386831276,0.9023661842407535,0.7104600291661143
27,0,9,0,0,7,5,1,0,0.20173691695185192,0.20197808617012208,0.9502773575390822,0.3223593964334705,0.8896163565357225,0.6924300676123558
27,0,3,0,0,3,2,0,0,0.25336456722510525,0.253485557971673,0.9563287947554211,0.4513031550068587,0.9294739260280267,0.7392284237040965
29,0,2,0,0,2,2,1,1,0.2781387457645053,0.29910296734583447,0.9505799293998991,0.4046639231824417,0.8998391913622789,0.7074108444915816
42,0,4,0,0,4,8,1,0,0.29456981995114595,0.294704351343103,0.9611699445284921,0.4718792866941015,0.9076498966230186,0.7132440673472094
28,0,3,0,0,3,1,1,1,0.3648106005338607,0.36505289963947396,0.9694402420574887,0.5843621399176955,0.9807029634734665,0.7980909452472491
45,0,9,0,0,7,15,1,1,0.2756644106990997,0.5589640531935018,0.9589510842158346,0.44170096021947874,0.9583046175051688,0.7897388307039639
28,0,7,0,0,8,2,1,0,0.21660922639080318,0.21632351318146734,0.9519919314170449,0.34705075445816186,0.9036296806799908,0.7200053029298688
20,0,4,0,2,7,0,1,0,0.3089236667294646,0.3084282752840743,0.9627836611195159,0.49794238683127573,0.9039742706179646,0.7088691502054886
29,0,5,0,0,4,0,1,1,0.18570293055896667,0.18540135603867108,0.9483610690872416,0.29766803840877915,0.8874339535952217,0.6899111759246984
31,0,1,0,1,3,2,1,1,0.3501048451017445,0.3865770954351356,0.967624810892587,0.6186556927297668,0.9094877096255456,0.7209333156569004
53,0,1,0,0,1,0,1,0,0.08868369210129094,0.08864600085008363,0.9369641956631367,0.14266117969821673,0.8744543992648748,0.6749303990454726
31,0,3,0,0,2,3,1,1,0.22414241346846475,0.23692442552270043,0.9528996469994957,0.35939643347050754,0.9184470480128647,0.7257059525387777
32,0,5,0,0,4,6,1,1,0.09952563293477268,0.10052893132160584,0.9382753403933434,0.16049382716049382,0.910636342752125,0.7165583985151797
23,0,3,0,0,4,0,1,1,0.5658662748506003,0.5657376597569033,0.9929399899142713,0.9039780521262003,0.9396967608545831,0.7502320031817579
23,0,5,0,0,6,0,1,0,0.2034228169315923,0.20528372189395724,0.9504790721129601,0.32647462277091904,0.9321157822191593,0.7571258120111362
45,0,1,0,0,1,0,0,0,0.19677172053199038,0.1968108819447278,0.9496722138174483,0.31550068587105623,0.8889271766597748,0.6916346281320429
21,0,5,0,0,7,1,1,1,0.4643413979339616,0.4653733187573487,0.9811396873424105,0.7434842249657064,0.9392373076039513,0.7498342834416015
62,0,8,0,0,5,13,1,1,0.571712548918784,0.5719422787592181,0.9937468482097832,0.9149519890260631,0.9535952216861935,0.78125414291396
42,0,2,0,0,1,0,1,0,0.0335142217109534,0.035358535432852924,0.9305093292990418,0.05486968449931413,0.8671031472547668,0.6667108577489063
39,0,1,0,0,1,0,1,0,0.32192612190634995,0.3238970732180748,0.9643973777105396,0.5157750342935528,0.9056972203078337,0.7112554686464272
29,0,7,0,0,5,0,1,1,0.10502972144830558,0.10503702914657459,0.9388804841149773,0.16872427983539096,0.9753043877785436,0.8020681426488134
28,0,2,0,0,2,1,1,0,0.022541391476393613,0.029193705423102585,0.9291981845688351,0.04801097393689986,0.8656099241902137,0.6657828450218746
23,1,5,0,1,4,5,1,1,0.5320196006158069,0.5779182774626831,0.98910741301059,0.850480109739369,0.9486560992419021,0.7634893278536391
27,0,5,0,1,3,5,1,1,0.040340482870158755,0.04491414265614564,0.9313161875945537,0.06584362139917696,0.9221226740179187,0.7300808696804985
22,0,4,0,0,5,0,1,1,0.09303022530148833,0.09272370198694307,0.9374684820978316,0.149519890260631,0.910521479439467,0.7165583985151797
35,0,6,0,0,6,5,1,1,0.07222285271736438,0.07323812329121551,0.935047907211296,0.11659807956104253,0.9075350333103607,0.7131114941004906
64,0,1,0,0,1,0,0,0,0.09887814802591144,0.10154875151529746,0.9381744831064044,0.15912208504801098,0.87583275901677,0.6769189977462549
31,0,10,2,0,10,8,1,1,0.22856323551607574,0.2310389132472697,0.9534039334341906,0.3662551440329218,0.9263726165862624,0.7348535065623757
27,0,3,0,0,3,0,1,0,0.35268428696824344,0.35303219295100197,0.9680282400403429,0.5651577503429356,0.9098322995635194,0.7157629590348668
39,6,7,1,0,5,17,1,1,0.05405928911472434,0.20865218548020878,0.9329299041855774,0.0877914951989026,0.8698598667585573,0.6934906535861063
28,0,3,0,1,3,3,1,1,0.3828148900394457,0.3837931177441531,0.9715582450832073,0.6131687242798354,0.9138525155065472,0.720535595916744
27,0,2,0,0,4,0,1,0,0.2960714974936304,0.2961964037923669,0.9613716591023701,0.47462277091906724,0.9022513209280956,0.7070131247514252
31,0,4,0,0,3,5,1,0,0.2996953134294641,0.30077220748108763,0.961775088250126,0.48010973936899864,0.9027107741787274,0.7076759909850192
43,0,9,0,0,5,5,1,0,0.0784516051014231,0.07816563981758103,0.9357539082198689,0.1262002743484225,0.8730760395129795,0.6733395200848469
30,0,4,0,0,5,3,1,0,0.3150564097167389,0.3161246486907648,0.9635905194150277,0.5116598079561042,0.9047783138065701,0.7100623094259578
34,0,8,0,0,2,0,0,1,0.6248168191460157,0.6509916514745736,1.0,1.0,0.9462439696760855,0.7617658756462946
22,0,4,0,0,5,0,1,0,0.24553179150008658,0.24560153550342,0.9554210791729703,0.39231824417009603,0.9411899839191362,0.7530160413628529
58,0,2,0,0,1,0,1,0,0.061228887901615264,0.06098560722359076,0.9337367624810893,0.09876543209876543,0.9055823569951758,0.7209333156569004
39,0,1,0,0,1,0,0,1,0.06875254058174782,0.06871422908717623,0.9346444780635401,0.11385459533607682,0.9302779692166322,0.7393609969508154
29,0,6,0,0,6,10,1,1,0.19688053184379029,0.19679572139475193,0.9495713565305093,0.31412894375857336,0.9225821272685504,0.7304785894206549
38,0,1,0,0,1,0,1,0,0.24633271068751636,0.2457300325895196,0.9555219364599092,0.3936899862825789,0.8955892487939352,0.6991913031950152
43,0,1,0,0,1,0,1,0,0.22512829996795747,0.22515998776386648,0.9530005042864347,0.3607681755829904,0.8927176659774868,0.6960095452737638
35,0,7,0,0,3,12,0,1,0.291908014794326,0.29189327143696053,0.9608673726676752,0.4691358024691358,0.9077647599356765,0.7152326660479915
23,0,7,0,0,8,0,1,0,0.18973347793438985,0.19077739038234381,0.9488653555219364,0.3045267489711934,0.9045485871812543,0.7298157231870609
27,0,4,0,0,4,6,1,1,0.3466559257705837,0.3468552027098162,0.9673222390317701,0.5555555555555556,0.7149092579830002,1.0
33,0,2,0,0,1,1,1,0,0.2618524752403366,0.26181056765639327,0.9573373676248109,0.44170096021947874,0.9606018837583276,0.7751557735648946
29,0,4,0,0,2,2,1,0,0.008745197705217504,0.008692300335184262,0.9275844679778114,0.04938271604938271,0.8637721111876866,0.662601087100623
46,0,1,0,0,1,0,1,0,0.37595905238457217,0.37597274772917366,0.9707513867876955,0.6021947873799726,0.9129336090052838,0.7193424366962747
40,0,4,0,0,2,6,1,0,0.10326693052515928,0.10313348598993806,0.9386787695410993,0.16598079561042525,0.9794394670342292,0.7968977860267797
27,0,3,0,0,2,0,1,1,0.43096930826783925,0.43376068102223714,0.9772062531517902,0.6954732510288066,0.9202848610153916,0.7282248442264351
48,0,4,0,0,2,7,1,1,0.12366083800143891,0.1265637086496372,0.9410993444276349,0.19890260631001372,0.8791637950838502,0.6807636219011004
22,0,5,0,0,6,0,0,0,0.0027007472117275156,0.0035981270422097826,0.9268784669692385,0.0054869684499314125,0.8629680679990811,0.6618056476203102
26,0,5,0,0,4,0,1,1,0.11018994595595599,0.10987712910725353,0.9394856278366112,0.17695473251028807,0.9439467034229267,0.755137213310354
61,0,2,0,0,1,8,1,1,0.1323562085479032,0.13219475019958823,0.9421079172970247,0.24142661179698216,0.9285550195267631,0.7437359140925361
21,0,6,0,1,7,1,1,1,0.3675158070627659,0.40875496327942923,0.9697428139183056,0.588477366255144,0.9550884447507466,0.79464404083256
25,0,3,0,0,5,2,1,1,0.06348754694958322,0.06354978674441188,0.9340393343419062,0.102880658436214,0.9681828623937514,0.7853639135622431
55,0,5,0,0,1,0,1,0,0.029379401794220668,0.029399972355343144,0.9300050428643469,0.04801097393689986,0.8665288306914771,0.6657828450218746
37,0,2,0,0,1,1,1,1,0.08015929515218294,0.0800086301877805,0.9359556227937469,0.1289437585733882,0.8733057661382955,0.6736046665782845
24,0,2,0,0,3,0,1,0,0.3434470944872004,0.343633208316418,0.9669188098840141,0.5500685871056241,0.9317711922811854,0.7420124618851915
22,0,7,0,1,8,0,1,1,0.0455774096195973,0.0455795477385402,0.9319213313161876,0.07270233196159122,0.868711233631978,0.668301736709532
24,0,4,0,0,4,0,0,0,0.3733946768525019,0.37370309616679603,0.9704488149268785,0.598079561042524,0.9125890190673099,0.7189447169561183
26,0,2,0,0,3,0,1,0,0.054344168967560114,0.05429187669020635,0.9329299041855774,0.0877914951989026,0.994486560992419,0.8133368686199125
40,0,2,0,0,2,0,0,0,0.27470077112717467,0.27404378035009724,0.9588502269288957,0.438957475994513,0.8993797381116472,0.703566220336736
30,0,2,0,0,2,1,1,0,0.17882576962128607,0.19264011132413703,0.9475542107917297,0.3100137174211248,0.8865150470939582,0.6909717618984489
22,0,2,0,0,3,1,1,1,0.4612000622397525,0.49200020199495553,0.9807362581946546,0.7379972565157751,0.9243050769584195,0.7372398250033143
28,0,3,0,0,4,0,0,0,0.20794214122367496,0.20787520232653045,0.950983358547655,0.3401920438957476,0.8904203997243281,0.6933580803393875
55,0,1,0,0,1,2,1,1,0.01740606565062366,0.01719627604039299,0.9285930408472012,0.02880658436213992,0.8694004135079255,0.6702903354103142
50,0,1,0,0,1,0,1,0,0.35982292875815736,0.3599384493592775,0.9688350983358548,0.5761316872427984,0.9107512060647829,0.7168235450086172
37,0,1,0,0,1,2,1,0,0.1261951801812928,0.12622932215482202,0.9414019162884518,0.2030178326474623,0.879508385021824,0.6807636219011004
35,0,7,0,0,5,5,1,0,0.10987870746661811,0.10924612833977801,0.9394856278366112,0.1755829903978052,0.9960946473696302,1.0
48,0,4,0,0,2,8,0,1,0.3221572416614518,0.341801374759864,0.9643973777105396,0.5500685871056241,0.9201699977027338,0.7291528569534668
67,0,7,0,0,7,4,1,1,0.454300306766261,0.47750989536349353,0.9799293998991427,0.7270233196159122,0.9287847461520791,0.7400238631844094
24,0,2,0,0,3,0,1,1,0.47028063237805323,0.4705179411150529,0.9818456883509834,0.7517146776406035,0.9255685733976567,0.733925493835344
51,0,4,0,0,1,0,1,1,0.4343151667207098,0.4345829570640806,0.9776096822995461,0.6954732510288066,0.9903514817367333,0.8090945247249105
26,0,4,0,0,4,4,1,0,0.1125686986861332,0.12807362392252924,0.9397881996974281,0.25102880658436216,0.9733517114633586,0.7892085377170887
51,0,1,0,0,1,1,1,0,0.09441340815968241,0.0945204457253354,0.9376701966717095,0.1522633744855967,0.9337238685963704,0.7432056211056609
25,0,3,0,0,3,4,1,1,0.5888684657459041,0.5959693561770434,0.9957639939485627,0.9423868312757202,0.9747300712152539,0.7906668434309956
21,0,2,2,0,4,3,1,1,0.5829176708448085,0.5828337231710796,0.9950579929399899,0.9327846364883402,0.9417643004824259,0.7524857483759777
42,1,8,0,1,6,13,1,1,0.11851212429247197,0.11848133730833814,0.940494200706001,0.1906721536351166,0.8999540546749368,0.7070131247514252
37,0,1,0,0,1,1,0,0,0.35010729822277536,0.3570942964053829,0.967725668179526,0.5747599451303155,0.9094877096255456,0.7164258252684608
23,0,8,0,0,5,1,1,0,0.036076392413595094,0.03698287013829551,0.9308119011598588,0.05761316872427984,0.883184011026878,0.6911043351451677
25,0,6,0,0,5,6,1,0,0.001866288794656598,0.006170910125468056,0.9267776096822995,0.00411522633744856,0.9230415805191822,0.7308763091608114
38,1,8,1,0,4,9,1,1,0.4050565438935208,0.41561036329496137,0.9741805345436207,0.6488340192043895,0.9317711922811854,0.7410844491581599
48,0,1,0,0,1,0,0,0,0.32447447766423865,0.3245410190685245,0.9646999495713565,0.5185185185185185,0.9060418102458075,0.711388041893146
43,0,7,0,0,5,8,1,1,0.09293025317073093,0.39160195342196213,0.9374684820978316,0.149519890260631,0.9151160119457845,0.7237173538379955
30,0,2,0,1,2,3,1,0,0.3537805440507986,0.35364862925827784,0.9681290973272819,0.5665294924554184,0.9099471628761774,0.7158955322815855
30,0,5,0,0,2,3,0,0,0.3270406905541661,0.3271231011522922,0.9650025214321735,0.522633744855967,0.9063864001837812,0.7117857616333024
29,0,6,0,0,6,8,1,1,0.5185901136779265,0.5187095244486172,0.9874936964195663,0.8299039780521262,0.9380886744773719,0.7483759777276946
33,0,5,0,0,2,3,1,1,0.4651205767086924,0.4678221549064661,0.9812405446293495,0.7448559670781894,0.9248793935217091,0.7335277740951875
34,0,2,0,0,2,3,1,0,0.3530675002272613,0.3530606661726473,0.9680282400403429,0.5651577503429356,0.9098322995635194,0.7157629590348668
67,0,1,0,0,1,0,1,0,0.3184745408892123,0.31785137175010736,0.9639939485627836,0.5089163237311386,0.9052377670572019,0.7103274559193955
24,0,7,0,0,5,2,1,0,0.11936722070752757,0.11953151834129992,0.94059505799294,0.19204389574759945,0.9151160119457845,0.7218613283839321
37,0,10,0,0,10,1,1,0,0.0773593008211768,0.07924748315249112,0.9356530509329299,0.12482853223593965,0.8900758097863543,0.6948163860532944
21,0,4,0,0,5,0,0,0,0.20621594848271038,0.206270488909556,0.9507816439737771,0.33058984910836764,0.8901906730990122,0.6930929338459498
22,0,6,0,1,7,1,1,0,0.011260798834928403,0.01118365755500724,0.9278870398386283,0.019204389574759947,0.8736503560762693,0.6744001060585973
34,2,7,0,1,3,8,1,1,0.4294177141816248,0.4327138678965112,0.9770045385779123,0.6872427983539094,0.9318860555938433,0.7412170224048787
27,0,4,0,0,2,0,1,1,0.25833637813325255,0.25754635002854626,0.956933938477055,0.41289437585733885,0.8971973351711463,0.7010473286490786
21,0,5,0,0,5,0,1,1,0.5605292965170915,0.5607584821165964,0.9924357034795764,0.897119341563786,0.9485412359292442,0.7604401431791065
27,0,2,0,0,2,4,1,1,0.3202761348239688,0.320407633211734,0.9641956631366616,0.5130315500685871,0.9316563289685275,0.7994166777144373
34,0,6,0,0,3,4,1,1,0.19421344304167304,0.1942745398164574,0.9493696419566313,0.3113854595336077,0.888582586721801,0.6912369083918866
31,0,1,0,0,1,0,1,0,0.01224163011739793,0.012216502310309853,0.9279878971255673,0.0205761316872428,0.8866299104066161,0.6957443987803261
26,0,2,0,0,3,2,1,0,0.2969848331869257,0.3038865579957252,0.9614725163893091,0.47599451303155005,0.9650815529519872,0.7808564231738035
56,0,5,0,0,4,10,0,1,0.02512748755783469,0.05950932134890864,0.929500756429652,0.0411522633744856,0.8745692625775328,0.675328118785629
26,0,4,0,0,3,1,1,0,0.2431359265126776,0.2431595941260479,0.9551185073121533,0.3895747599451303,0.8951297955433035,0.6987935834548588
32,0,2,0,0,1,0,0,0,0.2128041079269567,0.21230354333943738,0.95148764498235,0.3443072702331962,0.8911095796002757,0.6940209465729815
26,0,7,0,0,7,2,1,0,0.013864225670211288,0.013086237033172167,0.9281896116994452,0.02194787379972565,0.8644612910636342,0.6632639533342172
20,0,10,1,1,8,1,1,1,0.10383077095903158,0.10744948394968172,0.9387796268280383,0.1673525377229081,0.8765219388927177,0.6778470104732864
23,0,9,0,0,5,4,0,1,0.26701722858681326,0.3806285168613779,0.9579425113464448,0.4279835390946502,0.9166092350103378,0.724115073578152
31,0,8,0,0,5,9,1,1,0.5912634070885524,0.5908460042895216,0.9960665658093797,0.9451303155006858,0.9437169767976108,0.7616333023995757
49,0,1,0,0,1,2,1,0,0.017168609493830655,0.01744896843137356,0.9285930408472012,0.02880658436213992,0.8897312198483804,0.694418666313138
57,0,7,0,0,4,19,1,0,0.25176104046734993,0.35200012311240847,0.9561270801815431,0.40329218106995884,0.8962784286698828,0.715630385788148
27,0,8,0,0,4,12,1,1,0.2874493630381858,0.2875667326230069,0.9603630862329803,0.4609053497942387,0.9184470480128647,0.7257059525387777
32,0,2,0,0,1,1,0,0,0.29611370706602447,0.2971002944594081,0.9613716591023701,0.47462277091906724,0.9022513209280956,0.707145697998144
44,0,1,0,0,1,0,1,0,0.2327457870104381,0.23289272264690805,0.9539082198688855,0.3731138545953361,0.8937514357914083,0.697202704494233
27,0,2,0,0,2,1,0,1,0.17195465706703797,0.1718283620290455,0.9467473524962179,0.3168724279835391,0.8855961405926946,0.6877900039771974
31,0,3,0,0,2,2,1,0,0.049973154215374155,0.09184525441851794,0.9324256177508825,0.17421124828532236,0.8692855501952677,0.6754606920323478
47,0,1,0,0,1,3,1,0,0.007827194129798567,0.008726645041125674,0.9274836106908724,0.013717421124828532,0.8636572478750287,0.662601087100623
21,0,5,0,1,5,2,1,1,0.31176076575752115,0.31193087893964055,0.9631870902672718,0.4993141289437586,0.912474155754652,0.7189447169561183
35,0,1,0,0,2,3,1,1,0.01643868184133569,0.01654766082002938,0.9284921835602622,0.027434842249657063,0.9917298414886285,0.8108179769322551
58,0,3,0,0,2,2,1,0,0.24396183376696468,0.24734125331988474,0.9552193645990923,0.401920438957476,0.8952446588559614,0.6994564496884529
37,0,1,0,0,1,3,1,1,0.04394345224306186,0.04399900576199254,0.9317196167423096,0.07133058984910837,0.9107512060647829,0.7168235450086172
25,0,6,0,0,6,1,1,0,0.022473160944076576,0.023293549208835373,0.9291981845688351,0.03566529492455418,0.9565816678152997,0.77343232135755
52,0,2,0,0,2,0,0,1,0.5621370740270786,0.6627615136503714,0.9926374180534544,0.8998628257887518,0.9788651504709396,0.7996818242078748
36,0,1,0,0,1,3,0,1,0.3597795571810644,0.3599741849413635,0.9688350983358548,0.5775034293552812,0.9514128187456926,0.7637544743470768
30,0,4,0,0,5,10,1,1,0.22316127430440835,0.22405879138088758,0.9527987897125567,0.35665294924554186,0.8986905582356995,0.7030359273498608
25,0,8,0,0,3,1,0,1,0.4916844709125941,0.4918762749304738,0.9843671205244579,0.7873799725651578,0.9494601424305077,0.7622961686331698
37,0,3,0,0,1,0,1,0,0.31682975799881574,0.31767037902437967,0.9637922339889057,0.5075445816186557,0.9050080404318861,0.7103274559193955
30,0,10,0,0,9,15,1,1,0.05513326947471955,0.1349863876441955,0.9330307614725164,0.08916323731138547,0.9118998391913623,0.7186795704626806
52,0,3,0,0,1,0,0,0,0.29788029188485415,0.2981409976649276,0.9615733736762481,0.4773662551440329,0.9024810475534114,0.7072782712448628
46,0,1,0,0,1,0,1,0,0.38705767707653044,0.3862718080562308,0.9719616742309631,0.6186556927297668,0.9144268320698369,0.7209333156569004
43,0,2,0,0,1,0,0,1,0.19146332552774056,0.19173405486424208,0.9490670700958144,0.30727023319615915,0.8882379967838272,0.6908391886517301
47,0,1,0,0,1,0,1,0,0.10154655773935303,0.10128418700293998,0.9384770549672213,0.16323731138545952,0.8761773489547439,0.6769189977462549
49,0,4,0,0,1,6,1,1,0.4917614810359691,0.4918701352057785,0.9843671205244579,0.7873799725651578,0.9284401562141052,0.7372398250033143
53,0,4,0,0,2,2,1,0,0.08615947028714754,0.12020643105562562,0.9366616238023198,0.13854595336076816,0.874109809326901,0.6798356091740687
27,0,4,0,0,3,0,1,0,0.08667978023730143,0.09626698876973816,0.9367624810892587,0.13854595336076816,0.8929473926028026,0.6962746917672014
30,0,1,0,0,1,0,1,0,0.3140646436721033,0.31418545936550873,0.9634896621280887,0.5034293552812071,0.9046634504939123,0.7097971629325203
53,0,1,0,0,1,0,0,0,0.2009308730257503,0.20089172248774215,0.9501765002521432,0.3223593964334705,0.8895014932230646,0.692297494365637
57,0,1,0,0,1,2,0,0,0.2816721934887593,0.28157489780115297,0.9596570852244075,0.4513031550068587,0.9002986446129106,0.7047593795572054
37,0,1,0,0,1,2,1,0,0.3409547533147947,0.34104492689897736,0.9544125063035804,0.5445816186556928,0.9082242131863083,0.7139069335808034
25,0,6,0,0,7,2,1,0,0.04463411009573419,0.04407153995293216,0.9318204740292486,0.07133058984910837,0.86859637031932,0.6680365902160944
27,0,2,0,0,2,0,1,1,0.5768330765650557,0.5768297678571086,0.994351991931417,0.9231824417009602,0.939811624167241,0.7503645764284768
46,0,2,0,0,2,0,1,1,0.016626439951008692,0.04821862593974671,0.9284921835602622,0.027434842249657063,0.864805881001608,0.6686994564496884
30,0,1,0,0,1,0,1,0,0.3888900691016386,0.3888634871853961,0.9722642460917801,0.6227709190672154,0.9146565586951527,0.7213310353970569
59,0,1,0,0,1,2,1,1,0.19762388710613862,0.20263205626364234,0.9497730711043872,0.3168724279835391,0.8890420399724328,0.6925626408590746
31,0,2,0,0,2,0,0,0,0.2171301521041308,0.2173204932018991,0.9519919314170449,0.34705075445816186,0.8916838961635654,0.6948163860532944
26,0,2,0,0,3,1,1,1,0.05768426705525693,0.057525484899411686,0.9333333333333333,0.12482853223593965,0.8703193200091891,0.6701577621635953
46,0,1,0,0,1,0,0,0,0.035346752779358816,0.03456300395230372,0.9307110438729198,0.056241426611796985,0.8673328738800827,0.6665782845021875
28,0,5,0,0,2,1,0,1,0.5586990100047711,0.5581660082010628,0.9922339889056985,0.8930041152263375,0.9960946473696302,0.8151928940739759
42,0,4,0,0,3,1,1,1,0.35095355545678847,0.35133807600242006,0.967826525466465,0.5624142661179699,0.9390075809786355,0.7494365637014451
37,1,7,6,0,3,13,1,0,0.3124475303978691,0.312728486799577,0.9632879475542108,0.5006858710562414,0.9044337238685963,0.7095320164390826
45,0,1,0,0,1,2,1,0,0.04670458397247316,0.046555108266345506,0.9320221886031266,0.07544581618655692,0.8688260969446359,0.6684343099562509
57,0,1,0,0,1,0,1,0,0.3150277568658314,0.31589029599523344,0.9635905194150277,0.5075445816186557,0.9047783138065701,0.7100623094259578
21,0,2,0,0,5,0,1,0,0.010602468548877905,0.010719681142836036,0.9277861825516893,0.01783264746227709,0.8640018378130025,0.6628662335940607
49,0,7,0,0,3,14,0,1,0.3973051780190702,0.5013648816629164,0.9732728189611699,0.6364883401920439,0.9158051918217321,0.7386981307172212
41,0,6,0,0,2,0,1,0,0.18455208905055784,0.18653247612841756,0.9482602118003026,0.3004115226337449,0.906845853434413,0.7143046533209598
51,0,1,0,0,1,0,0,0,0.02512734851453739,0.02516586719602618,0.929500756429652,0.04252400548696845,0.8659545141281875,0.6651199787882806
40,0,1,0,0,1,1,0,0,0.07075535996268714,0.07053924735062186,0.9348461926374181,0.21262002743484226,0.8720422696990581,0.6721463608643776
58,0,1,0,0,1,2,1,1,0.09894913956084625,0.09893533497895837,0.9381744831064044,0.15912208504801098,0.8772111187686653,0.6781121569667241
26,0,2,0,0,2,1,0,0,0.29724474483623237,0.29701705052215527,0.9614725163893091,0.5171467764060357,0.9023661842407535,0.707145697998144
33,0,2,0,0,2,2,1,0,0.06533569059394241,0.0645684048237214,0.9342410489157842,0.13580246913580246,0.8713530898231105,0.6712183481373459
21,0,5,1,0,7,1,1,1,0.12119472635390208,0.12552189274320208,0.9291981845688351,0.03566529492455418,0.8788192051458764,0.6806310486543815
44,0,8,0,0,5,14,1,1,0.2403846370623822,0.24132074657979333,0.9548159354513364,0.38545953360768176,0.8947852056053297,0.6985284369614212
54,0,3,0,0,1,4,1,1,0.2429298842094099,0.2447926814163717,0.9551185073121533,0.3895747599451303,0.8951297955433035,0.6990587299482964
26,0,5,0,0,6,2,1,1,0.1984689227454683,0.21646607798628634,0.9498739283913262,0.31824417009602196,0.9392373076039513,0.7516903088956649
43,0,3,0,0,1,2,0,0,0.11600983159264533,0.11699003990612421,0.940191628845184,0.18655692729766804,0.8981162416724099,0.7040965133236113
23,0,5,2,0,5,3,1,1,0.09719642927675408,0.10416903301889299,0.9380736258194654,0.15637860082304528,0.8756030323914542,0.6773167174864112
22,0,8,1,0,10,1,1,1,0.2766949499603533,0.2757908201359802,0.9590519415027736,0.44170096021947874,0.9109809326900988,0.7271642582526846
30,0,4,0,0,4,6,1,0,0.014923894502248881,0.12878843491254505,0.9282904689863842,0.024691358024691357,0.8645761543762922,0.6811613416412567
22,0,6,0,0,6,1,1,1,0.08068162123014763,0.08523405251465489,0.9360564800806859,0.13031550068587106,0.8742246726395589,0.6747978257987538
22,0,5,0,0,7,0,1,0,0.2824769065718725,0.3118269606219815,0.9597579425113465,0.45267489711934156,0.9639329198254077,0.7821821556409917
31,0,2,0,0,2,0,0,0,0.3160652880186063,0.3158952435403763,0.9636913767019667,0.5061728395061729,0.9048931771192281,0.7100623094259578
42,0,3,0,0,2,1,1,1,0.2576626934945147,0.25754268407642233,0.956833081190116,0.41289437585733885,0.9135079255685734,0.7200053029298688
41,0,5,0,0,6,5,1,0,0.3442283589113907,0.3442250062462757,0.8656580937972769,0.551440329218107,0.9086836664369401,0.7144372265676786
33,0,5,0,0,2,8,1,1,0.3074162188901423,0.3073073582643312,0.9626828038325769,0.4924554183813443,0.968986905582357,0.7839056078483362
21,0,9,0,0,6,2,1,1,0.4968700013003528,0.49700923379822276,0.9849722642460917,0.7956104252400549,0.9348725017229497,0.7470502452605065
22,0,7,0,0,6,0,1,1,0.0380949236871291,0.03864313912241617,0.9310136157337368,0.06172839506172839,0.868481507006662,0.6770515709929736
32,0,4,0,0,2,4,1,1,0.27304283871351936,0.27321637793617803,0.9586485123550177,0.4375857338820302,0.8991500114863312,0.7034336470900172
62,0,1,0,0,1,2,1,0,0.009429866764441913,0.01137647272796383,0.9275844679778114,0.0205761316872428,0.866758557316793,0.6660479915153122
55,0,1,0,0,1,2,1,0,0.07845906378115673,0.07929766397682149,0.9357539082198689,0.1262002743484225,0.9794394670342292,0.7966326395333422
27,0,9,0,0,8,2,1,1,0.08939542494516803,0.0895069432487463,0.9370650529500757,0.1440329218106996,0.8767516655180335,0.6774492907331301
25,0,10,0,0,9,4,1,1,0.11934239154729576,0.1469437895984301,0.94059505799294,0.1906721536351166,0.8785894785205606,0.6839453798223518
27,0,7,2,0,4,17,1,1,0.06709482666470258,0.06725201093121354,0.9344427634896622,0.10699588477366255,0.8715828164484264,0.6716160678775023
26,0,3,0,1,3,2,1,1,0.22674414198918777,0.24236351622987046,0.9532022188603126,0.3635116598079561,0.8929473926028026,0.69866101020814
24,0,4,0,0,4,1,0,0,0.3210744022570859,0.3231269351619937,0.9642965204236006,0.5171467764060357,0.9055823569951758,0.7111228953997083
37,0,7,0,0,4,3,0,0,0.3194079385439749,0.34281406174589985,0.9640948058497226,0.5116598079561042,0.9053526303698599,0.714172080074241
28,0,9,1,0,7,18,1,1,0.5338682805700271,0.5334632431522026,0.989309127584468,0.8532235939643347,0.9510682288077188,0.7632241813602015
51,0,5,0,0,2,8,1,1,0.0352163599614854,0.03544186878357221,0.9307110438729198,0.05761316872427984,0.8872042269699059,0.7003844624154846
41,0,1,0,0,1,2,1,0,0.107244730832586,0.10667962406882953,0.9390821986888552,0.17146776406035666,0.8769813921433495,0.6777144372265677
22,0,9,0,0,9,0,1,0,0.011550535271505527,0.011355063170166971,0.9278870398386283,0.019204389574759947,0.8641167011256604,0.6629988068407795
20,0,5,0,0,6,0,1,1,0.5631638094609847,0.5631080097089911,0.9927382753403934,0.9012345679012346,0.9414197105444521,0.7522206018825401
21,0,7,0,0,7,0,1,0,0.2577417991990133,0.2575561259008767,0.956833081190116,0.41289437585733885,0.9903514817367333,0.8096248177117857
28,0,4,0,0,3,1,1,1,0.6052329977831234,0.6303619579319774,0.9976802824004034,0.9684499314128944,0.9485412359292442,0.7632241813602015
25,0,4,0,0,4,1,1,1,0.5398081605722848,0.541751533706706,0.9900151285930409,0.8628257887517147,0.9609464736963014,0.7747580538247382
41,0,6,0,0,2,14,1,1,0.35452255853849446,0.3591956420194373,0.9682299546142209,0.5679012345679012,0.9147714220078107,0.7237173538379955
35,0,4,0,0,3,1,1,0,0.013243099397852145,0.013091909820876116,0.9280887544125063,0.02194787379972565,0.9808178267861245,0.7975606522603739
42,0,1,0,0,1,0,1,0,0.1209747002675918,0.12115672731174768,0.9407967725668179,0.19478737997256515,0.8788192051458764,0.6799681824207875
31,0,7,0,0,6,0,1,0,0.33161111325800585,0.3307363291355002,0.9654059505799294,0.5294924554183813,0.906960716747071,0.7123160546201777
56,0,2,0,0,1,6,1,0,0.31869718893484306,0.3188551670636476,0.9639939485627836,0.5102880658436214,0.9115552492533885,0.7186795704626806
21,0,9,2,0,8,2,1,1,0.21136190118905954,0.2517826884382099,0.9227433182047403,0.18518518518518517,0.8908798529749598,0.7001193159220469
46,0,1,0,0,1,0,0,0,0.1247670863380714,0.12556324150401438,0.9412002017145739,0.20027434842249658,0.8810016080863772,0.6827522206018826
23,0,4,0,1,4,4,1,1,0.10669111008106512,0.10668115403258857,0.9390821986888552,0.17146776406035666,0.9387778543533195,0.7490388439612886
22,0,4,0,0,6,2,1,1,0.16991369016431848,0.16938228776255804,0.9465456379223399,0.32098765432098764,0.9703652653342523,0.7866896460294313
21,0,9,0,0,9,1,1,1,0.5852708892666033,0.6267720668635094,0.9953605648008068,0.9368998628257887,0.9634734665747761,0.7779398117459897
21,0,8,0,0,9,1,1,0,0.10158931355327222,0.10150619070527346,0.9384770549672213,0.16323731138545952,0.8761773489547439,0.6769189977462549
29,0,5,0,0,2,0,1,0,0.03456475341202568,0.03534301722901131,0.9306101865859808,0.056241426611796985,0.8672180105674248,0.6667108577489063
23,0,5,0,0,4,0,1,1,0.02935526785047534,0.029439214932279384,0.9300050428643469,0.04801097393689986,0.9154606018837583,0.7225241946175261
22,0,3,0,0,5,0,1,1,0.007750035031462171,0.00808142753248667,0.9274836106908724,0.013717421124828532,0.8716976797610843,0.678907596447037
28,0,2,0,0,3,0,1,1,0.10840700368636555,0.1083665183962892,0.9392839132627332,0.17421124828532236,0.9805881001608087,0.7986212382341243
33,0,6,0,0,2,7,1,1,0.011305233100079264,0.011184730516604484,0.9278870398386283,0.019204389574759947,0.8905352630369859,0.6933580803393875
26,0,3,0,0,3,0,1,1,0.09883137981969878,0.0989897480407001,0.9381744831064044,0.15912208504801098,0.9054674936825178,0.710725175659552
32,0,5,0,0,7,2,1,1,0.3742152210081789,0.3983499181901554,0.9704488149268785,0.6817558299039781,0.9570411210659315,0.7744929073313005
67,0,1,0,0,1,0,1,0,0.1005436185726131,0.10063047521498947,0.9383761976802824,0.16186556927297668,0.8760624856420859,0.676786424499536
25,0,2,0,1,2,0,0,0,0.110968290470903,0.1109408314433065,0.9395864851235501,0.17832647462277093,0.8774408453939812,0.6783773034601618
32,0,9,0,1,4,8,1,0,0.22157863383624002,0.22167176974156697,0.9525970751386788,0.355281207133059,0.9155754651964163,0.722656767864245
32,0,7,0,0,5,2,1,1,0.2034438621278048,0.20357749438808798,0.9504790721129601,0.32510288065843623,0.9247645302090512,0.7331300543550312
28,0,7,0,0,6,7,1,1,0.5081415660591577,0.5090740809346258,0.9862834089762985,0.813443072702332,0.930622559154606,0.7398912899376906
28,0,10,0,0,7,18,1,1,0.05773255480607577,0.06726548256015671,0.9333333333333333,0.09327846364883402,0.8834137376521939,0.6875248574837598
31,0,3,0,0,3,3,1,1,0.0754958922091071,0.07494250291877842,0.935350479072113,0.12071330589849108,0.8754881690787962,0.676123558265942
26,0,5,0,0,6,5,1,0,0.27755173475830464,0.28169897388807874,0.9591527987897126,0.4444444444444444,0.899724328049621,0.7047593795572054
22,0,3,0,0,5,1,1,0,0.20688086346205437,0.20704735284527906,0.950882501260716,0.33607681755829905,0.8903055364116701,0.6932255070926687
30,0,2,0,0,2,2,1,1,0.07641581259569592,0.07644415241343984,0.935451336359052,0.12345679012345678,0.8762922122674018,0.6770515709929736
22,0,7,0,0,7,1,1,1,0.07293492323782062,0.07321045479076807,0.935148764498235,0.11796982167352538,0.9223524006432345,1.0
46,0,1,0,0,1,0,1,1,0.23117580941398802,0.2309161485578517,0.9537065052950076,0.37037037037037035,0.9534803583735355,0.7661407927880154
29,0,5,0,0,3,1,0,1,0.44283991127806105,0.4441083624053768,0.978618255168936,0.710562414266118,0.9229267172065242,0.7337929205886252
30,0,8,0,0,3,8,1,1,0.35708179940022877,0.35800204178631057,0.9685325264750378,0.5720164609053497,0.954399264874799,0.7836404613548986
21,0,9,0,0,9,1,1,1,0.41455596210160406,0.4149160279887596,0.9752899646999496,0.663923182441701,0.9254537100849989,0.7337929205886252
24,0,5,0,0,4,3,1,0,0.1821011629174188,0.21210096222897995,0.9479576399394857,0.2908093278463649,0.9308522857799219,0.7475805382473817
35,0,2,0,0,1,0,1,0,0.33901437430600634,0.3393764914849221,0.9664145234493192,0.5432098765432098,0.9079944865609925,0.7136417870873658
35,0,4,0,0,3,0,1,0,0.32792066578777396,0.32817874634153626,0.9651033787191124,0.5253772290809328,0.9065012634964392,0.7119183348800212
32,0,10,0,0,4,2,0,1,0.6019080752781604,0.6294488974172116,0.9972768532526475,0.9629629629629629,0.9495750057431657,0.7617658756462946
23,0,8,0,0,8,1,1,0,0.032131624820940785,0.034606568180117744,0.9302067574382249,0.05075445816186557,0.8668734206294509,0.6665782845021875
29,0,8,0,0,9,29,1,1,0.5519813913190761,0.5556306396860936,0.9914271306101866,0.8834019204389575,0.9370549046634505,0.7560652260373857
32,0,9,0,0,10,8,1,1,0.26697701527890183,0.26698638537905434,0.9579425113464448,0.43209876543209874,0.923501033769814,0.7319368951345618
46,0,7,0,0,3,18,1,0,0.005248576591419314,0.060251383576528525,0.9385779122541603,0.1646090534979424,0.8633126579370549,0.6705554819037518
30,1,9,0,0,6,5,1,1,0.10297202962325394,0.10395646740468344,0.9386787695410993,0.16598079561042525,0.9267172065242362,0.7355163727959698
29,0,3,1,0,4,2,1,1,0.021438897308788177,0.02240124255311252,0.9290973272818961,0.03566529492455418,0.8828394210889042,0.6848733925493835
45,0,4,0,0,3,8,1,1,0.3535753360073147,0.41384514277090284,0.9681290973272819,0.5651577503429356,0.9770273374684126,0.79464404083256
49,0,1,0,0,1,0,1,0,0.09904606267072717,0.09871646074795021,0.9381744831064044,0.16186556927297668,0.87583275901677,0.6765212780060984
24,0,8,0,0,5,0,0,0,0.24064768711754217,0.2714447295773657,0.9548159354513364,0.38545953360768176,0.9075350333103607,0.724115073578152
43,0,6,0,0,1,0,0,0,0.26200808455334146,0.28694769339037474,0.9573373676248109,0.41975308641975306,0.8976567884217781,0.7055548190375183
20,0,10,0,1,10,1,1,1,0.455829574471595,0.5487068582383964,0.9801311144730207,0.7297668038408779,0.9432575235469791,0.7698528436961422
20,0,4,0,0,6,0,1,1,0.330748280076622,0.32962329043563326,0.9653050932929904,0.5281207133058985,0.9484263726165862,0.7601749966856688
31,0,5,0,0,5,2,1,0,0.066193140813388,0.07922317262444986,0.9343419062027232,0.1056241426611797,0.8714679531357684,0.6734720933315657
33,0,2,0,0,2,3,1,0,0.041499915268007795,0.0414879279054054,0.8362077660110943,0.13580246913580246,0.8681369170686882,0.667638870475938
35,0,8,0,0,3,10,1,1,0.11882653098265543,0.1185092839840145,0.940393343419062,0.18930041152263374,0.8784746152079026,0.679570462680631
31,0,7,0,0,9,3,1,0,0.32104449801650264,0.3204156506192245,0.9642965204236006,0.5130315500685871,0.9055823569951758,0.710725175659552
40,0,2,0,0,1,1,1,0,0.035508410475796136,0.0363685698193845,0.9307110438729198,0.05761316872427984,0.8673328738800827,0.666843430995625
44,0,2,0,0,1,0,1,1,0.27921077951833834,0.27989450085225437,0.9593545133635906,0.44718792866941015,0.8999540546749368,0.7044942330637677
19,0,4,0,0,6,0,1,1,0.5595836133938462,0.559694740041225,0.9923348461926375,0.8957475994513031,0.9804732368481507,0.7974280790136551
39,1,4,0,0,4,1,1,0,0.34786672473512026,0.35049904983786406,0.7988905698436712,0.5569272976680384,0.9091431196875718,0.7153652392947103
22,0,9,1,0,8,2,0,0,0.24570971726230778,0.2475035089569791,0.9554210791729703,0.3936899862825789,0.8954743854812773,0.6994564496884529
24,0,9,0,0,6,7,1,1,0.23014556810265718,0.4008659237222262,0.9536056480080686,0.36899862825788754,0.92706179646221,0.7446639268195678
36,0,4,0,0,2,9,1,0,0.044876849897824526,0.09360713683982945,0.9318204740292486,0.07270233196159122,0.86859637031932,0.6757258385257855
25,0,3,0,0,3,0,0,0,0.3255900617651183,0.32536907718119756,0.9648008068582955,0.5212620027434842,0.9061566735584654,0.7115206151398648
36,0,1,0,0,1,0,1,0,0.2764833955835141,0.2971137859580105,0.9590519415027736,0.4430727023319616,0.899609464736963,0.707145697998144
21,0,9,0,0,8,1,1,1,0.368516521536749,0.3685149095812778,0.9698436712052446,0.5898491083676269,0.9131633356305996,0.7194750099429935
43,0,4,0,0,1,13,1,1,0.04291859389366928,0.08614297020547582,0.9315179021684317,0.06858710562414266,0.886859637031932,0.7196075831897123
21,0,3,0,0,4,1,0,1,0.6033452863890189,0.6043765467722488,0.9974785678265254,0.9794238683127572,0.974500344589938,0.7941137478456848
54,0,2,0,0,1,0,1,0,0.28082676058286593,0.2818490295544192,0.9595562279374685,0.4499314128943759,0.9001837813002527,0.7047593795572054
24,0,4,0,0,5,0,1,0,0.09708207609639041,0.09810731660560372,0.9379727685325264,0.15637860082304528,0.9244199402710774,0.7372398250033143
24,0,6,0,0,5,0,1,0,0.061862259915800744,0.06294875935785195,0.9338376197680283,0.10013717421124829,0.8708936365724788,0.6709532016439083
26,0,7,0,0,7,4,1,1,0.09695990669638578,0.1677560853091499,0.9379727685325264,0.15637860082304528,0.9243050769584195,0.7343232135755005
21,0,8,0,0,8,2,1,1,0.3607362843147809,0.39088466865937493,0.9689359556227938,0.5775034293552812,0.9186767746381805,0.7292854302001855
22,0,6,0,0,5,2,1,1,0.21488682754552202,0.21483083483793844,0.9517902168431669,0.3443072702331962,0.9096025729382036,0.715630385788148
21,0,7,0,0,6,0,0,1,0.5501688129638329,0.549586925184047,0.9912254160363086,0.879286694101509,0.9380886744773719,0.7520880286358212
22,0,8,0,1,7,1,0,0,0.19086923324504182,0.20544369252024264,0.9489662128088754,0.3058984910836763,0.8881231334711693,0.692960360599231
22,0,8,0,0,9,0,1,1,0.09387124854852454,0.09376930306345736,0.9375693393847705,0.15089163237311384,0.9911555249253389,0.8162534800477264
31,0,6,0,0,3,0,1,0,0.2791486768227665,0.28010906336721436,0.9593545133635906,0.44718792866941015,0.9099471628761774,0.7218613283839321
30,0,10,1,0,7,19,1,1,0.3312687985917218,0.33847923728405643,0.9654059505799294,0.5294924554183813,0.906960716747071,0.7135092138406469
26,0,4,0,0,3,0,1,1,0.22496679124648156,0.22520493293299546,0.9530005042864347,0.3607681755829904,0.9036296806799908,0.7084714304653321
31,0,4,0,0,2,1,1,1,0.6058795888422164,0.6054388979714757,0.9977811396873424,0.9684499314128944,0.9572708476912474,0.7738300410977065
44,0,1,0,0,1,0,1,0,0.17763093084094647,0.17773924785928513,0.9474533535047908,0.28669410150891633,0.8864001837813003,0.688718016704229
26,0,1,0,0,2,0,1,0,0.2387169219595956,0.2386571790236127,0.9546142208774584,0.38271604938271603,0.8945554789800138,0.6981307172212647
21,0,9,0,0,9,1,1,1,0.09096354532043277,0.09281575811805476,0.9372667675239537,0.1467764060356653,0.8783597518952446,0.6794378894339123
21,0,5,0,0,6,0,0,1,0.16571038149200232,0.16569902916547063,0.946041351487645,0.2674897119341564,0.9656558695152768,0.7801935569402094
34,0,2,0,0,2,3,1,1,0.4412519772329313,0.4424580977946675,0.978416540595058,0.7064471879286695,0.9216632207672869,0.7295505766936232
32,0,5,0,0,4,2,1,0,0.27631961251096093,0.27665463370039844,0.9590519415027736,0.4430727023319616,0.9078796232483345,0.7135092138406469
27,0,1,0,0,2,0,1,0,0.21364751477337518,0.21383575236996105,0.9515885022692889,0.34156378600823045,0.9473926028026648,0.7675990985019223
27,2,7,1,0,8,5,1,1,0.3621214336424653,0.5358310110917505,0.9445284921835603,0.47462277091906724,0.9700206753962785,0.7935834548588095
24,0,8,0,4,8,8,1,1,0.5692372306186331,0.7530288488873572,0.9934442763489663,0.9108367626886146,0.9387778543533195,0.7775420920058332
42,0,1,0,0,1,0,0,0,0.15392292637356478,0.1545453151868902,0.9446293494704993,0.2496570644718793,0.883184011026878,0.6851385390428212
30,0,5,0,0,2,0,0,0,0.061834044058113304,0.06197492749039776,0.9338376197680283,0.09876543209876543,0.8708936365724788,0.6708206283971895
23,0,4,0,0,5,0,1,0,0.0789942612957856,0.07841651413474404,0.9357539082198689,0.1262002743484225,0.8731909028256375,0.6733395200848469
30,0,7,0,0,6,11,1,1,0.5483883635419298,0.5485817886685102,0.9910237014624307,0.8765432098765432,0.9586492074431426,0.7721065888903619
20,0,3,0,0,6,0,1,0,0.1831805957610009,0.18574273665352756,0.9479576399394857,0.29766803840877915,0.8870893636572479,0.6899111759246984
38,0,10,0,0,8,17,1,0,0.19573410992590273,0.34968771204341476,0.9495713565305093,0.31412894375857336,0.888812313347117,0.7152326660479915
47,0,5,0,0,1,2,1,1,0.6127228629420126,0.6138201089872665,0.9985879979828542,0.9794238683127572,0.961750516884907,0.7756860665517699
24,0,2,0,0,3,0,1,0,0.0757926205372055,0.07559741682111104,0.935451336359052,0.12208504801097393,0.8727314495750057,0.6729418003446904
52,0,1,0,0,1,0,1,0,0.273222740876895,0.27320854929045,0.9586485123550177,0.4375857338820302,0.8991500114863312,0.7034336470900172
38,0,1,0,0,1,2,1,0,0.28845202411833115,0.29480471299176375,0.9604639435199193,0.4609053497942387,0.9012175511141741,0.7067479782579875
26,0,4,0,0,7,2,1,0,0.008110514711371789,0.008643391169043222,0.9273827534039334,0.012345679012345678,0.9602572938203537,0.7774095187591145
28,0,9,0,0,7,3,1,0,0.34878673450668596,0.41388160359554993,0.9359556227937469,0.19478737997256515,0.9092579830002298,0.7251756595519024
29,0,10,0,0,5,11,0,1,0.6146664896049592,0.6439433270029593,0.9987897125567322,0.9862825788751715,0.9518722719963244,0.7644173405806708
36,0,6,0,0,3,4,0,1,0.1794899397258231,0.18055812660666684,0.9476550680786687,0.3004115226337449,0.9077647599356765,0.7133766405939281
41,0,1,0,0,1,4,1,1,0.2990245884266259,0.29787774455007787,0.961674230963187,0.4773662551440329,0.9025959108660694,0.7072782712448628
46,0,7,0,0,3,7,0,1,0.4696927175904202,0.47224585635394795,0.9817448310640444,0.7517146776406035,0.9465885596140593,0.7884130982367759
34,0,9,0,0,2,5,0,1,0.5512614747839866,0.5728171497889857,0.9913262733232476,0.8820301783264746,0.9363657247875029,0.7497017101948826
25,0,5,0,0,6,1,0,0,0.23452362440468488,0.23462222745853975,0.9541099344427635,0.37585733882030176,0.8939811624167241,0.6974678509876707
27,0,5,0,0,4,6,1,1,0.5855362236045046,0.5934688390443255,0.9953605648008068,0.9368998628257887,0.976108430967149,0.8008749834283442
35,0,6,0,0,3,9,1,0,0.19312893511773954,0.19337241754908568,0.9492687846696923,0.3100137174211248,0.9771422007810705,0.7939811745989659
20,0,10,0,0,9,1,1,1,0.34690200261180915,0.37705921075984966,0.9673222390317701,0.5555555555555556,0.9223524006432345,0.7446639268195678
50,0,3,0,0,2,8,1,0,0.2208765247748688,0.3683143253715708,0.9524962178517398,0.35390946502057613,0.8921433494141972,0.7181492774758054
44,0,1,0,0,1,1,1,0,0.2326380383866961,0.23300434045751023,0.9539082198688855,0.401920438957476,0.9848380427291523,0.8023332891422511
47,0,10,0,0,2,4,1,1,0.10822318844733736,0.16259599442175213,0.9392839132627332,0.17421124828532236,0.8954743854812773,0.7246453665650272
25,0,3,0,0,4,0,1,0,0.06360523716908205,0.06444536195907448,0.9340393343419062,0.102880658436214,0.8711233631977946,0.6712183481373459
26,0,4,0,0,4,0,1,0,0.20435390050862137,0.2036389711136782,0.9504790721129601,0.32647462277091904,0.8899609464736963,0.6926952141057935
23,0,3,0,0,4,0,1,1,0.4113485113195297,0.41147201995819843,0.9748865355521936,0.6584362139917695,0.954514128187457,0.7927880153784966
39,0,2,0,0,1,2,1,0,0.14018484276899523,0.14010479198657438,0.9430156328794755,0.3374485596707819,0.881346198024351,0.6828847938486013
26,0,3,0,0,3,3,0,0,0.32286767345733275,0.3227757389354884,0.9644982349974786,0.5171467764060357,0.9058120836204916,0.7111228953997083
48,0,3,0,0,3,4,1,0,0.0019418588267381572,0.0018978803037621838,0.9267776096822995,0.00411522633744856,0.8628532046864231,0.6615405011268726
27,0,6,0,0,4,7,1,0,0.20115117719865516,0.20437171447112942,0.9501765002521432,0.3223593964334705,0.8895014932230646,0.6928277873525123
24,0,9,0,0,8,4,0,1,0.539964028108556,0.5442780204840092,0.9900151285930409,0.8641975308641975,0.9377440845393982,0.7524857483759777
45,0,1,0,0,1,0,0,0,0.38816078700730966,0.38824779599034054,0.9721633888048411,0.6213991769547325,0.9145416953824949,0.7211984621503381
26,0,8,0,3,7,10,1,1,0.5502040207130416,0.5502708090495051,0.9912254160363086,0.879286694101509,0.947048012864691,0.7597772769455124
29,0,9,0,0,4,8,1,0,0.03280520021137362,0.036351303085532555,0.9239536056480081,0.053497942386831275,0.9530209051229037,0.7654779265544214
35,0,8,0,0,6,6,1,1,0.43955362294641864,0.44817822496167864,0.97821482602118,0.7037037037037037,0.9214334941419711,0.7304785894206549
59,0,1,0,0,1,0,1,0,0.10215472319007117,0.10152816654835775,0.9385779122541603,0.16323731138545952,0.8762922122674018,0.6769189977462549
52,0,9,0,0,6,3,1,0,0.17795874527765512,0.1777120860351475,0.9474533535047908,0.28669410150891633,0.8864001837813003,0.688718016704229
30,0,6,1,0,2,4,0,0,0.03726395128415473,0.03803027935379775,0.9309127584467978,0.06035665294924554,0.899724328049621,0.7080737107251757
29,0,2,0,0,2,6,1,0,0.8539542935482688,0.8577511028927551,0.9500756429652042,0.401920438957476,0.9769124741557547,0.7937160281055283
37,0,3,0,0,1,5,1,0,0.28670594818585293,0.29535831150179365,0.9602622289460413,0.45953360768175583,0.9009878244888583,0.7068805515047063
21,0,9,0,0,9,0,1,1,0.31169103554392613,0.31251055637738123,0.9631870902672718,0.4993141289437586,0.9043188605559385,0.7095320164390826
43,0,1,0,0,1,0,0,0,0.03436401461738348,0.034438331775601724,0.9306101865859808,0.056241426611796985,0.8672180105674248,0.6665782845021875
47,0,7,0,0,5,23,1,1,0.018021133607886243,0.36345599499856834,0.9286938981341402,0.03017832647462277,0.865035607626924,0.7173538379954925
49,0,1,0,0,1,0,1,0,0.046520520441842655,0.04636534308607738,0.9320221886031266,0.07544581618655692,0.8688260969446359,0.6684343099562509
24,0,4,0,0,6,1,1,1,0.33844603482830005,0.33844877709649024,0.9663136661623802,0.541838134430727,0.9323455088444751,0.741747315391754
21,0,6,0,1,6,2,1,1,0.33932765871814735,0.34510659322085574,0.9664145234493192,0.5432098765432098,0.9145416953824949,0.7229219143576826
29,0,3,0,0,2,7,1,0,0.033538584082972854,0.03463152447208327,0.9305093292990418,0.053497942386831275,0.9280955662761314,0.7368421052631579
33,0,1,0,0,1,0,1,0,0.10762700058351506,0.10730428641501763,0.9391830559757942,0.1728395061728395,0.8769813921433495,0.6778470104732864
29,0,7,1,0,5,6,1,0,0.20694873645446404,0.20626193502126686,0.950882501260716,0.4060356652949246,0.9311968757178957,0.7413495956515975
24,0,3,0,0,5,0,1,1,0.10900050006921873,0.11677258635574941,0.9329299041855774,0.0877914951989026,0.8772111187686653,0.6793053161871935
31,0,5,0,0,2,1,1,0,0.20792908108539304,0.2077578421844171,0.950983358547655,0.33607681755829905,0.8904203997243281,0.6933580803393875
26,0,6,0,0,4,1,0,1,0.21835999006873316,0.24151042234659503,0.9521936459909228,0.3497942386831276,0.9130484723179416,0.7349860798090945
24,0,10,1,9,9,2,1,1,0.10478848132749324,0.3116616450573691,0.9388804841149773,0.16872427983539096,0.8766368022053757,0.7093994431923638
37,0,1,0,0,1,0,1,0,0.09880074063597272,0.09807884338395835,0.9381744831064044,0.16186556927297668,0.87583275901677,0.6763887047593795
23,0,3,0,0,3,0,0,0,0.06979978490200542,0.06971752765923622,0.9347453353504791,0.11248285322359397,0.8719274063864002,0.6720137876176587
30,0,8,0,0,2,13,1,1,0.619690511271242,0.6475057780720607,0.9993948562783661,0.9931412894375857,0.9530209051229037,0.7661407927880154
46,0,3,0,0,4,14,1,1,0.3719222778557629,0.3720061775962658,0.9702471003530005,0.5953360768175583,0.9193659545141282,0.7266339652658094
33,0,1,0,0,1,0,1,1,0.5603322622331559,0.5599018812384707,0.9923348461926375,0.8957475994513031,0.9647369630140133,0.7792655442131777
33,0,8,0,0,4,14,1,1,0.32807092193383286,0.3281515149735914,0.9651033787191124,0.5253772290809328,0.9065012634964392,0.7119183348800212
62,0,2,0,0,2,5,1,0,0.1974290675832957,0.21750063153228086,0.8884518406454867,0.2345679012345679,0.8890420399724328,0.6948163860532944
33,0,9,0,0,9,16,1,1,0.23809835805657237,0.26565559508392445,0.9544125063035804,0.37997256515775035,0.8944406156673559,0.702240487869548
32,0,9,0,0,7,0,1,0,0.19513582648095687,0.1951301670812819,0.9494704992435703,0.31275720164609055,0.888697450034459,0.6913694816386053
23,0,7,0,0,7,6,1,1,0.2626046994787197,0.2662291725362882,0.9574382249117499,0.42112482853223593,0.9563519411899839,0.7693225507092669
34,0,5,0,0,6,4,1,0,0.07659885316492489,0.07649374708282357,0.935552193645991,0.12345679012345678,0.8728463128876637,0.6730743735914092
47,0,6,0,0,3,1,1,1,0.08687387474866558,0.15642040499154053,0.9367624810892587,0.13854595336076816,0.8742246726395589,0.6854036855362587
56,0,6,0,0,7,31,1,1,0.22829551757879218,0.22771910052158947,0.9533030761472516,0.3950617283950617,0.906960716747071,0.716293252021742
31,0,2,0,0,1,0,1,0,0.22595353186908623,0.22600380251629165,0.9531013615733737,0.36213991769547327,0.8928325292901448,0.6961421185204826
27,0,2,0,0,3,0,1,0,0.3244350787527828,0.338478720672917,0.9646999495713565,0.5185185185185185,0.9060418102458075,0.7135092138406469
26,0,6,0,0,5,1,1,1,0.05269958471044546,0.07754557729749964,0.9327281896116995,0.0850480109739369,0.8864001837813003,0.688718016704229
24,0,3,0,0,4,0,1,0,0.37702986454372184,0.37783786296490146,0.9708522440746344,0.6035665294924554,0.9130484723179416,0.7196075831897123
30,0,3,0,0,2,0,1,0,0.2196908131938304,0.22008763135670262,0.9523953605648008,0.35253772290809327,0.8920284861015392,0.6952141057934509
36,0,2,0,0,2,3,1,1,0.25834253576499006,0.2596419334414302,0.956933938477055,0.41426611796982166,0.8971973351711463,0.7013124751425163
23,0,3,0,0,4,0,1,0,0.017505511403184137,0.017196385323518637,0.9285930408472012,0.02880658436213992,0.9735814380886745,0.7893411109638075
23,0,8,0,0,6,0,1,0,0.23371105537527434,0.23541507653509586,0.9540090771558245,0.37448559670781895,0.8938662991040661,0.6976004242343895
27,0,5,0,0,3,0,0,0,0.2909561343126868,0.2904251420573834,0.9607665153807362,0.46502057613168724,0.9015621410521479,0.7060851120243935
41,0,1,0,0,1,0,0,0,0.3655914081015027,0.36495617413844833,0.9694402420574887,0.5843621399176955,0.9115552492533885,0.7176189844889301
32,0,9,0,0,9,7,1,1,0.049035515740043896,0.08000119893523662,0.9323247604639435,0.07818930041152264,0.886859637031932,0.69866101020814
38,0,1,0,0,1,1,0,0,0.08959172428596078,0.08955679622369973,0.9370650529500757,0.1440329218106996,0.8745692625775328,0.6750629722921915
26,0,2,0,0,3,2,1,0,0.07759686622627483,0.07767509767104844,0.9356530509329299,0.12482853223593965,0.8829542844015621,0.6847408193026647
30,0,2,0,0,2,0,0,0,0.23454864226653446,0.23458694887861556,0.9541099344427635,0.37585733882030176,0.8939811624167241,0.6974678509876707
23,0,9,0,2,9,2,1,1,0.10305331036218882,0.10234474993283807,0.9386787695410993,0.1646090534979424,0.9099471628761774,0.7170886915020549
25,0,2,0,0,3,1,1,1,0.09876058691804583,0.09894147470365372,0.9381744831064044,0.15912208504801098,0.983459682977257,1.0
24,0,2,0,0,4,0,1,0,0.32377695703167825,0.32472895624014547,0.9645990922844175,0.5185185185185185,0.9059269469331496,0.711388041893146
23,0,7,0,0,5,0,1,0,0.2001365285999499,0.20034366761263134,0.9500756429652042,0.32098765432098764,0.8893866299104066,0.6921649211189183
47,0,2,0,0,1,6,1,0,0.2394659084754845,0.24306917724182087,0.9547150781643974,0.38271604938271603,0.8946703422926717,0.6987935834548588
26,0,3,0,0,4,0,1,1,0.2182377412154158,0.21827485280332926,0.9521936459909228,0.3497942386831276,0.9028256374913852,0.7080737107251757
32,0,3,0,0,1,1,0,1,0.5083884175701824,0.5084338308407889,0.9862834089762985,0.813443072702332,0.961635653572249,0.7755534933050511
21,0,8,0,0,9,0,1,1,0.32041584354276126,0.32745271892889743,0.9641956631366616,0.5130315500685871,0.9130484723179416,0.7253082327986212
30,0,2,0,0,2,2,1,1,0.08608747565413938,0.09039584225791496,0.9366616238023198,0.13854595336076816,0.874109809326901,0.6751955455389103
43,0,10,0,0,4,22,0,1,0.47663964846835216,0.49885138964273545,0.9825516893595563,0.7626886145404664,0.9297036526533425,0.7648150603208272
42,0,2,0,0,1,1,1,0,0.32130792547489817,0.32041336560841555,0.9641956631366616,0.5171467764060357,0.9055823569951758,0.710725175659552
28,0,4,0,0,2,1,1,0,0.11856623199844915,0.12143514097657328,0.940494200706001,0.1906721536351166,0.8784746152079026,0.6799681824207875
29,0,9,1,0,5,8,1,1,0.5967131793311622,0.5968198471349625,0.9966717095310136,0.9547325102880658,0.9668045026418562,0.7815192894073976
21,0,4,0,0,6,1,1,1,0.2430549834503219,0.24296926266049232,0.9551185073121533,0.3895747599451303,0.8951297955433035,0.6987935834548588
29,0,8,1,1,4,8,1,1,0.5683885301952533,0.5701066500977553,0.9933434190620273,0.9094650205761317,0.9399264874798989,0.7547394935701975
33,0,6,0,0,5,8,1,0,0.025252735773708068,0.02606179012972493,0.929500756429652,0.0411522633744856,0.8659545141281875,0.6652525520349993
31,0,8,0,0,5,0,1,1,0.6248139488950929,0.6507628920881093,1.0,1.0,0.9924190213645762,0.816518626541164
33,0,6,0,0,3,0,1,1,0.09274228649611199,0.09206856951835916,0.9374684820978316,0.14814814814814814,0.9128187456926258,0.7227893411109638
53,0,1,0,0,1,1,1,1,0.08871035861937991,0.09218132983436582,0.9369641956631367,0.14266117969821673,0.8844475074661153,0.6921649211189183
51,0,3,0,0,2,1,1,0,0.05431364896380317,0.05615176620556241,0.9329299041855774,0.0877914951989026,0.8698598667585573,0.6698926156701578
23,0,3,0,0,5,0,1,0,0.012936816808896539,0.013907191742678297,0.9280887544125063,0.0205761316872428,0.8643464277509764,0.663396526580936
27,0,3,0,0,4,1,1,0,0.12627459376737823,0.1523209167733593,0.9414019162884518,0.2030178326474623,0.879508385021824,0.6847408193026647
37,0,6,0,0,3,0,1,0,0.21464365075021158,0.2146243692091058,0.9516893595562279,0.3429355281207133,0.8913393062255915,0.694418666313138
33,0,7,0,0,7,0,1,0,0.04135413830245475,0.04121275299503073,0.9314170448814927,0.06721536351165981,0.8681369170686882,0.667638870475938
44,0,5,0,0,3,8,1,1,0.08523701732621507,0.08869664861140539,0.9365607665153808,0.13717421124828533,0.8739949460142431,0.6749303990454726
21,0,3,0,1,5,0,1,0,0.31184734007341747,0.3118300702236476,0.9631870902672718,0.4993141289437586,0.9043188605559385,0.7093994431923638
48,0,1,0,0,1,1,1,0,0.07729855876358568,0.0766719481214325,0.9356530509329299,0.16598079561042525,0.8729611762003217,0.6730743735914092
43,0,7,0,0,6,2,1,0,0.009848377157645334,0.00881763814546973,0.9275844679778114,0.015089163237311385,0.8638869745003446,0.662601087100623
48,0,7,0,0,7,13,1,1,0.14272066476679893,0.2054438713471755,0.9433182047402925,0.35939643347050754,0.8816907879623248,0.692960360599231
28,0,4,1,0,3,9,1,0,0.24400768826008082,0.24400087549692404,0.9552193645990923,0.39094650205761317,0.906960716747071,0.7129789208537717
51,0,2,0,0,2,4,1,0,0.21223737737883341,0.218195006577801,0.95148764498235,0.37448559670781895,0.983574546289915,0.8014052764152194
51,0,8,0,0,8,12,1,1,0.45942974311522394,0.5888717350809335,0.9628845184064548,0.7050754458161865,0.9240753503331036,0.7522206018825401
46,0,1,0,0,1,0,0,0,0.21406877623753226,0.2131691749776732,0.9515885022692889,0.34156378600823045,0.8912244429129336,0.6941535198197004
31,0,2,0,0,2,2,0,1,0.2036994832982234,0.2036781342119776,0.9504790721129601,0.32647462277091904,0.8907649896623019,0.693755800079544
24,0,3,0,0,4,1,0,0,0.2642906491167806,0.27568972330992875,0.9259707513867877,0.039780521262002745,0.8980013783597519,0.7038313668301737
52,0,1,0,0,1,0,1,0,0.18388829634925635,0.18393588919342785,0.9481593545133636,0.29492455418381347,0.8872042269699059,0.6896460294312607
28,0,10,0,0,10,6,1,1,0.12368868638755492,0.19238475639882258,0.9410993444276349,0.19753086419753085,0.8791637950838502,0.6909717618984489
21,0,3,0,0,6,1,1,0,0.20354174860910274,0.204646641010764,0.9504790721129601,0.3388203017832647,0.8898460831610384,0.6928277873525123
31,0,8,3,0,7,25,1,1,0.10665214816282935,0.20702498954384022,0.9390821986888552,0.17146776406035666,0.905122903744544,0.7200053029298688
25,4,8,0,0,7,5,1,0,0.08858031340974974,0.09634976576999961,0.9369641956631367,0.14266117969821673,0.8744543992648748,0.676123558265942
26,0,3,0,0,4,1,1,0,0.29291904826730153,0.2990000623807951,0.9110438729198185,0.03155006858710562,0.9017918676774638,0.7074108444915816
39,0,1,0,0,1,0,1,1,0.24628246639887127,0.24744976152882087,0.9554210791729703,0.39780521262002744,0.8955892487939352,0.6994564496884529
21,0,4,0,1,5,0,1,1,0.45315532493966687,0.45324737241888036,0.9798285426122038,0.7256515775034293,0.923271307144498,0.7312740289009678
59,0,1,0,0,1,3,1,0,0.11254468392235699,0.11354647894289518,0.9396873424104891,0.18381344307270234,0.877670572019297,0.6787750232003181
61,0,1,0,0,1,1,1,0,0.2971928916180042,0.3659864259032243,0.9614725163893091,0.5857338820301783,0.9023661842407535,0.7177515577356489
43,0,6,0,0,1,9,1,0,0.042320230995410664,0.042267315287847926,0.9315179021684317,0.06995884773662552,0.8682517803813462,0.6677714437226567
32,0,2,0,0,3,4,1,1,0.4042171395077317,0.40439860010700407,0.9740796772566818,0.6460905349794238,0.927176659774868,0.7390958504573777
67,0,1,0,0,1,0,1,0,0.19431000861164663,0.19427465903441266,0.9493696419566313,0.3113854595336077,0.888582586721801,0.6912369083918866
36,1,9,0,0,4,10,1,1,0.6926360117313214,0.7642551268613661,0.98910741301059,0.9807956104252401,0.9553181713760625,0.7792655442131777
46,0,1,0,0,1,0,1,0,0.3116375932594431,0.3115951313731696,0.9631870902672718,0.4993141289437586,0.9973581438088674,0.8166511997878828
49,0,6,0,0,4,4,1,1,0.019768530451688804,0.03359193396747947,0.9287947554210791,0.03155006858710562,0.8846772340914312,0.6869945644968846
44,0,2,0,0,1,2,1,0,0.07393094003468792,0.07411004367659074,0.935249621785174,0.11934156378600823,0.8725017229496899,0.6726766538512529
30,1,5,0,2,3,8,1,1,0.6087411197639411,0.6551953262508132,0.9980837115481593,0.9739368998628258,0.9611762003216173,0.7752883468116134
22,0,9,1,0,7,2,1,1,0.05066549051927815,0.05094969072825768,0.9325264750378215,0.08093278463648834,0.8818056512749828,0.702240487869548
61,0,4,0,0,2,13,1,1,0.15028136255399735,0.20633825438228562,0.9096318709026727,0.1522633744855967,0.8827245577762463,0.6930929338459498
29,0,1,0,0,2,0,1,0,0.06715633346042883,0.06732003470951288,0.9344427634896622,0.1083676268861454,0.8950149322306455,0.6987935834548588
37,0,1,0,0,1,0,0,1,0.10134479598330928,0.10129040620627215,0.9384770549672213,0.16323731138545952,0.877785435331955,0.6787750232003181
34,0,1,0,0,1,0,1,0,0.18744503382580782,0.2527221954693819,0.9484619263741806,0.299039780521262,0.8876636802205375,0.7002518891687658
41,0,3,0,0,1,4,1,1,0.29704637970930836,0.29702302135474734,0.9614725163893091,0.4787379972565158,0.9187916379508385,0.7383004109770648
31,0,9,0,0,5,8,1,1,0.2911301072725991,0.291215795536597,0.9607665153807362,0.4663923182441701,0.9836894096025729,0.8012727031685006
21,0,7,3,1,7,3,0,1,0.11524386193115786,0.11529468110384183,0.940090771558245,0.18518518518518517,0.9025959108660694,0.7115206151398648
35,0,2,0,0,1,7,0,1,0.211150307085564,0.21212109019375788,0.951386787695411,0.3388203017832647,0.8986905582356995,0.702903354103142
34,0,5,0,0,4,1,1,0,0.2046116967134763,0.20453649355494322,0.9505799293998991,0.3278463648834019,0.8899609464736963,0.6928277873525123
52,0,7,0,0,1,17,1,1,0.2584177283938361,0.282687131779822,0.956933938477055,0.41289437585733885,0.8971973351711463,0.7048919528039241
23,0,10,3,1,6,6,1,1,0.09545500136307124,0.21134979969744272,0.9377710539586485,0.15363511659807957,0.9904663450493912,0.8089619514781917
67,0,1,0,0,1,0,1,0,0.1976525995470307,0.19745311900448556,0.9497730711043872,0.3168724279835391,0.8890420399724328,0.6917672013787618
55,0,4,0,0,3,5,1,0,0.003583145771374026,0.2610517056319128,0.9269793242561775,0.006858710562414266,0.8630829313117391,0.7015776216359538
21,0,4,0,0,6,0,1,1,0.07393522058191189,0.07424085557798807,0.935249621785174,0.11934156378600823,0.8854812772800368,0.6875248574837598
27,0,1,0,0,2,0,1,1,0.5628968066035158,0.5622476335956158,0.9926374180534544,0.8998628257887518,0.937973811164714,0.7481108312342569
32,0,5,0,0,5,1,1,1,0.26547175240567994,0.28172632447397883,0.9577407967725668,0.4252400548696845,0.9458993797381117,0.7621635953864511
32,0,2,0,0,3,0,1,0,0.03529071833054765,0.034561642880647954,0.9307110438729198,0.056241426611796985,0.8673328738800827,0.6665782845021875
24,0,6,0,0,5,0,0,0,0.2499345478507129,0.25005108737753173,0.9559253656076652,0.40054869684499317,0.896048702044567,0.6998541694286093
34,0,9,0,0,8,0,1,1,0.2746148523011085,0.2758734580486272,0.9588502269288957,0.4403292181069959,0.9167240983229956,0.7242476468248707
49,0,5,0,0,6,1,1,0,0.24123447962713276,0.24491453210146613,0.9549167927382753,0.3868312757201646,0.8949000689179876,0.6990587299482964
33,0,2,0,0,5,1,1,0,0.10570380335360714,0.12217262324774567,0.9389813414019162,0.1700960219478738,0.8767516655180335,0.6801007556675063
69,0,5,0,0,4,22,1,0,0.34338123762260153,0.3436328109232339,0.9669188098840141,0.5500685871056241,0.9085688031242821,0.7143046533209598
37,0,8,1,0,9,13,1,1,0.24736121395763097,0.24744250910320986,0.9556227937468482,0.39643347050754457,0.9146565586951527,0.7213310353970569
42,0,2,0,0,1,0,1,0,0.30496721949983724,0.3057711355626475,0.9623802319717599,0.4883401920438957,0.903399954054675,0.7084714304653321
33,0,2,0,0,2,0,0,0,0.27557023866017244,0.27554637365357104,0.9589510842158346,0.44170096021947874,0.899494601424305,0.7038313668301737
43,0,1,0,0,1,0,0,0,0.07585267730997422,0.07558984648095271,0.935451336359052,0.12345679012345678,0.8727314495750057,0.6729418003446904
21,0,7,0,0,7,0,1,1,0.11330852820772862,0.11266531916598814,0.9398890569843671,0.18106995884773663,0.9807029634734665,0.8023332891422511
43,0,3,0,0,3,8,1,1,0.2884661668079992,0.2886961737265503,0.9604639435199193,0.46227709190672156,0.9462439696760855,0.7577886782447302
42,0,2,0,0,2,1,1,0,0.04288901739800114,0.04315801250117492,0.9278870398386283,0.07133058984910837,0.8683666436940042,0.6679040169693756
24,1,6,0,0,5,4,1,1,0.06894977349896528,0.06890451087858378,0.9346444780635401,0.1111111111111111,0.8769813921433495,0.6778470104732864
23,0,6,0,0,4,1,0,0,0.38529118164267756,0.38547679318682104,0.9718608169440242,0.6159122085048011,0.914197105444521,0.7208007424101817
35,0,4,0,0,1,1,1,1,0.45136420891052814,0.45430758762974227,0.9795259707513868,0.7421124828532236,0.9230415805191822,0.7314066021476866
35,0,5,0,0,6,4,1,0,0.013182794333481107,0.03779403904064159,0.9280887544125063,0.02194787379972565,0.8643464277509764,0.6671085774890627
31,0,8,2,0,4,10,0,0,0.34504099746244987,0.34536512729164354,0.9671205244578921,0.5555555555555556,0.9657707328279348,0.7809889964205223
26,0,4,0,0,4,1,1,1,0.4017643859483996,0.40858879331947084,0.9737771053958648,0.6419753086419753,0.9181024580748909,0.7257059525387777
33,0,3,0,0,2,0,1,1,0.23182597587215428,0.2318100447863112,0.9538073625819465,0.3731138545953361,0.9622099701355387,0.7766140792788016
30,0,8,0,0,6,1,1,1,0.41474022426551643,0.4432003686537091,0.9752899646999496,0.663923182441701,0.9223524006432345,0.7307437359140926
46,0,5,0,0,7,5,1,1,0.08155522033540799,0.08250194456903549,0.9361573373676249,0.13031550068587106,0.9135079255685734,0.7200053029298688
28,0,5,0,0,2,5,1,1,0.07036134105313638,0.06972275337960798,0.9348461926374181,0.11248285322359397,0.8789340684585344,0.6808961951478192
49,0,5,0,0,1,12,1,0,0.032915382092818336,0.05067196256667475,0.9304084720121029,0.0850480109739369,0.8757178957041121,0.6766538512528172
43,0,1,0,0,1,0,0,0,0.1136320521655492,0.11369040481936994,0.9398890569843671,0.18244170096021947,0.877785435331955,0.6787750232003181
41,0,5,0,0,2,3,0,0,0.1983965507092246,0.19857390687144377,0.9498739283913262,0.31824417009602196,0.8891569032850908,0.6918997746254806
25,0,5,0,0,3,2,1,0,0.0012151490334092341,0.02347569437479715,0.9266767523953605,0.0027434842249657062,0.8627383413737653,0.6648548322948429
22,0,6,0,0,5,0,1,0,0.2980610978296622,0.2978683859405908,0.9615733736762481,0.4787379972565158,0.9101768895014932,0.7170886915020549
19,0,4,0,0,7,1,1,1,0.5744327224654768,0.5771702940766191,0.9940494200706002,0.9190672153635117,0.9565816678152997,0.7707808564231738
32,0,7,0,0,3,7,1,0,0.08084588102257724,0.08100748789100745,0.9360564800806859,0.13031550068587106,0.8734206294509533,0.6737372398250033
57,0,7,0,0,2,20,1,1,0.41540918143214617,0.44321263816827017,0.9753908219868885,0.663923182441701,0.9373994946014244,0.7502320031817579
32,0,1,0,0,1,1,1,1,0.3278955585409476,0.3273512147748322,0.9651033787191124,0.52400548696845,0.9206294509533655,0.7314066021476866
29,0,6,0,0,4,1,1,0,0.3784765305987966,0.3779409169523849,0.9709531013615734,0.6049382716049383,0.9132781989432576,0.7196075831897123
28,0,2,0,0,2,0,1,1,0.3107702908292176,0.31098609651394876,0.9630862329803328,0.49794238683127573,0.9473926028026648,0.7589818374651995
28,0,2,0,0,2,0,0,0,0.22774489618982732,0.22775867094790267,0.9533030761472516,0.36488340192043894,0.8930622559154606,0.6964072650139201
40,0,2,0,0,1,3,0,0,0.25254910808144376,0.25264277644152666,0.9562279374684821,0.4046639231824417,0.8963932919825408,0.7002518891687658
21,0,5,0,0,7,0,1,1,0.2600049970174716,0.26096886902267374,0.957135653050933,0.4170096021947874,0.9245348035837354,0.7368421052631579
24,0,2,0,2,4,1,1,1,0.018407425682772857,0.01718982833597992,0.9285930408472012,0.02880658436213992,0.9094877096255456,0.7153652392947103
30,0,9,0,0,5,13,1,1,0.18629072616663062,0.18652160742483068,0.9484619263741806,0.299039780521262,0.8900758097863543,0.6930929338459498
22,0,5,0,0,6,0,0,0,0.015818767231995857,0.021607509276721653,0.9283913262733232,0.02606310013717421,0.8646910176889502,0.6645896858014053
28,0,1,0,0,2,0,1,0,0.18710937337446593,0.18650735094434878,0.9484619263741806,0.299039780521262,0.8876636802205375,0.6900437491714172
24,0,5,0,0,4,2,0,1,0.20258381974403103,0.20444878887919812,0.9502773575390822,0.32373113854595337,0.8897312198483804,0.6928277873525123
25,0,1,0,0,2,0,1,1,0.3449747532629514,0.34534677766136473,0.9671205244578921,0.5528120713305898,0.908798529749598,0.7145697998143975
27,0,2,0,0,2,0,1,1,0.4636472937938491,0.463799353637999,0.9810388300554715,0.7421124828532236,0.9589937973811165,0.779132970966459
30,0,5,0,0,3,2,1,1,0.18559193428106635,0.18567693827705953,0.9483610690872416,0.29766803840877915,0.9442912933609006,0.7555349330505104
34,0,4,0,0,3,0,1,0,0.23533921265997962,0.2586571235872635,0.9542107917297025,0.3772290809327846,0.8940960257293821,0.7011799018957974
75,0,4,0,0,1,1,1,1,0.1391067705633938,0.16433443064519793,0.9428139183055976,0.27023319615912206,0.9625545600735125,0.7793981174598966
25,0,6,0,0,7,0,1,1,0.17085502321869125,0.19922113121566282,0.9505799293998991,0.3292181069958848,0.8854812772800368,0.6920323478721994
59,0,1,0,0,1,1,1,0,0.0990072397957887,0.09870964545484179,0.1713565305093293,0.15912208504801098,0.87583275901677,0.6765212780060984
29,0,9,0,1,8,17,1,1,0.06008678625760804,0.060388384876769216,0.9336359051941503,0.09739368998628258,0.8957041121065932,0.6994564496884529
38,0,8,0,0,6,0,1,0,0.021700278844380565,0.025164595537836853,0.9290973272818961,0.03566529492455418,0.8654950608775557,0.6651199787882806
61,0,6,0,0,5,4,1,0,0.24810098388924184,0.3494630756112362,0.9557236510337872,0.39780521262002744,0.895818975419251,0.7152326660479915
50,0,1,0,0,1,13,1,1,0.033620232293479164,0.24132618093158678,0.9305093292990418,0.053497942386831275,0.8671031472547668,0.6985284369614212
24,0,7,0,0,6,3,1,0,0.22667307100094022,0.3059234464353081,0.9532022188603126,0.36213991769547327,0.8929473926028026,0.7084714304653321
26,0,8,1,0,6,4,1,0,0.774288125381618,0.8388495630249645,0.794553706505295,0.34705075445816186,0.9662301860785665,0.7907994166777145
27,0,4,0,0,4,0,1,1,0.25003425182653977,0.25002523695090184,0.9559253656076652,0.40054869684499317,0.8984608316103836,0.7040965133236113
41,0,1,0,0,1,0,1,0,0.021607785256685,0.021710573199034706,0.9290973272818961,0.03566529492455418,0.8654950608775557,0.6645896858014053
38,0,2,0,0,1,0,0,0,0.24372996913705589,0.2647416304996646,0.9552193645990923,0.39094650205761317,0.8952446588559614,0.7021079146228291
25,0,5,0,0,5,3,1,1,0.3213371543623231,0.34363340701301015,0.8260211800302572,0.35665294924554186,0.9055823569951758,0.7143046533209598
37,0,8,0,0,5,3,1,0,0.08253562455632153,0.28943520583114096,0.9362581946545638,0.13305898491083676,0.9176430048242591,0.7268991117592469
34,0,1,0,0,1,4,1,1,0.3049709240105438,0.3314989067862526,0.9623802319717599,0.4883401920438957,0.9223524006432345,0.7302134429272172
26,0,6,0,0,5,1,0,0,0.21376879032361146,0.21391082987727933,0.9516893595562279,0.3429355281207133,0.8912244429129336,0.6942860930664192
27,0,2,0,0,2,2,1,0,0.433722355622679,0.46015422491693214,0.9333333333333333,0.5500685871056241,0.9206294509533655,0.7323346148747183
36,0,4,0,1,1,3,0,0,0.27213968297591906,0.29301259888396697,0.9585476550680787,0.4348422496570645,0.9027107741787274,0.7076759909850192
22,0,5,0,0,6,0,1,1,0.4591780151571297,0.46439658591965016,0.9805345436207766,0.7352537722908093,0.9240753503331036,0.7329974811083123
35,0,5,0,0,6,4,1,0,0.1098605623163207,0.1102583881281409,0.9234493192133132,0.1755829903978052,0.9322306455318171,0.7428079013655045
56,0,3,0,0,1,4,1,1,0.28351940355669375,0.28368170757148964,0.9598587997982855,0.5212620027434842,0.9252239834596829,0.738167837730346
30,0,7,1,0,7,14,1,0,0.18379009205470745,0.18813569932095142,0.9481593545133636,0.29492455418381347,0.8966230186078566,0.7072782712448628
29,0,5,0,0,2,6,1,1,0.13513025144063506,0.13499373941810253,0.9423096318709027,0.2194787379972565,0.8876636802205375,0.6930929338459498
27,0,7,0,0,8,1,1,1,0.4487665325087549,0.4646792020173983,0.9792233988905699,0.7764060356652949,0.9670342292671721,0.7998143974545937
41,0,5,0,0,9,19,1,1,0.5903563482069637,0.6312596393305161,0.9661119515885023,0.9039780521262003,0.941649437169768,0.7587166909717619
27,0,5,0,0,3,0,1,0,0.10134112126759498,0.10222192563444243,0.9384770549672213,0.16323731138545952,0.8761773489547439,0.6770515709929736
30,0,10,0,0,6,11,1,1,0.3819958554967108,0.3811399122152495,0.9714573877962683,0.9039780521262003,0.9137376521938892,0.7201378761765875
37,0,1,0,0,1,2,1,0,0.09023278340815402,0.09028577428073101,0.9371659102370147,0.1467764060356653,0.8746841258901906,0.6751955455389103
35,0,7,0,1,4,8,1,1,0.5587060018962924,0.5668067169661128,0.9922339889056985,0.8943758573388203,0.9391224442912933,0.7503645764284768
21,0,9,2,7,9,2,1,1,0.24884386243171372,0.24832472197205493,0.9557236510337872,0.401920438957476,0.9506087755570871,0.7628264616200451
21,0,6,0,0,8,1,1,1,0.578589759514785,0.5788250989044575,0.994553706505295,0.9259259259259259,0.9400413507925569,0.7506297229219143
43,0,8,0,0,3,3,1,1,0.6437559960559773,0.6612069512532385,0.967927382753404,0.9012345679012346,0.9487709625545601,0.7633567546069203
26,0,5,0,0,4,6,1,1,0.17350539703014045,0.17273369324637933,0.9575390821986889,0.42112482853223593,0.9266023432115782,0.7351186530558134
30,0,10,0,0,8,5,0,1,0.024135354041627637,0.029481745937814583,0.929399899142713,0.038408779149519894,0.8928325292901448,0.6999867426753281
21,0,3,0,0,6,0,1,0,0.2574874790765908,0.2568851473790742,0.956833081190116,0.411522633744856,0.8970824718584884,0.7009147554023598
32,0,1,0,0,2,0,0,1,0.2689547770713352,0.2689668737909747,0.9581442259203228,0.43072702331961593,0.8985756949230416,0.7027707808564232
27,0,2,0,0,2,1,1,0,0.3366083591578946,0.3367641280405211,0.9661119515885023,0.5390946502057613,0.9076498966230186,0.7132440673472094
40,0,5,0,0,1,2,0,0,0.022565992208351295,0.10831585076530824,0.9291981845688351,0.037037037037037035,0.8656099241902137,0.6779795837200053
55,0,1,0,0,1,8,1,1,0.3749870602831452,0.3762572315748874,0.9706505295007565,0.6008230452674898,0.9316563289685275,0.7408193026647223
29,0,6,0,0,3,3,1,1,0.5804437529092947,0.5805687310437863,0.9947554210791729,0.9286694101508917,0.972432804962095,0.7880153784966194
24,0,3,0,1,3,1,1,1,0.5323380693566042,0.5321974266426835,0.98910741301059,0.8518518518518519,0.9722030783367792,0.7877502320031817
27,0,4,0,0,4,1,1,0,0.3101015521591979,0.3144368900331296,0.9629853756933938,0.49657064471879286,0.9040891339306225,0.7097971629325203
22,0,2,0,0,4,0,1,1,0.3613465552782867,0.3614550905118115,0.9690368129097328,0.5775034293552812,0.9109809326900988,0.7170886915020549
51,0,8,0,0,4,15,1,1,0.6248159252962474,0.6535307753551332,1.0,1.0,0.9510682288077188,0.7656104998011402
34,0,2,0,0,1,2,1,0,0.3393432315674447,0.360680998393548,0.9663136661623802,0.541838134430727,0.9950608775557087,0.8170489195280393
30,0,10,1,1,8,18,1,1,0.06295782178186946,0.11520939059169054,0.9339384770549672,0.10150891632373114,0.9373994946014244,0.7530160413628529
27,0,7,0,0,3,21,1,1,0.6093833706858254,0.6387947009089247,0.9981845688350983,0.9739368998628258,0.9615207902595911,0.7941137478456848
56,0,1,0,0,1,4,1,0,0.0369919825946395,0.03792124459889263,0.9309127584467978,0.06035665294924554,0.8675626005053986,0.6671085774890627
20,0,4,0,0,7,0,1,1,0.27069448680713,0.27127664219529374,0.9583459404942007,0.4334705075445816,0.9445210199862164,0.755800079543948
53,0,2,0,0,1,3,0,0,0.12102206437365003,0.12219968572358728,0.9407967725668179,0.19478737997256515,0.8788192051458764,0.6801007556675063
24,0,4,0,0,4,1,1,0,0.23431897253439016,0.23456140643170337,0.9541099344427635,0.37585733882030176,0.8939811624167241,0.6974678509876707
21,0,5,0,2,5,1,1,1,0.4309595752370283,0.4311587292792612,0.9772062531517902,0.6899862825788752,0.921548357454629,0.7291528569534668
45,0,2,0,0,2,5,0,0,0.1553774980332574,0.1547437336037435,0.9447302067574382,0.2496570644718793,0.8834137376521939,0.6851385390428212
42,0,1,0,0,1,0,1,1,0.6138727907373248,0.6423426570616336,0.9985879979828542,0.9849108367626886,0.9495750057431657,0.7658756462945777
36,0,1,0,0,1,0,1,0,0.09962858456475789,0.09966114382534594,0.9381744831064044,0.15912208504801098,0.875947622329428,0.6766538512528172
58,0,9,0,0,9,16,1,0,0.024999786220930405,0.049247735199118174,0.929500756429652,0.10425240054869685,0.9248793935217091,0.7450616465597243
23,0,9,1,0,9,2,1,0,0.024179520151847992,0.08927910780143522,0.929399899142713,0.039780521262002745,0.8658396508155295,0.6750629722921915
55,0,1,0,0,1,0,1,0,0.3796362212199121,0.38386675470117876,0.9711548159354514,0.6159122085048011,0.9133930622559154,0.720535595916744
29,0,2,0,0,2,2,1,1,0.3941240461468416,0.39401216295357877,0.972869389813414,0.6310013717421125,0.9237307603951298,0.7318043218878431
21,0,2,0,0,5,0,1,1,0.3683796135472308,0.3685130120288234,0.9698436712052446,0.5898491083676269,0.9181024580748909,0.7253082327986212
29,0,7,0,1,5,10,1,1,0.18636362458107122,0.20539591592467646,0.9484619263741806,0.299039780521262,0.9309671490925798,0.7422776083786292
24,0,8,0,0,7,3,1,1,0.40443906254188366,0.4063634312274684,0.9740796772566818,0.6474622770919067,0.9167240983229956,0.7239825003314331
54,0,1,0,0,1,0,1,0,0.30668966800343883,0.3116944597995515,0.9625819465456379,0.49108367626886146,0.9036296806799908,0.7093994431923638
62,0,1,0,0,1,0,1,0,0.33215344170745326,0.3316037788475536,0.9656076651538074,0.5308641975308642,0.9070755800597289,0.7124486278668964
34,0,4,0,0,2,5,0,0,0.12098559530310153,0.12111238816722453,0.940695915279879,0.1934156378600823,0.8788192051458764,0.6799681824207875
32,0,6,3,0,5,10,1,1,0.19861439182943447,0.20112470417678815,0.9498739283913262,0.31824417009602196,0.8954743854812773,0.701445048389235
30,0,1,0,0,2,0,1,0,0.04226858634212849,0.0422517772143471,0.9315179021684317,0.06858710562414266,0.8682517803813462,0.6677714437226567
41,0,2,0,0,1,0,1,0,0.3191976852151319,0.3187611339014446,0.9639939485627836,0.5102880658436214,0.9053526303698599,0.7104600291661143
34,0,4,0,0,4,5,1,0,0.2886140095596835,0.2886859905262061,0.9604639435199193,0.46227709190672156,0.9012175511141741,0.7058199655309558
46,0,5,0,0,2,3,1,1,0.06299769741320176,0.11349702336112592,0.9339384770549672,0.10150891632373114,0.8710084998851367,0.6787750232003181
23,0,6,0,0,5,3,1,1,0.41299003662410383,0.4148974101180815,0.9750882501260716,0.6611796982167353,0.9259131633356306,0.7341906403287817
24,0,3,0,0,3,1,1,0,0.2920724434250452,0.2918660698735045,0.9608673726676752,0.5171467764060357,0.9125890190673099,0.7214636086437757
30,0,2,0,0,3,0,1,1,0.28146323127624834,0.28184072403687016,0.9595562279374685,0.4499314128943759,0.9002986446129106,0.7047593795572054
47,0,1,0,0,1,1,0,0,0.09720172285371549,0.09819232894252611,0.9379727685325264,0.23868312757201646,0.8756030323914542,0.6763887047593795
24,0,8,0,0,7,7,1,1,0.43079870214205435,0.4885796202926008,0.9772062531517902,0.6899862825788752,0.9464736963014013,0.7658756462945777
36,0,2,0,0,2,1,0,0,0.32290647646894305,0.32301160172511956,0.9644982349974786,0.5171467764060357,0.9058120836204916,0.7111228953997083
29,0,6,0,0,4,0,0,1,0.5725151266941172,0.866274272688759,0.9938477054967222,0.9163237311385459,0.9392373076039513,0.7950417605727165
26,0,6,0,0,4,1,0,0,0.031216739788046965,0.03800698217837611,0.9302067574382249,0.06721536351165981,0.866758557316793,0.6671085774890627
58,0,5,0,0,2,2,1,0,0.3563181835431313,0.3599089727198421,0.9684316691880989,0.5706447187928669,0.9102917528141512,0.7168235450086172
33,0,8,0,0,5,14,1,1,0.49448007544807127,0.4955610833609795,0.9846696923852748,0.7914951989026063,0.9472777394900069,0.7599098501922312
21,0,6,0,0,6,0,1,1,0.3287092498484006,0.3281875585353951,0.9652042360060514,0.5253772290809328,0.9066161268090972,0.7119183348800212
48,1,7,0,0,6,10,1,1,0.5372506478201026,0.5400948810005614,0.9897125567322239,0.8600823045267489,0.9345279117849759,0.7446639268195678
25,0,7,0,0,6,6,0,1,0.035570145699796524,0.04504184495587689,0.9261724659606656,0.023319615912208505,0.8673328738800827,0.6681691634628132
34,0,1,0,0,1,0,1,0,0.07734665781278677,0.07657351382971497,0.9356530509329299,0.12345679012345678,0.8729611762003217,0.6730743735914092
29,0,2,0,0,3,0,1,0,0.08865102685808995,0.08868540238429354,0.9369641956631367,0.14266117969821673,0.8744543992648748,0.6749303990454726
52,0,1,0,0,1,0,1,0,0.11533232326323177,0.11529491953975232,0.940090771558245,0.18518518518518517,0.8780151619572708,0.6790401696937558
24,1,10,0,0,9,6,1,1,0.02434441557077954,0.21134986924124993,0.929399899142713,0.039780521262002745,0.8909947162876177,0.7383004109770648
34,0,3,0,0,2,0,0,0,0.045536083965307464,0.045673223246877365,0.9319213313161876,0.07407407407407407,0.9719733517114634,0.7968977860267797
43,0,1,0,0,1,2,1,0,0.03870589979878548,0.03879800324628505,0.9311144730206757,0.09739368998628258,0.8677923271307144,0.6672411507357815
37,2,3,0,0,1,11,1,0,0.2517210357243844,0.25186355795118737,0.9561270801815431,0.40329218106995884,0.8962784286698828,0.7001193159220469
35,0,2,0,0,1,0,0,0,0.03787365614280724,0.03714956664422289,0.9310136157337368,0.06035665294924554,0.8676774638180565,0.6669760042423439
25,0,9,3,1,7,15,1,1,0.06106872988645595,0.06196352230601224,0.9337367624810893,0.09876543209876543,0.8707787732598208,0.6708206283971895
22,0,3,0,0,4,0,0,0,0.3316323173608438,0.330763411481001,0.9654059505799294,0.5294924554183813,0.906960716747071,0.7123160546201777
45,0,1,0,0,1,1,1,0,0.20182573582383317,0.20284881437594482,0.9502773575390822,0.32373113854595337,0.8896163565357225,0.6925626408590746
39,0,1,0,0,1,1,1,0,0.050878177105823895,0.050822922302509226,0.9325264750378215,0.1467764060356653,0.8694004135079255,0.6690971761898449
26,0,4,0,0,3,0,1,1,0.053233818853657335,0.05238385292541837,0.9328290468986384,0.0850480109739369,0.9468182862393751,0.7588492642184808
42,0,2,0,0,1,0,0,0,0.07296753882270113,0.07318618400204523,0.935148764498235,0.11796982167352538,0.8723868596370319,0.672544080604534
30,0,10,0,0,7,13,1,1,0.45498148981138886,0.8620045611001409,0.9800302571860817,0.7283950617283951,0.923501033769814,0.7943788943391223
25,0,9,0,0,7,5,1,1,0.5838627481365443,0.5845646884026631,0.9951588502269288,0.934156378600823,0.9477371927406386,0.7595121304520748
27,0,7,0,0,6,9,1,1,0.5365761289215809,0.5365074935091536,0.9896116994452849,0.8587105624142661,0.9396967608545831,0.7554023598037916
20,0,4,0,0,7,0,1,0,0.23439519805630182,0.23456355235489787,0.9541099344427635,0.37585733882030176,0.9855272226051,0.8032613018692828
24,0,6,0,0,5,2,0,0,0.015622448027874923,0.04129886809803916,0.9283913262733232,0.024691358024691357,0.9054674936825178,0.7105926024128331
32,0,5,0,0,4,8,1,1,0.02920507129440103,0.029280188114806375,0.8953101361573373,0.00411522633744856,0.8665288306914771,0.6657828450218746
44,0,1,0,0,1,1,0,0,0.19507421043692558,0.19504591972623903,0.9494704992435703,0.31550068587105623,0.8955892487939352,0.6993238764417341
22,0,3,0,0,5,0,1,0,0.23860539930349836,0.23888055373243153,0.9545133635905194,0.3868312757201646,0.9061566735584654,0.7115206151398648
35,0,1,0,0,1,1,1,1,0.017234287588475856,0.017353286087456364,0.9285930408472012,0.027434842249657063,0.8726165862623478,0.6729418003446904
48,0,2,0,0,1,2,1,0,0.22951650643068794,0.22945293691892857,0.9535047907211296,0.3676268861454047,0.8932919825407765,0.6966724115073578
24,0,4,0,0,4,2,0,0,0.08839988486817717,0.0886548726529201,0.9369641956631367,0.14266117969821673,0.936135998162187,0.74665252552035
44,0,1,0,0,1,0,0,0,0.3338470983168501,0.33393535420285364,0.9658093797276853,0.5363511659807956,0.9073053066850448,0.7128463476070529
29,0,6,0,0,5,1,1,1,0.25315914068501133,0.3377168185905777,0.9563287947554211,0.4060356652949246,0.8965081552951987,0.7133766405939281
29,0,1,0,0,2,2,1,0,0.22949943390011254,0.22959665416398164,0.9535047907211296,0.3676268861454047,0.8932919825407765,0.6966724115073578
56,0,2,0,0,1,6,1,1,0.39918516257851067,0.40014112822845826,0.9734745335350479,0.6392318244170097,0.9295887893406846,0.7393609969508154
25,0,7,0,0,4,6,1,1,0.20607851411499523,0.20539553840115152,0.9507816439737771,0.3292181069958848,0.8927176659774868,0.697202704494233
26,0,6,0,0,6,4,1,0,0.05529413263802945,0.054384340149331814,0.9329299041855774,0.0877914951989026,0.8699747300712153,0.6696274691767201
47,0,1,0,0,2,1,1,0,0.16681616304042243,0.16653863155014367,0.946142208774584,0.27023319615912206,0.9811624167240983,0.7980909452472491
29,0,10,0,1,8,16,1,1,0.2671318598537715,0.26698638537905434,0.9579425113464448,0.4279835390946502,0.9597978405697221,0.7821821556409917
23,0,5,0,0,6,3,1,0,0.1939424277919107,0.19854311883450063,0.9492687846696923,0.3100137174211248,0.888582586721801,0.6918997746254806
27,0,7,1,0,5,10,0,1,0.5760922340137229,0.5915634976835306,0.9881996974281392,1.0,0.9396967608545831,0.7526183216226965
23,0,5,0,0,5,1,1,0,0.14246649361933786,0.17635853504539456,0.9432173474533535,0.2825788751714678,0.9025959108660694,0.7233196340978391
44,0,1,0,0,1,0,0,0,0.34494496820233733,0.3453649087253923,0.9671205244578921,0.5528120713305898,0.908798529749598,0.7145697998143975
45,0,3,0,0,1,10,1,1,0.2360197898735978,0.23631705971485312,0.9543116490166415,0.3786008230452675,0.8942108890420399,0.6977329974811083
